CRASH_DATE,POSTED_SPEED_LIMIT,WEATHER_CONDITION,LIGHTING_CONDITION,FIRST_CRASH_TYPE,TRAFFICWAY_TYPE,ALIGNMENT,ROADWAY_SURFACE_COND,ROAD_DEFECT,INTERSECTION_RELATED_I,PRIM_CONTRIBUTORY_CAUSE,BEAT_OF_OCCURRENCE,NUM_UNITS,CRASH_MONTH,INJURIES_TOTAL,CRASH_DAY_OF_WEEK,LATITUDE,LONGITUDE
2026-01-20 18:12:00,25,CLEAR,DAYLIGHT,FIXED OBJECT,NOT DIVIDED,STRAIGHT AND LEVEL,WET,"RUT, HOLES",Y,WEATHER,BEAT_119,2,1,0,2,42.163452,-87.402668
2026-01-20 21:13:00,30,CLEAR,"DARKNESS, LIGHTED ROAD",ANGLE,DIVIDED - W/MEDIAN,STRAIGHT AND LEVEL,DRY,NO DEFECTS,Y,FOLLOWING TOO CLOSELY,BEAT_105,2,1,0,2,41.949458,-87.569568
2026-01-21 00:18:00,25,CLEAR,DAWN,REAR END,ONE-WAY,STRAIGHT AND LEVEL,DRY,NO DEFECTS,Y,FAILING TO YIELD RIGHT-OF-WAY,BEAT_107,2,1,0,3,41.984767,-87.54648
2026-01-21 02:07:00,25,CLEAR,"DARKNESS, LIGHTED ROAD",PEDESTRIAN,NOT DIVIDED,STRAIGHT AND LEVEL,DRY,"RUT, HOLES",Y,FOLLOWING TOO CLOSELY,BEAT_106,2,1,0,3,41.963473,-87.55798
2026-01-21 04:06:00,25,CLEAR,DAYLIGHT,PARKED MOTOR VEHICLE,DIVIDED - W/MEDIAN,STRAIGHT AND LEVEL,DRY,NO DEFECTS,Y,DRIVING SKILLS/KNOWLEDGE/EXPERIENCE,BEAT_105,2,1,0,3,41.962128,-87.569462
2026-01-21 05:31:00,20,CLEAR,DAYLIGHT,ANGLE,NOT DIVIDED,STRAIGHT AND LEVEL,DRY,NO DEFECTS,N,IMPROPER OVERTAKING/PASSING,BEAT_109,2,1,0,3,42.013314,-87.525681
2026-01-21 07:50:00,45,CLEAR,DAYLIGHT,REAR END,NOT DIVIDED,STRAIGHT AND LEVEL,WET,NO DEFECTS,N,FOLLOWING TOO CLOSELY,BEAT_120,2,1,1,3,42.185493,-87.38882
2026-01-21 10:34:00,30,RAIN,DAYLIGHT,SIDESWIPE SAME DIRECTION,NOT DIVIDED,STRAIGHT AND LEVEL,WET,NO DEFECTS,Y,FOLLOWING TOO CLOSELY,BEAT_113,2,1,1,3,42.067868,-87.473443
2026-01-21 10:52:00,30,CLEAR,DAYLIGHT,SIDESWIPE SAME DIRECTION,FOUR WAY INTERSECTION,STRAIGHT AND LEVEL,SNOW OR SLUSH,WORN SURFACE,Y,FAILING TO YIELD RIGHT-OF-WAY,BEAT_106,2,1,0,3,41.970344,-87.556999
2026-01-21 14:02:00,25,CLEAR,"DARKNESS, LIGHTED ROAD",REAR END,NOT DIVIDED,STRAIGHT AND LEVEL,SNOW OR SLUSH,NO DEFECTS,Y,DISREGARDING TRAFFIC SIGNALS,BEAT_102,2,1,0,3,41.908209,-87.610724
2026-01-21 15:42:00,45,CLEAR,"DARKNESS, LIGHTED ROAD",REAR END,NOT DIVIDED,STRAIGHT AND LEVEL,DRY,NO DEFECTS,N,FAILING TO YIELD RIGHT-OF-WAY,BEAT_119,2,1,0,3,42.165631,-87.406249
2026-01-21 17:41:00,30,CLEAR,DAYLIGHT,TURNING,DIVIDED - W/MEDIAN,STRAIGHT ON GRADE,SNOW OR SLUSH,"RUT, HOLES",Y,DISREGARDING TRAFFIC SIGNALS,BEAT_115,3,1,0,3,42.103367,-87.453216
2026-01-21 18:47:00,35,CLEAR,DAYLIGHT,REAR END,DIVIDED - W/MEDIAN,STRAIGHT AND LEVEL,SNOW OR SLUSH,NO DEFECTS,Y,DRIVING SKILLS/KNOWLEDGE/EXPERIENCE,BEAT_113,2,1,0,3,42.072349,-87.475374
2026-01-21 20:27:00,25,FOG/SMOKE/HAZE,DAYLIGHT,REAR END,DIVIDED - W/MEDIAN,STRAIGHT ON GRADE,WET,NO DEFECTS,N,PHYSICAL CONDITION OF DRIVER,BEAT_119,2,1,0,3,42.16246,-87.403084
2026-01-21 21:46:00,30,CLEAR,DAYLIGHT,REAR END,DIVIDED - W/MEDIAN,STRAIGHT AND LEVEL,WET,NO DEFECTS,N,FAILING TO YIELD RIGHT-OF-WAY,BEAT_117,2,1,0,3,42.132886,-87.419947
2026-01-22 01:43:00,40,CLEAR,DAYLIGHT,REAR END,FOUR WAY INTERSECTION,STRAIGHT AND LEVEL,DRY,NO DEFECTS,Y,WEATHER,BEAT_106,2,1,0,4,41.960797,-87.562331
2026-01-22 04:06:00,25,CLEAR,DAYLIGHT,TURNING,DIVIDED - W/MEDIAN,STRAIGHT AND LEVEL,DRY,NO DEFECTS,N,DRIVING SKILLS/KNOWLEDGE/EXPERIENCE,BEAT_120,2,1,0,4,42.178091,-87.388369
2026-01-22 05:53:00,30,RAIN,"DARKNESS, LIGHTED ROAD",REAR END,DIVIDED - W/MEDIAN,STRAIGHT AND LEVEL,WET,NO DEFECTS,Y,FOLLOWING TOO CLOSELY,BEAT_111,2,1,0,4,42.041464,-87.499462
2026-01-22 06:38:00,25,CLEAR,"DARKNESS, LIGHTED ROAD",TURNING,NOT DIVIDED,STRAIGHT AND LEVEL,DRY,NO DEFECTS,N,FOLLOWING TOO CLOSELY,BEAT_111,2,1,0,4,42.048397,-87.495758
2026-01-22 09:04:00,30,CLEAR,DAYLIGHT,PARKED MOTOR VEHICLE,FOUR WAY INTERSECTION,STRAIGHT AND LEVEL,WET,"RUT, HOLES",Y,DISREGARDING TRAFFIC SIGNALS,BEAT_104,2,1,0,4,41.93477,-87.581306
2026-01-22 11:24:00,30,CLEAR,DAWN,SIDESWIPE SAME DIRECTION,DIVIDED - W/MEDIAN,STRAIGHT AND LEVEL,DRY,NO DEFECTS,N,DISREGARDING TRAFFIC SIGNALS,BEAT_117,2,1,2,4,42.125783,-87.42399
2026-01-22 13:29:00,35,SNOW,DAYLIGHT,SIDESWIPE SAME DIRECTION,NOT DIVIDED,STRAIGHT AND LEVEL,WET,"RUT, HOLES",Y,DRIVING SKILLS/KNOWLEDGE/EXPERIENCE,BEAT_106,1,1,0,4,41.968066,-87.55656
2026-01-22 13:45:00,30,CLEAR,DAYLIGHT,SIDESWIPE SAME DIRECTION,ONE-WAY,STRAIGHT AND LEVEL,SNOW OR SLUSH,NO DEFECTS,N,FAILING TO YIELD RIGHT-OF-WAY,BEAT_102,2,1,0,4,41.909777,-87.605364
2026-01-22 16:27:00,35,CLEAR,DAYLIGHT,SIDESWIPE SAME DIRECTION,DIVIDED - W/MEDIAN,STRAIGHT AND LEVEL,DRY,WORN SURFACE,N,DISREGARDING TRAFFIC SIGNALS,BEAT_106,2,1,0,4,41.966611,-87.556737
2026-01-22 18:03:00,25,CLEAR,DAYLIGHT,SIDESWIPE SAME DIRECTION,DIVIDED - W/MEDIAN,STRAIGHT AND LEVEL,DRY,NO DEFECTS,Y,FAILING TO YIELD RIGHT-OF-WAY,BEAT_105,2,1,0,4,41.951901,-87.573696
2026-01-22 19:59:00,30,CLEAR,DARKNESS,SIDESWIPE SAME DIRECTION,DIVIDED - W/MEDIAN,STRAIGHT AND LEVEL,DRY,NO DEFECTS,N,PHYSICAL CONDITION OF DRIVER,BEAT_108,2,1,0,4,41.995942,-87.535675
2026-01-22 20:24:00,35,RAIN,DAYLIGHT,PARKED MOTOR VEHICLE,NOT DIVIDED,STRAIGHT AND LEVEL,ICE,WORN SURFACE,N,WEATHER,BEAT_113,2,1,0,4,42.076528,-87.469748
2026-01-22 20:53:00,25,CLEAR,"DARKNESS, LIGHTED ROAD",REAR END,DIVIDED - W/MEDIAN,STRAIGHT AND LEVEL,DRY,WORN SURFACE,Y,DRIVING SKILLS/KNOWLEDGE/EXPERIENCE,BEAT_108,2,1,0,4,41.996305,-87.533114
2026-01-23 06:39:00,25,RAIN,DAYLIGHT,SIDESWIPE SAME DIRECTION,NOT DIVIDED,"CURVE, LEVEL",WET,NO DEFECTS,N,WEATHER,BEAT_116,2,1,1,5,42.115631,-87.434445
2026-01-23 07:48:00,20,CLEAR,DAYLIGHT,FIXED OBJECT,NOT DIVIDED,STRAIGHT ON GRADE,DRY,NO DEFECTS,Y,FAILING TO YIELD RIGHT-OF-WAY,BEAT_113,2,1,0,5,42.075727,-87.471092
2026-01-23 09:08:00,30,RAIN,DAYLIGHT,SIDESWIPE SAME DIRECTION,ONE-WAY,STRAIGHT AND LEVEL,WET,NO DEFECTS,Y,FAILING TO YIELD RIGHT-OF-WAY,BEAT_103,1,1,0,5,41.925705,-87.598537
2026-01-23 12:08:00,25,CLEAR,DARKNESS,REAR END,FOUR WAY INTERSECTION,STRAIGHT AND LEVEL,DRY,NO DEFECTS,N,PHYSICAL CONDITION OF DRIVER,BEAT_117,2,1,0,5,42.136086,-87.422988
2026-01-23 13:04:00,25,CLEAR,DAYLIGHT,REAR END,FOUR WAY INTERSECTION,STRAIGHT AND LEVEL,SNOW OR SLUSH,NO DEFECTS,N,DRIVING SKILLS/KNOWLEDGE/EXPERIENCE,BEAT_102,1,1,0,5,41.906801,-87.610156
2026-01-23 15:36:00,30,RAIN,DAYLIGHT,REAR END,DIVIDED - W/MEDIAN,STRAIGHT AND LEVEL,WET,NO DEFECTS,N,DRIVING SKILLS/KNOWLEDGE/EXPERIENCE,BEAT_116,2,1,0,5,42.115972,-87.440349
2026-01-23 15:44:00,25,CLEAR,DAYLIGHT,REAR END,ONE-WAY,STRAIGHT AND LEVEL,SNOW OR SLUSH,"RUT, HOLES",N,FAILING TO YIELD RIGHT-OF-WAY,BEAT_111,2,1,0,5,42.048674,-87.494321
2026-01-23 22:58:00,55,CLEAR,"DARKNESS, LIGHTED ROAD",SIDESWIPE SAME DIRECTION,NOT DIVIDED,STRAIGHT AND LEVEL,SNOW OR SLUSH,NO DEFECTS,N,FAILING TO YIELD RIGHT-OF-WAY,BEAT_116,2,1,1,5,42.117562,-87.43813
2026-01-24 00:17:00,25,CLEAR,"DARKNESS, LIGHTED ROAD",PARKED MOTOR VEHICLE,T-INTERSECTION,STRAIGHT AND LEVEL,DRY,NO DEFECTS,N,DRIVING SKILLS/KNOWLEDGE/EXPERIENCE,BEAT_112,3,1,1,6,42.058261,-87.482885
2026-01-24 00:34:00,30,CLEAR,DAWN,PARKED MOTOR VEHICLE,DIVIDED - W/MEDIAN,STRAIGHT AND LEVEL,DRY,"RUT, HOLES",N,FOLLOWING TOO CLOSELY,BEAT_108,1,1,0,6,41.999305,-87.535792
2026-01-24 02:12:00,40,CLEAR,DAYLIGHT,PARKED MOTOR VEHICLE,DIVIDED - W/MEDIAN,STRAIGHT ON GRADE,DRY,NO DEFECTS,N,FOLLOWING TOO CLOSELY,BEAT_117,1,1,0,6,42.130812,-87.422565
2026-01-24 02:21:00,40,CLEAR,DAYLIGHT,REAR END,T-INTERSECTION,STRAIGHT AND LEVEL,DRY,NO DEFECTS,Y,PHYSICAL CONDITION OF DRIVER,BEAT_104,2,1,0,6,41.939294,-87.57875
2026-01-24 02:44:00,25,RAIN,DAYLIGHT,REAR END,NOT DIVIDED,STRAIGHT AND LEVEL,WET,NO DEFECTS,N,FAILING TO YIELD RIGHT-OF-WAY,BEAT_104,1,1,0,6,41.94185,-87.582625
2026-01-24 08:28:00,35,CLEAR,DAYLIGHT,PARKED MOTOR VEHICLE,ONE-WAY,STRAIGHT AND LEVEL,DRY,NO DEFECTS,Y,DRIVING SKILLS/KNOWLEDGE/EXPERIENCE,BEAT_101,2,1,0,6,41.89325,-87.62282
2026-01-24 11:29:00,35,CLEAR,DARKNESS,TURNING,DIVIDED - W/MEDIAN,"CURVE, LEVEL",DRY,NO DEFECTS,N,FOLLOWING TOO CLOSELY,BEAT_119,2,1,0,6,42.16501,-87.405469
2026-01-24 13:51:00,30,RAIN,DAYLIGHT,ANGLE,NOT DIVIDED,STRAIGHT AND LEVEL,WET,NO DEFECTS,Y,FOLLOWING TOO CLOSELY,BEAT_103,3,1,1,6,41.926363,-87.587944
2026-01-24 14:23:00,30,RAIN,DAYLIGHT,REAR END,ALLEY,STRAIGHT AND LEVEL,WET,NO DEFECTS,N,IMPROPER OVERTAKING/PASSING,BEAT_110,3,1,0,6,42.02748,-87.509331
2026-01-24 17:37:00,40,CLEAR,DUSK,TURNING,DIVIDED - W/MEDIAN,STRAIGHT AND LEVEL,SNOW OR SLUSH,NO DEFECTS,Y,FAILING TO YIELD RIGHT-OF-WAY,BEAT_109,2,1,1,6,42.011928,-87.526713
2026-01-24 19:22:00,25,CLEAR,DUSK,REAR END,ONE-WAY,STRAIGHT AND LEVEL,DRY,NO DEFECTS,N,WEATHER,BEAT_118,2,1,1,6,42.150899,-87.414468
2026-01-24 23:46:00,30,CLEAR,"DARKNESS, LIGHTED ROAD",SIDESWIPE SAME DIRECTION,DIVIDED - W/MEDIAN,STRAIGHT AND LEVEL,DRY,WORN SURFACE,Y,PHYSICAL CONDITION OF DRIVER,BEAT_119,2,1,0,6,42.161293,-87.403446
2026-01-25 02:04:00,25,CLEAR,"DARKNESS, LIGHTED ROAD",SIDESWIPE SAME DIRECTION,NOT DIVIDED,STRAIGHT AND LEVEL,WET,NO DEFECTS,Y,FOLLOWING TOO CLOSELY,BEAT_106,2,1,3,7,41.971712,-87.555752
2026-01-25 07:14:00,20,CLEAR,DAYLIGHT,TURNING,DIVIDED - W/MEDIAN,STRAIGHT AND LEVEL,DRY,NO DEFECTS,Y,FOLLOWING TOO CLOSELY,BEAT_111,2,1,1,7,42.048648,-87.499045
2026-01-25 09:49:00,25,RAIN,DUSK,TURNING,NOT DIVIDED,STRAIGHT AND LEVEL,WET,WORN SURFACE,Y,FOLLOWING TOO CLOSELY,BEAT_112,1,1,0,7,42.056775,-87.482373
2026-01-25 10:47:00,20,CLEAR,DAYLIGHT,ANGLE,DIVIDED - W/MEDIAN,"CURVE, LEVEL",DRY,NO DEFECTS,Y,WEATHER,BEAT_101,1,1,0,7,41.891077,-87.613444
2026-01-25 14:03:00,25,CLEAR,DAYLIGHT,TURNING,NOT DIVIDED,STRAIGHT AND LEVEL,DRY,NO DEFECTS,Y,DRIVING SKILLS/KNOWLEDGE/EXPERIENCE,BEAT_113,1,1,0,7,42.074623,-87.473638
2026-01-25 17:40:00,25,CLEAR,DAYLIGHT,ANGLE,DIVIDED - W/MEDIAN,STRAIGHT AND LEVEL,DRY,NO DEFECTS,Y,FOLLOWING TOO CLOSELY,BEAT_106,2,1,0,7,41.967495,-87.55684
2026-01-25 21:27:00,30,RAIN,"DARKNESS, LIGHTED ROAD",PARKED MOTOR VEHICLE,NOT DIVIDED,STRAIGHT AND LEVEL,SNOW OR SLUSH,NO DEFECTS,Y,DISREGARDING TRAFFIC SIGNALS,BEAT_109,1,1,0,7,42.016833,-87.521404
2026-01-26 01:47:00,40,CLEAR,DARKNESS,ANGLE,FOUR WAY INTERSECTION,STRAIGHT AND LEVEL,WET,NO DEFECTS,Y,DRIVING SKILLS/KNOWLEDGE/EXPERIENCE,BEAT_106,2,1,0,1,41.963731,-87.556472
2026-01-26 05:34:00,40,CLEAR,"DARKNESS, LIGHTED ROAD",TURNING,DIVIDED - W/MEDIAN,STRAIGHT AND LEVEL,DRY,NO DEFECTS,Y,DRIVING SKILLS/KNOWLEDGE/EXPERIENCE,BEAT_109,2,1,1,1,42.012247,-87.525231
2026-01-26 08:18:00,35,RAIN,DAYLIGHT,REAR END,ONE-WAY,STRAIGHT AND LEVEL,WET,NO DEFECTS,N,FAILING TO YIELD RIGHT-OF-WAY,BEAT_107,2,1,1,1,41.983001,-87.543953
2026-01-26 08:43:00,25,CLEAR,"DARKNESS, LIGHTED ROAD",PARKED MOTOR VEHICLE,T-INTERSECTION,STRAIGHT AND LEVEL,DRY,NO DEFECTS,N,FAILING TO YIELD RIGHT-OF-WAY,BEAT_114,2,1,0,1,42.083769,-87.461476
2026-01-26 09:26:00,35,CLEAR,"DARKNESS, LIGHTED ROAD",PARKED MOTOR VEHICLE,NOT DIVIDED,CURVE ON GRADE,DRY,NO DEFECTS,Y,PHYSICAL CONDITION OF DRIVER,BEAT_113,1,1,1,1,42.074302,-87.47141
2026-01-26 14:04:00,30,CLEAR,DAYLIGHT,ANGLE,T-INTERSECTION,STRAIGHT AND LEVEL,DRY,NO DEFECTS,N,FAILING TO YIELD RIGHT-OF-WAY,BEAT_120,2,1,0,1,42.180394,-87.393524
2026-01-26 18:29:00,35,RAIN,DAYLIGHT,SIDESWIPE SAME DIRECTION,NOT DIVIDED,STRAIGHT AND LEVEL,WET,NO DEFECTS,Y,FOLLOWING TOO CLOSELY,BEAT_107,2,1,1,1,41.981159,-87.537983
2026-01-26 20:00:00,30,CLEAR,"DARKNESS, LIGHTED ROAD",REAR END,NOT DIVIDED,STRAIGHT AND LEVEL,DRY,NO DEFECTS,N,FAILING TO YIELD RIGHT-OF-WAY,BEAT_101,2,1,0,1,41.893056,-87.61867
2026-01-26 21:52:00,30,CLEAR,DAYLIGHT,SIDESWIPE SAME DIRECTION,DIVIDED - W/MEDIAN,STRAIGHT AND LEVEL,DRY,NO DEFECTS,N,PHYSICAL CONDITION OF DRIVER,BEAT_117,3,1,0,1,42.128986,-87.422776
2026-01-26 22:37:00,25,RAIN,DAYLIGHT,TURNING,ONE-WAY,STRAIGHT AND LEVEL,SNOW OR SLUSH,NO DEFECTS,Y,FOLLOWING TOO CLOSELY,BEAT_105,1,1,2,1,41.951439,-87.569274
2026-01-26 22:47:00,30,SEVERE RAIN,DAYLIGHT,ANGLE,NOT DIVIDED,STRAIGHT AND LEVEL,WET,NO DEFECTS,N,WEATHER,BEAT_117,1,1,0,1,42.132403,-87.425603
2026-01-27 04:39:00,25,CLEAR,DAYLIGHT,REAR END,DIVIDED - W/MEDIAN,"CURVE, LEVEL",DRY,NO DEFECTS,N,FAILING TO YIELD RIGHT-OF-WAY,BEAT_107,2,1,0,2,41.981988,-87.541312
2026-01-27 06:19:00,30,CLEAR,DARKNESS,SIDESWIPE SAME DIRECTION,ONE-WAY,STRAIGHT AND LEVEL,ICE,NO DEFECTS,Y,FOLLOWING TOO CLOSELY,BEAT_108,2,1,0,2,42.003075,-87.53732
2026-01-27 07:05:00,30,CLEAR,DAYLIGHT,REAR END,ONE-WAY,STRAIGHT AND LEVEL,DRY,NO DEFECTS,Y,FOLLOWING TOO CLOSELY,BEAT_111,2,1,0,2,42.044053,-87.49523
2026-01-27 12:03:00,20,RAIN,DUSK,SIDESWIPE SAME DIRECTION,ONE-WAY,STRAIGHT AND LEVEL,WET,"RUT, HOLES",Y,IMPROPER OVERTAKING/PASSING,BEAT_112,2,1,0,2,42.058329,-87.48577
2026-01-27 13:28:00,35,CLEAR,DAYLIGHT,SIDESWIPE SAME DIRECTION,NOT DIVIDED,STRAIGHT AND LEVEL,WET,NO DEFECTS,Y,FAILING TO YIELD RIGHT-OF-WAY,BEAT_101,1,1,0,2,41.892547,-87.615816
2026-01-27 16:10:00,25,CLEAR,"DARKNESS, LIGHTED ROAD",TURNING,DIVIDED - W/MEDIAN,STRAIGHT AND LEVEL,DRY,"RUT, HOLES",Y,FOLLOWING TOO CLOSELY,BEAT_117,2,1,0,2,42.134895,-87.428727
2026-01-27 16:38:00,25,CLEAR,DAYLIGHT,TURNING,NOT DIVIDED,STRAIGHT AND LEVEL,WET,NO DEFECTS,Y,FOLLOWING TOO CLOSELY,BEAT_109,3,1,0,2,42.008477,-87.519213
2026-01-27 20:07:00,30,CLEAR,DAYLIGHT,SIDESWIPE SAME DIRECTION,DIVIDED - W/MEDIAN,STRAIGHT AND LEVEL,DRY,NO DEFECTS,N,FOLLOWING TOO CLOSELY,BEAT_106,1,1,0,2,41.973169,-87.555188
2026-01-27 20:51:00,30,CLEAR,DAYLIGHT,REAR END,NOT DIVIDED,STRAIGHT AND LEVEL,WET,WORN SURFACE,Y,FOLLOWING TOO CLOSELY,BEAT_113,1,1,0,2,42.073988,-87.470466
2026-01-28 04:12:00,25,CLEAR,DAYLIGHT,REAR END,FOUR WAY INTERSECTION,STRAIGHT AND LEVEL,DRY,NO DEFECTS,N,FAILING TO YIELD RIGHT-OF-WAY,BEAT_103,2,1,0,3,41.922825,-87.592146
2026-01-28 05:18:00,35,RAIN,DAYLIGHT,ANGLE,DIVIDED - W/MEDIAN,STRAIGHT AND LEVEL,WET,NO DEFECTS,N,DISREGARDING TRAFFIC SIGNALS,BEAT_117,2,1,0,3,42.135603,-87.426135
2026-01-28 08:46:00,25,CLEAR,"DARKNESS, LIGHTED ROAD",REAR END,FOUR WAY INTERSECTION,STRAIGHT AND LEVEL,DRY,NO DEFECTS,N,FAILING TO YIELD RIGHT-OF-WAY,BEAT_105,2,1,0,3,41.952349,-87.576898
2026-01-28 09:29:00,35,CLEAR,DAYLIGHT,SIDESWIPE SAME DIRECTION,T-INTERSECTION,STRAIGHT AND LEVEL,DRY,NO DEFECTS,N,FAILING TO YIELD RIGHT-OF-WAY,BEAT_111,2,1,0,3,42.044901,-87.496162
2026-01-28 13:44:00,25,CLEAR,DAYLIGHT,REAR END,ONE-WAY,STRAIGHT AND LEVEL,DRY,NO DEFECTS,N,PHYSICAL CONDITION OF DRIVER,BEAT_103,2,1,0,3,41.926769,-87.596478
2026-01-28 14:11:00,30,CLEAR,DAYLIGHT,SIDESWIPE SAME DIRECTION,ALLEY,CURVE ON GRADE,DRY,NO DEFECTS,Y,FOLLOWING TOO CLOSELY,BEAT_111,3,1,0,3,42.045385,-87.496532
2026-01-28 18:42:00,30,CLEAR,DAYLIGHT,REAR END,NOT DIVIDED,STRAIGHT ON GRADE,DRY,NO DEFECTS,N,PHYSICAL CONDITION OF DRIVER,BEAT_117,3,1,0,3,42.132654,-87.425058
2026-01-28 23:04:00,30,CLEAR,"DARKNESS, LIGHTED ROAD",ANGLE,ONE-WAY,STRAIGHT AND LEVEL,DRY,NO DEFECTS,Y,FAILING TO YIELD RIGHT-OF-WAY,BEAT_110,2,1,0,3,42.030587,-87.512596
2026-01-29 06:43:00,40,CLEAR,DAYLIGHT,ANGLE,DIVIDED - W/MEDIAN,STRAIGHT AND LEVEL,DRY,NO DEFECTS,N,DISREGARDING TRAFFIC SIGNALS,BEAT_106,2,1,0,4,41.970574,-87.558355
2026-01-29 11:03:00,25,CLEAR,DAYLIGHT,REAR END,FOUR WAY INTERSECTION,STRAIGHT AND LEVEL,WET,"RUT, HOLES",N,FAILING TO YIELD RIGHT-OF-WAY,BEAT_111,2,1,0,4,42.046954,-87.492409
2026-01-29 14:27:00,30,CLEAR,DAYLIGHT,SIDESWIPE SAME DIRECTION,NOT DIVIDED,STRAIGHT AND LEVEL,DRY,NO DEFECTS,N,FAILING TO YIELD RIGHT-OF-WAY,BEAT_119,2,1,0,4,42.164928,-87.400869
2026-01-29 14:45:00,40,SEVERE RAIN,"DARKNESS, LIGHTED ROAD",SIDESWIPE SAME DIRECTION,FOUR WAY INTERSECTION,STRAIGHT AND LEVEL,WET,NO DEFECTS,Y,FAILING TO YIELD RIGHT-OF-WAY,BEAT_101,2,1,0,4,41.893919,-87.614374
2026-01-29 16:27:00,30,CLEAR,"DARKNESS, LIGHTED ROAD",SIDESWIPE SAME DIRECTION,DIVIDED - W/MEDIAN,STRAIGHT AND LEVEL,WET,NO DEFECTS,N,FOLLOWING TOO CLOSELY,BEAT_109,2,1,0,4,42.018902,-87.520966
2026-01-29 16:38:00,30,CLEAR,DARKNESS,SIDESWIPE SAME DIRECTION,NOT DIVIDED,STRAIGHT AND LEVEL,DRY,NO DEFECTS,Y,FOLLOWING TOO CLOSELY,BEAT_106,3,1,0,4,41.969287,-87.553117
2026-01-29 17:25:00,30,FOG/SMOKE/HAZE,DAYLIGHT,SIDESWIPE SAME DIRECTION,NOT DIVIDED,STRAIGHT AND LEVEL,WET,"RUT, HOLES",Y,FOLLOWING TOO CLOSELY,BEAT_102,1,1,2,4,41.909585,-87.605673
2026-01-29 17:57:00,25,SEVERE RAIN,"DARKNESS, LIGHTED ROAD",TURNING,DIVIDED - W/MEDIAN,STRAIGHT AND LEVEL,WET,NO DEFECTS,N,PHYSICAL CONDITION OF DRIVER,BEAT_120,2,1,0,4,42.179199,-87.391949
2026-01-29 18:35:00,30,CLEAR,"DARKNESS, LIGHTED ROAD",PEDESTRIAN,ONE-WAY,"CURVE, LEVEL",WET,WORN SURFACE,N,FAILING TO YIELD RIGHT-OF-WAY,BEAT_114,4,1,0,4,42.087709,-87.463577
2026-01-29 20:38:00,20,RAIN,DAYLIGHT,REAR END,FOUR WAY INTERSECTION,STRAIGHT AND LEVEL,WET,NO DEFECTS,Y,DRIVING SKILLS/KNOWLEDGE/EXPERIENCE,BEAT_115,2,1,3,4,42.102777,-87.445413
2026-01-29 21:15:00,35,CLEAR,DAYLIGHT,ANGLE,DIVIDED - W/MEDIAN,STRAIGHT AND LEVEL,WET,DEBRIS ON ROAD,N,DRIVING SKILLS/KNOWLEDGE/EXPERIENCE,BEAT_106,3,1,0,4,41.967187,-87.55477
2026-01-29 21:16:00,25,CLEAR,DARKNESS,REAR END,NOT DIVIDED,STRAIGHT AND LEVEL,WET,NO DEFECTS,N,DRIVING SKILLS/KNOWLEDGE/EXPERIENCE,BEAT_117,2,1,0,4,42.130534,-87.424792
2026-01-29 21:42:00,30,CLEAR,"DARKNESS, LIGHTED ROAD",REAR END,ONE-WAY,STRAIGHT AND LEVEL,DRY,DEBRIS ON ROAD,Y,FAILING TO YIELD RIGHT-OF-WAY,BEAT_106,2,1,1,4,41.96573,-87.557727
2026-01-30 01:23:00,30,RAIN,DAYLIGHT,ANGLE,FOUR WAY INTERSECTION,STRAIGHT ON GRADE,WET,NO DEFECTS,N,FAILING TO YIELD RIGHT-OF-WAY,BEAT_110,2,1,0,5,42.029743,-87.513731
2026-01-30 03:44:00,45,CLEAR,DAYLIGHT,REAR END,T-INTERSECTION,STRAIGHT AND LEVEL,DRY,NO DEFECTS,N,WEATHER,BEAT_106,1,1,1,5,41.966566,-87.556504
2026-01-30 03:48:00,45,CLEAR,DAYLIGHT,ANGLE,ONE-WAY,STRAIGHT ON GRADE,DRY,NO DEFECTS,Y,DRIVING SKILLS/KNOWLEDGE/EXPERIENCE,BEAT_111,2,1,1,5,42.044533,-87.499354
2026-01-30 07:33:00,35,RAIN,DAYLIGHT,REAR END,DIVIDED - W/MEDIAN,STRAIGHT AND LEVEL,WET,NO DEFECTS,N,FOLLOWING TOO CLOSELY,BEAT_115,2,1,0,5,42.102303,-87.44669
2026-01-30 13:53:00,50,RAIN,DUSK,PARKED MOTOR VEHICLE,NOT DIVIDED,STRAIGHT AND LEVEL,SNOW OR SLUSH,"RUT, HOLES",N,WEATHER,BEAT_102,2,1,0,5,41.909664,-87.60254
2026-01-30 16:14:00,20,SNOW,DARKNESS,REAR END,DIVIDED - W/MEDIAN,STRAIGHT AND LEVEL,WET,NO DEFECTS,Y,DRIVING SKILLS/KNOWLEDGE/EXPERIENCE,BEAT_120,2,1,0,5,42.179072,-87.386386