CRASH_DATE,POSTED_SPEED_LIMIT,WEATHER_CONDITION,LIGHTING_CONDITION,FIRST_CRASH_TYPE,TRAFFICWAY_TYPE,ALIGNMENT,ROADWAY_SURFACE_COND,ROAD_DEFECT,INTERSECTION_RELATED_I,PRIM_CONTRIBUTORY_CAUSE,BEAT_OF_OCCURRENCE,NUM_UNITS,CRASH_MONTH,INJURIES_TOTAL,CRASH_DAY_OF_WEEK,LATITUDE,LONGITUDE
2026-02-10 03:38:00,25,CLEAR,DARKNESS,TURNING,DIVIDED - W/MEDIAN,STRAIGHT AND LEVEL,WET,NO DEFECTS,N,FAILING TO YIELD RIGHT-OF-WAY,BEAT_111,2,2,0,2,42.04376,-87.497542
2026-02-10 04:03:00,25,SNOW,"DARKNESS, LIGHTED ROAD",TURNING,FOUR WAY INTERSECTION,STRAIGHT AND LEVEL,WET,NO DEFECTS,Y,FAILING TO YIELD RIGHT-OF-WAY,BEAT_112,2,2,0,2,42.058927,-87.484102
2026-02-10 12:07:00,35,CLEAR,DAWN,SIDESWIPE SAME DIRECTION,NOT DIVIDED,STRAIGHT AND LEVEL,DRY,NO DEFECTS,Y,IMPROPER OVERTAKING/PASSING,BEAT_105,2,2,0,2,41.953543,-87.572675
2026-02-10 12:33:00,25,SNOW,"DARKNESS, LIGHTED ROAD",REAR END,NOT DIVIDED,"CURVE, LEVEL",WET,NO DEFECTS,Y,FOLLOWING TOO CLOSELY,BEAT_119,1,2,0,2,42.16347,-87.401669
2026-02-10 14:58:00,40,CLEAR,DAYLIGHT,REAR END,DIVIDED - W/MEDIAN,STRAIGHT AND LEVEL,DRY,NO DEFECTS,Y,FAILING TO YIELD RIGHT-OF-WAY,BEAT_111,2,2,0,2,42.044128,-87.499635
2026-02-11 00:58:00,20,CLEAR,DAYLIGHT,REAR END,FOUR WAY INTERSECTION,STRAIGHT AND LEVEL,WET,NO DEFECTS,N,FAILING TO YIELD RIGHT-OF-WAY,BEAT_114,2,2,0,3,42.087649,-87.463626
2026-02-11 03:24:00,25,CLEAR,DAYLIGHT,ANGLE,FOUR WAY INTERSECTION,STRAIGHT AND LEVEL,DRY,"RUT, HOLES",Y,FAILING TO YIELD RIGHT-OF-WAY,BEAT_104,2,2,0,3,41.939275,-87.581061
2026-02-11 03:28:00,25,CLEAR,DARKNESS,REAR END,ONE-WAY,STRAIGHT AND LEVEL,DRY,WORN SURFACE,Y,WEATHER,BEAT_113,2,2,0,3,42.075481,-87.470155
2026-02-11 05:03:00,45,SNOW,DAWN,REAR END,DIVIDED - W/MEDIAN,STRAIGHT AND LEVEL,WET,NO DEFECTS,Y,IMPROPER OVERTAKING/PASSING,BEAT_101,1,2,0,3,41.894783,-87.62156
2026-02-11 06:53:00,25,CLEAR,DAYLIGHT,TURNING,NOT DIVIDED,"CURVE, LEVEL",DRY,NO DEFECTS,N,DRIVING SKILLS/KNOWLEDGE/EXPERIENCE,BEAT_103,2,2,0,3,41.923809,-87.592802
2026-02-11 07:19:00,30,SEVERE RAIN,DAWN,TURNING,NOT DIVIDED,STRAIGHT AND LEVEL,WET,NO DEFECTS,N,WEATHER,BEAT_114,1,2,0,3,42.090915,-87.466119
2026-02-11 15:19:00,25,SNOW,DAYLIGHT,SIDESWIPE SAME DIRECTION,DIVIDED - W/MEDIAN,STRAIGHT AND LEVEL,WET,NO DEFECTS,Y,FOLLOWING TOO CLOSELY,BEAT_105,2,2,1,3,41.949228,-87.568512
2026-02-11 16:45:00,45,CLEAR,"DARKNESS, LIGHTED ROAD",ANGLE,DIVIDED - W/MEDIAN,STRAIGHT AND LEVEL,ICE,NO DEFECTS,N,WEATHER,BEAT_107,2,2,0,3,41.981984,-87.543354
2026-02-11 19:36:00,40,SNOW,DAYLIGHT,PARKED MOTOR VEHICLE,DIVIDED - W/MEDIAN,STRAIGHT AND LEVEL,WET,NO DEFECTS,N,DRIVING SKILLS/KNOWLEDGE/EXPERIENCE,BEAT_120,1,2,0,3,42.181081,-87.384333
2026-02-12 00:42:00,25,CLEAR,"DARKNESS, LIGHTED ROAD",ANGLE,ONE-WAY,"CURVE, LEVEL",DRY,NO DEFECTS,N,FOLLOWING TOO CLOSELY,BEAT_119,2,2,0,4,42.16715,-87.391859
2026-02-12 03:55:00,50,RAIN,DAYLIGHT,SIDESWIPE SAME DIRECTION,NOT DIVIDED,STRAIGHT AND LEVEL,WET,NO DEFECTS,N,PHYSICAL CONDITION OF DRIVER,BEAT_114,3,2,0,4,42.090135,-87.462913
2026-02-12 05:41:00,30,CLEAR,"DARKNESS, LIGHTED ROAD",PARKED MOTOR VEHICLE,DIVIDED - W/MEDIAN,STRAIGHT AND LEVEL,DRY,NO DEFECTS,N,FOLLOWING TOO CLOSELY,BEAT_108,3,2,0,4,41.997869,-87.531138
2026-02-12 07:42:00,30,SEVERE RAIN,DAYLIGHT,FIXED OBJECT,NOT DIVIDED,STRAIGHT AND LEVEL,WET,NO DEFECTS,Y,PHYSICAL CONDITION OF DRIVER,BEAT_113,2,2,1,4,42.070692,-87.472293
2026-02-12 13:43:00,40,CLEAR,DAYLIGHT,REAR END,NOT DIVIDED,STRAIGHT AND LEVEL,DRY,NO DEFECTS,Y,DRIVING SKILLS/KNOWLEDGE/EXPERIENCE,BEAT_109,2,2,1,4,42.012658,-87.52222
2026-02-12 14:36:00,40,RAIN,DARKNESS,REAR END,DIVIDED - W/MEDIAN,STRAIGHT AND LEVEL,SNOW OR SLUSH,NO DEFECTS,N,DRIVING SKILLS/KNOWLEDGE/EXPERIENCE,BEAT_106,2,2,0,4,41.970067,-87.557136
2026-02-12 20:13:00,25,RAIN,DAYLIGHT,ANGLE,NOT DIVIDED,STRAIGHT AND LEVEL,WET,"RUT, HOLES",Y,FOLLOWING TOO CLOSELY,BEAT_109,3,2,0,4,42.013129,-87.523172
2026-02-12 23:46:00,25,CLEAR,DAYLIGHT,PARKED MOTOR VEHICLE,NOT DIVIDED,STRAIGHT AND LEVEL,DRY,NO DEFECTS,N,FAILING TO YIELD RIGHT-OF-WAY,BEAT_103,2,2,0,4,41.927606,-87.594213
2026-02-12 23:56:00,30,CLEAR,DAYLIGHT,SIDESWIPE SAME DIRECTION,FOUR WAY INTERSECTION,"CURVE, LEVEL",DRY,NO DEFECTS,Y,FOLLOWING TOO CLOSELY,BEAT_117,2,2,0,4,42.135397,-87.419325
2026-02-13 00:20:00,25,RAIN,DAYLIGHT,REAR END,DIVIDED - W/MEDIAN,STRAIGHT AND LEVEL,WET,NO DEFECTS,N,FAILING TO YIELD RIGHT-OF-WAY,BEAT_108,2,2,0,5,41.999194,-87.534326
2026-02-13 00:44:00,25,CLEAR,DUSK,SIDESWIPE SAME DIRECTION,FOUR WAY INTERSECTION,STRAIGHT AND LEVEL,DRY,NO DEFECTS,N,DISREGARDING TRAFFIC SIGNALS,BEAT_109,2,2,0,5,42.017149,-87.521503
2026-02-13 00:47:00,25,RAIN,DAYLIGHT,REAR END,DIVIDED - W/MEDIAN,STRAIGHT AND LEVEL,WET,NO DEFECTS,Y,DRIVING SKILLS/KNOWLEDGE/EXPERIENCE,BEAT_103,2,2,1,5,41.918658,-87.593115
2026-02-13 04:51:00,35,CLEAR,DAYLIGHT,REAR END,DIVIDED - W/MEDIAN,STRAIGHT AND LEVEL,DRY,NO DEFECTS,N,FAILING TO YIELD RIGHT-OF-WAY,BEAT_108,2,2,0,5,41.996711,-87.530091
2026-02-13 05:27:00,25,CLEAR,"DARKNESS, LIGHTED ROAD",ANGLE,FOUR WAY INTERSECTION,STRAIGHT AND LEVEL,WET,NO DEFECTS,N,FAILING TO YIELD RIGHT-OF-WAY,BEAT_120,2,2,0,5,42.178031,-87.386024
2026-02-13 07:07:00,25,RAIN,"DARKNESS, LIGHTED ROAD",REAR END,NOT DIVIDED,STRAIGHT ON GRADE,WET,NO DEFECTS,Y,FOLLOWING TOO CLOSELY,BEAT_113,3,2,0,5,42.077259,-87.470556
2026-02-13 08:05:00,30,RAIN,DAYLIGHT,SIDESWIPE SAME DIRECTION,FOUR WAY INTERSECTION,STRAIGHT AND LEVEL,WET,SHOULDER DEFECT,N,DISREGARDING TRAFFIC SIGNALS,BEAT_107,2,2,0,5,41.989467,-87.546259
2026-02-13 11:12:00,25,CLEAR,DAYLIGHT,SIDESWIPE SAME DIRECTION,DIVIDED - W/MEDIAN,STRAIGHT AND LEVEL,WET,NO DEFECTS,N,FAILING TO YIELD RIGHT-OF-WAY,BEAT_108,1,2,1,5,41.998534,-87.536474
2026-02-13 13:05:00,40,CLEAR,DAYLIGHT,REAR END,DIVIDED - W/MEDIAN,STRAIGHT ON GRADE,DRY,NO DEFECTS,N,WEATHER,BEAT_108,2,2,0,5,41.994113,-87.536103
2026-02-13 18:47:00,30,FOG/SMOKE/HAZE,"DARKNESS, LIGHTED ROAD",ANGLE,ONE-WAY,STRAIGHT AND LEVEL,WET,NO DEFECTS,N,DRIVING SKILLS/KNOWLEDGE/EXPERIENCE,BEAT_115,2,2,0,5,42.102774,-87.448432
2026-02-13 21:41:00,35,CLEAR,DAYLIGHT,TURNING,DIVIDED - W/MEDIAN,STRAIGHT AND LEVEL,DRY,"RUT, HOLES",Y,FAILING TO YIELD RIGHT-OF-WAY,BEAT_111,3,2,0,5,42.043167,-87.502213
2026-02-13 23:41:00,25,CLEAR,"DARKNESS, LIGHTED ROAD",ANGLE,NOT DIVIDED,STRAIGHT AND LEVEL,DRY,NO DEFECTS,Y,FAILING TO YIELD RIGHT-OF-WAY,BEAT_104,1,2,2,5,41.945508,-87.58509
2026-02-14 00:24:00,35,CLEAR,DAYLIGHT,ANGLE,ONE-WAY,"CURVE, LEVEL",DRY,NO DEFECTS,N,WEATHER,BEAT_120,2,2,1,6,42.179464,-87.388711
2026-02-14 04:35:00,25,CLEAR,"DARKNESS, LIGHTED ROAD",ANGLE,DIVIDED - W/MEDIAN,STRAIGHT AND LEVEL,DRY,DEBRIS ON ROAD,Y,FAILING TO YIELD RIGHT-OF-WAY,BEAT_103,1,2,0,6,41.926508,-87.596772
2026-02-14 08:16:00,30,CLEAR,DAYLIGHT,REAR END,DIVIDED - W/MEDIAN,STRAIGHT AND LEVEL,DRY,WORN SURFACE,N,FAILING TO YIELD RIGHT-OF-WAY,BEAT_103,2,2,0,6,41.927576,-87.591398
2026-02-14 08:44:00,30,CLEAR,"DARKNESS, LIGHTED ROAD",REAR END,NOT DIVIDED,STRAIGHT AND LEVEL,DRY,NO DEFECTS,N,FAILING TO YIELD RIGHT-OF-WAY,BEAT_114,2,2,0,6,42.091084,-87.459153
2026-02-14 09:16:00,50,CLEAR,"DARKNESS, LIGHTED ROAD",REAR END,FOUR WAY INTERSECTION,STRAIGHT AND LEVEL,SNOW OR SLUSH,WORN SURFACE,Y,WEATHER,BEAT_103,2,2,0,6,41.921566,-87.591873
2026-02-14 14:13:00,25,RAIN,DAYLIGHT,TURNING,NOT DIVIDED,STRAIGHT AND LEVEL,WET,NO DEFECTS,N,FAILING TO YIELD RIGHT-OF-WAY,BEAT_116,1,2,0,6,42.120738,-87.438498
2026-02-14 15:52:00,30,CLEAR,DAYLIGHT,TURNING,FOUR WAY INTERSECTION,STRAIGHT AND LEVEL,DRY,NO DEFECTS,Y,FOLLOWING TOO CLOSELY,BEAT_102,2,2,0,6,41.909755,-87.6039
2026-02-14 18:46:00,25,CLEAR,"DARKNESS, LIGHTED ROAD",TURNING,DIVIDED - W/MEDIAN,STRAIGHT AND LEVEL,SNOW OR SLUSH,NO DEFECTS,N,FAILING TO YIELD RIGHT-OF-WAY,BEAT_118,3,2,1,6,42.151193,-87.412143
2026-02-15 01:26:00,35,CLEAR,DAYLIGHT,SIDESWIPE SAME DIRECTION,ONE-WAY,CURVE ON GRADE,WET,NO DEFECTS,Y,DISREGARDING TRAFFIC SIGNALS,BEAT_104,2,2,1,7,41.939562,-87.578584
2026-02-15 03:16:00,25,RAIN,"DARKNESS, LIGHTED ROAD",REAR END,NOT DIVIDED,STRAIGHT AND LEVEL,SNOW OR SLUSH,NO DEFECTS,N,FAILING TO YIELD RIGHT-OF-WAY,BEAT_109,2,2,0,7,42.013966,-87.521522
2026-02-15 04:06:00,30,CLEAR,"DARKNESS, LIGHTED ROAD",REAR END,DIVIDED - W/MEDIAN,STRAIGHT AND LEVEL,SNOW OR SLUSH,NO DEFECTS,N,FAILING TO YIELD RIGHT-OF-WAY,BEAT_116,2,2,0,7,42.118756,-87.439854
2026-02-15 06:57:00,25,CLEAR,DAYLIGHT,REAR END,FOUR WAY INTERSECTION,STRAIGHT AND LEVEL,WET,NO DEFECTS,Y,FAILING TO YIELD RIGHT-OF-WAY,BEAT_113,1,2,0,7,42.072369,-87.478595
2026-02-15 07:43:00,25,CLEAR,DAYLIGHT,REAR END,ONE-WAY,STRAIGHT AND LEVEL,DRY,WORN SURFACE,Y,DRIVING SKILLS/KNOWLEDGE/EXPERIENCE,BEAT_108,2,2,0,7,41.997367,-87.536804
2026-02-15 07:54:00,30,CLEAR,DAYLIGHT,SIDESWIPE SAME DIRECTION,FOUR WAY INTERSECTION,"CURVE, LEVEL",DRY,NO DEFECTS,N,DRIVING SKILLS/KNOWLEDGE/EXPERIENCE,BEAT_105,2,2,0,7,41.953455,-87.571881
2026-02-15 12:54:00,30,CLEAR,DAYLIGHT,REAR END,T-INTERSECTION,"CURVE, LEVEL",DRY,NO DEFECTS,Y,FOLLOWING TOO CLOSELY,BEAT_103,1,2,0,7,41.921676,-87.594885
2026-02-15 14:28:00,30,CLEAR,DAYLIGHT,TURNING,FOUR WAY INTERSECTION,STRAIGHT AND LEVEL,"SAND, MUD, DIRT",NO DEFECTS,Y,IMPROPER OVERTAKING/PASSING,BEAT_112,3,2,1,7,42.060853,-87.488134
2026-02-15 16:50:00,30,RAIN,"DARKNESS, LIGHTED ROAD",SIDESWIPE SAME DIRECTION,NOT DIVIDED,STRAIGHT AND LEVEL,ICE,NO DEFECTS,Y,FAILING TO YIELD RIGHT-OF-WAY,BEAT_120,2,2,1,7,42.178113,-87.390135
2026-02-15 18:27:00,40,CLEAR,DAYLIGHT,FIXED OBJECT,NOT DIVIDED,STRAIGHT AND LEVEL,DRY,NO DEFECTS,N,PHYSICAL CONDITION OF DRIVER,BEAT_110,2,2,0,7,42.036983,-87.507393
2026-02-15 18:31:00,25,SNOW,"DARKNESS, LIGHTED ROAD",ANGLE,DIVIDED - W/MEDIAN,"CURVE, LEVEL",SNOW OR SLUSH,NO DEFECTS,Y,FAILING TO YIELD RIGHT-OF-WAY,BEAT_119,2,2,0,7,42.164795,-87.403266
2026-02-15 20:59:00,25,CLEAR,"DARKNESS, LIGHTED ROAD",SIDESWIPE SAME DIRECTION,FOUR WAY INTERSECTION,STRAIGHT AND LEVEL,DRY,NO DEFECTS,Y,DISREGARDING TRAFFIC SIGNALS,BEAT_110,2,2,0,7,42.023563,-87.510309
2026-02-16 01:47:00,30,RAIN,DAYLIGHT,PARKED MOTOR VEHICLE,DIVIDED - W/MEDIAN,"CURVE, LEVEL",WET,NO DEFECTS,Y,FAILING TO YIELD RIGHT-OF-WAY,BEAT_107,2,2,0,1,41.981631,-87.547812
2026-02-16 03:31:00,45,CLEAR,DAYLIGHT,TURNING,DIVIDED - W/MEDIAN,STRAIGHT AND LEVEL,DRY,NO DEFECTS,Y,FAILING TO YIELD RIGHT-OF-WAY,BEAT_103,2,2,0,1,41.919728,-87.592857
2026-02-16 09:43:00,30,CLEAR,DAYLIGHT,PARKED MOTOR VEHICLE,DIVIDED - W/MEDIAN,STRAIGHT AND LEVEL,DRY,NO DEFECTS,Y,DRIVING SKILLS/KNOWLEDGE/EXPERIENCE,BEAT_116,3,2,0,1,42.119736,-87.436949
2026-02-16 13:38:00,25,RAIN,DAYLIGHT,SIDESWIPE SAME DIRECTION,FOUR WAY INTERSECTION,"CURVE, LEVEL",ICE,NO DEFECTS,Y,FOLLOWING TOO CLOSELY,BEAT_103,2,2,0,1,41.922104,-87.599829
2026-02-16 14:04:00,30,RAIN,"DARKNESS, LIGHTED ROAD",PARKED MOTOR VEHICLE,T-INTERSECTION,STRAIGHT AND LEVEL,ICE,NO DEFECTS,Y,IMPROPER OVERTAKING/PASSING,BEAT_105,1,2,1,1,41.952926,-87.571213
2026-02-16 14:45:00,30,SNOW,DAWN,SIDESWIPE SAME DIRECTION,FOUR WAY INTERSECTION,STRAIGHT AND LEVEL,ICE,NO DEFECTS,Y,FAILING TO YIELD RIGHT-OF-WAY,BEAT_113,2,2,0,1,42.0719,-87.476036
2026-02-16 18:38:00,25,CLEAR,DAYLIGHT,FIXED OBJECT,ONE-WAY,STRAIGHT AND LEVEL,DRY,NO DEFECTS,Y,WEATHER,BEAT_118,2,2,0,1,42.14406,-87.411319
2026-02-16 21:33:00,35,CLEAR,DAYLIGHT,REAR END,DIVIDED - W/MEDIAN,STRAIGHT AND LEVEL,DRY,NO DEFECTS,Y,FAILING TO YIELD RIGHT-OF-WAY,BEAT_109,3,2,0,1,42.016349,-87.523095
2026-02-16 21:42:00,30,CLEAR,DAYLIGHT,ANGLE,DIVIDED - W/MEDIAN,STRAIGHT AND LEVEL,DRY,NO DEFECTS,Y,FOLLOWING TOO CLOSELY,BEAT_120,2,2,0,1,42.17471,-87.387194
2026-02-16 22:40:00,25,CLEAR,"DARKNESS, LIGHTED ROAD",ANGLE,NOT DIVIDED,STRAIGHT ON GRADE,DRY,NO DEFECTS,N,WEATHER,BEAT_119,2,2,0,1,42.16666,-87.40271
2026-02-17 00:56:00,30,CLEAR,DAYLIGHT,SIDESWIPE SAME DIRECTION,T-INTERSECTION,STRAIGHT AND LEVEL,DRY,NO DEFECTS,Y,DRIVING SKILLS/KNOWLEDGE/EXPERIENCE,BEAT_107,2,2,0,2,41.978684,-87.547614
2026-02-17 08:07:00,40,CLEAR,DAYLIGHT,PEDESTRIAN,DIVIDED - W/MEDIAN,STRAIGHT ON GRADE,DRY,NO DEFECTS,N,FAILING TO YIELD RIGHT-OF-WAY,BEAT_120,2,2,0,2,42.17503,-87.392183
2026-02-17 09:36:00,30,CLEAR,DAYLIGHT,ANGLE,T-INTERSECTION,STRAIGHT AND LEVEL,DRY,"RUT, HOLES",N,IMPROPER OVERTAKING/PASSING,BEAT_116,2,2,1,2,42.113812,-87.435009
2026-02-17 10:02:00,25,RAIN,DAYLIGHT,SIDESWIPE SAME DIRECTION,ONE-WAY,STRAIGHT AND LEVEL,WET,NO DEFECTS,N,FAILING TO YIELD RIGHT-OF-WAY,BEAT_110,2,2,0,2,42.02845,-87.511086
2026-02-17 10:07:00,35,CLEAR,DARKNESS,ANGLE,NOT DIVIDED,STRAIGHT AND LEVEL,DRY,NO DEFECTS,N,DRIVING SKILLS/KNOWLEDGE/EXPERIENCE,BEAT_109,2,2,0,2,42.014835,-87.523769
2026-02-17 10:28:00,25,CLEAR,"DARKNESS, LIGHTED ROAD",PARKED MOTOR VEHICLE,DIVIDED - W/MEDIAN,STRAIGHT AND LEVEL,DRY,NO DEFECTS,Y,FOLLOWING TOO CLOSELY,BEAT_113,2,2,0,2,42.071619,-87.473744
2026-02-17 18:15:00,25,CLEAR,DAYLIGHT,ANGLE,DIVIDED - W/MEDIAN,STRAIGHT AND LEVEL,DRY,NO DEFECTS,Y,DRIVING SKILLS/KNOWLEDGE/EXPERIENCE,BEAT_111,2,2,2,2,42.036036,-87.498418
2026-02-18 01:29:00,30,CLEAR,DAYLIGHT,TURNING,DIVIDED - W/MEDIAN,"CURVE, LEVEL",DRY,NO DEFECTS,N,FAILING TO YIELD RIGHT-OF-WAY,BEAT_115,1,2,0,3,42.106029,-87.447788
2026-02-18 02:06:00,30,CLEAR,DAYLIGHT,SIDESWIPE SAME DIRECTION,NOT DIVIDED,"CURVE, LEVEL",WET,NO DEFECTS,Y,FAILING TO YIELD RIGHT-OF-WAY,BEAT_111,4,2,0,3,42.040835,-87.49211
2026-02-18 02:47:00,30,RAIN,DUSK,TURNING,DIVIDED - W/MEDIAN,STRAIGHT AND LEVEL,SNOW OR SLUSH,NO DEFECTS,Y,DRIVING SKILLS/KNOWLEDGE/EXPERIENCE,BEAT_105,2,2,0,3,41.95587,-87.573683
2026-02-18 03:06:00,40,RAIN,DAYLIGHT,PEDESTRIAN,NOT DIVIDED,STRAIGHT AND LEVEL,WET,NO DEFECTS,N,PHYSICAL CONDITION OF DRIVER,BEAT_117,4,2,0,3,42.136817,-87.421458
2026-02-18 03:19:00,25,CLEAR,"DARKNESS, LIGHTED ROAD",REAR END,NOT DIVIDED,STRAIGHT AND LEVEL,DRY,NO DEFECTS,N,FOLLOWING TOO CLOSELY,BEAT_109,2,2,0,3,42.012447,-87.517668
2026-02-18 04:01:00,30,CLEAR,DAYLIGHT,ANGLE,DIVIDED - W/MEDIAN,"CURVE, LEVEL",DRY,NO DEFECTS,N,FOLLOWING TOO CLOSELY,BEAT_120,2,2,1,3,42.178057,-87.390443
2026-02-18 05:01:00,40,SEVERE RAIN,DAYLIGHT,REAR END,ONE-WAY,STRAIGHT AND LEVEL,WET,WORN SURFACE,Y,FAILING TO YIELD RIGHT-OF-WAY,BEAT_109,2,2,1,3,42.012685,-87.524535
2026-02-18 05:46:00,30,RAIN,DAYLIGHT,SIDESWIPE SAME DIRECTION,DIVIDED - W/MEDIAN,STRAIGHT AND LEVEL,SNOW OR SLUSH,"RUT, HOLES",N,DRIVING SKILLS/KNOWLEDGE/EXPERIENCE,BEAT_108,2,2,0,3,41.994285,-87.533774
2026-02-18 07:01:00,30,CLEAR,DARKNESS,REAR END,NOT DIVIDED,STRAIGHT AND LEVEL,DRY,NO DEFECTS,Y,FOLLOWING TOO CLOSELY,BEAT_112,2,2,1,3,42.063052,-87.487445
2026-02-18 08:14:00,25,CLEAR,"DARKNESS, LIGHTED ROAD",REAR END,ONE-WAY,STRAIGHT AND LEVEL,WET,NO DEFECTS,N,WEATHER,BEAT_107,3,2,0,3,41.9845,-87.549998
2026-02-18 09:44:00,30,RAIN,DAYLIGHT,SIDESWIPE SAME DIRECTION,NOT DIVIDED,STRAIGHT AND LEVEL,WET,NO DEFECTS,N,WEATHER,BEAT_118,1,2,0,3,42.147932,-87.410745
2026-02-18 15:35:00,25,RAIN,DAYLIGHT,PEDESTRIAN,NOT DIVIDED,STRAIGHT AND LEVEL,SNOW OR SLUSH,NO DEFECTS,N,WEATHER,BEAT_108,2,2,0,3,42.000492,-87.535119
2026-02-18 16:52:00,20,CLEAR,DAYLIGHT,SIDESWIPE SAME DIRECTION,FOUR WAY INTERSECTION,STRAIGHT AND LEVEL,WET,NO DEFECTS,N,FAILING TO YIELD RIGHT-OF-WAY,BEAT_107,2,2,0,3,41.983268,-87.541428
2026-02-18 21:36:00,40,CLEAR,"DARKNESS, LIGHTED ROAD",PARKED MOTOR VEHICLE,DIVIDED - W/MEDIAN,STRAIGHT AND LEVEL,SNOW OR SLUSH,DEBRIS ON ROAD,Y,FAILING TO YIELD RIGHT-OF-WAY,BEAT_116,2,2,0,3,42.118606,-87.440534
2026-02-19 00:59:00,30,CLEAR,DAYLIGHT,REAR END,ONE-WAY,STRAIGHT AND LEVEL,DRY,NO DEFECTS,N,FOLLOWING TOO CLOSELY,BEAT_106,2,2,0,4,41.967384,-87.555083
2026-02-19 05:04:00,30,CLEAR,DAYLIGHT,REAR END,DIVIDED - W/MEDIAN,CURVE ON GRADE,DRY,NO DEFECTS,Y,FAILING TO YIELD RIGHT-OF-WAY,BEAT_106,2,2,1,4,41.967217,-87.563713
2026-02-19 05:32:00,30,CLEAR,"DARKNESS, LIGHTED ROAD",SIDESWIPE SAME DIRECTION,DIVIDED - W/MEDIAN,STRAIGHT AND LEVEL,DRY,NO DEFECTS,N,DRIVING SKILLS/KNOWLEDGE/EXPERIENCE,BEAT_107,2,2,0,4,41.983337,-87.546473
2026-02-19 08:46:00,25,RAIN,DAYLIGHT,SIDESWIPE SAME DIRECTION,DIVIDED - W/MEDIAN,"CURVE, LEVEL",SNOW OR SLUSH,NO DEFECTS,N,FAILING TO YIELD RIGHT-OF-WAY,BEAT_114,2,2,0,4,42.091754,-87.461808
2026-02-19 09:06:00,40,CLEAR,DAYLIGHT,REAR END,FOUR WAY INTERSECTION,STRAIGHT AND LEVEL,DRY,NO DEFECTS,Y,FOLLOWING TOO CLOSELY,BEAT_104,3,2,0,4,41.937339,-87.585583
2026-02-19 09:40:00,25,CLEAR,DAYLIGHT,REAR END,DIVIDED - W/MEDIAN,STRAIGHT AND LEVEL,DRY,"RUT, HOLES",Y,IMPROPER OVERTAKING/PASSING,BEAT_115,1,2,0,4,42.100643,-87.45467
2026-02-19 11:18:00,25,RAIN,DAYLIGHT,TURNING,NOT DIVIDED,STRAIGHT AND LEVEL,SNOW OR SLUSH,"RUT, HOLES",Y,FAILING TO YIELD RIGHT-OF-WAY,BEAT_120,2,2,2,4,42.17942,-87.393463
2026-02-19 13:53:00,40,CLEAR,DAYLIGHT,ANGLE,DIVIDED - W/MEDIAN,STRAIGHT AND LEVEL,DRY,NO DEFECTS,N,FAILING TO YIELD RIGHT-OF-WAY,BEAT_110,2,2,0,4,42.029693,-87.509353
2026-02-19 18:33:00,30,CLEAR,"DARKNESS, LIGHTED ROAD",ANGLE,DIVIDED - W/MEDIAN,"CURVE, LEVEL",DRY,NO DEFECTS,N,WEATHER,BEAT_110,2,2,0,4,42.026428,-87.510529
2026-02-19 18:59:00,30,CLEAR,DAWN,REAR END,NOT DIVIDED,STRAIGHT AND LEVEL,DRY,"RUT, HOLES",N,FOLLOWING TOO CLOSELY,BEAT_104,3,2,1,4,41.936392,-87.580154
2026-02-19 19:05:00,25,CLEAR,DAYLIGHT,PARKED MOTOR VEHICLE,DIVIDED - W/MEDIAN,"CURVE, LEVEL",DRY,NO DEFECTS,Y,FOLLOWING TOO CLOSELY,BEAT_120,2,2,0,4,42.174425,-87.387123
2026-02-19 20:03:00,25,FOG/SMOKE/HAZE,DAYLIGHT,ANGLE,ONE-WAY,STRAIGHT AND LEVEL,SNOW OR SLUSH,NO DEFECTS,N,FAILING TO YIELD RIGHT-OF-WAY,BEAT_112,2,2,0,4,42.054141,-87.486074
2026-02-20 03:25:00,35,CLEAR,DAYLIGHT,REAR END,NOT DIVIDED,STRAIGHT AND LEVEL,DRY,NO DEFECTS,Y,FAILING TO YIELD RIGHT-OF-WAY,BEAT_101,2,2,1,5,41.896828,-87.621383
2026-02-20 03:35:00,25,CLEAR,"DARKNESS, LIGHTED ROAD",ANGLE,ONE-WAY,STRAIGHT AND LEVEL,WET,NO DEFECTS,Y,FOLLOWING TOO CLOSELY,BEAT_119,2,2,0,5,42.164508,-87.401365
2026-02-20 05:08:00,25,CLEAR,DAYLIGHT,PARKED MOTOR VEHICLE,DIVIDED - W/MEDIAN,STRAIGHT AND LEVEL,WET,NO DEFECTS,N,FAILING TO YIELD RIGHT-OF-WAY,BEAT_116,2,2,0,5,42.122377,-87.438212
2026-02-20 07:38:00,20,SNOW,DUSK,PARKED MOTOR VEHICLE,NOT DIVIDED,STRAIGHT AND LEVEL,ICE,NO DEFECTS,Y,FAILING TO YIELD RIGHT-OF-WAY,BEAT_116,2,2,0,5,42.121887,-87.434829