CRASH_DATE,POSTED_SPEED_LIMIT,WEATHER_CONDITION,LIGHTING_CONDITION,FIRST_CRASH_TYPE,TRAFFICWAY_TYPE,ALIGNMENT,ROADWAY_SURFACE_COND,ROAD_DEFECT,INTERSECTION_RELATED_I,PRIM_CONTRIBUTORY_CAUSE,BEAT_OF_OCCURRENCE,NUM_UNITS,CRASH_MONTH,INJURIES_TOTAL,CRASH_DAY_OF_WEEK,LATITUDE,LONGITUDE
2026-02-20 08:36:00,25,SNOW,DAYLIGHT,PARKED MOTOR VEHICLE,NOT DIVIDED,STRAIGHT AND LEVEL,WET,NO DEFECTS,N,FAILING TO YIELD RIGHT-OF-WAY,BEAT_101,4,2,0,5,41.892743,-87.621756
2026-02-20 10:17:00,25,CLEAR,"DARKNESS, LIGHTED ROAD",SIDESWIPE SAME DIRECTION,NOT DIVIDED,"CURVE, LEVEL",ICE,NO DEFECTS,N,DISREGARDING TRAFFIC SIGNALS,BEAT_110,1,2,0,5,42.027938,-87.506031
2026-02-20 11:53:00,35,CLEAR,DAYLIGHT,SIDESWIPE SAME DIRECTION,FOUR WAY INTERSECTION,STRAIGHT AND LEVEL,DRY,NO DEFECTS,Y,DRIVING SKILLS/KNOWLEDGE/EXPERIENCE,BEAT_119,2,2,1,5,42.169235,-87.403376
2026-02-20 15:07:00,30,RAIN,"DARKNESS, LIGHTED ROAD",ANGLE,DIVIDED - W/MEDIAN,STRAIGHT AND LEVEL,WET,NO DEFECTS,N,FOLLOWING TOO CLOSELY,BEAT_119,2,2,0,5,42.166867,-87.403758
2026-02-20 17:05:00,25,RAIN,DAYLIGHT,REAR END,NOT DIVIDED,STRAIGHT AND LEVEL,WET,DEBRIS ON ROAD,N,DRIVING SKILLS/KNOWLEDGE/EXPERIENCE,BEAT_115,1,2,0,5,42.099812,-87.449908
2026-02-20 19:48:00,25,CLEAR,DAYLIGHT,REAR END,ONE-WAY,STRAIGHT AND LEVEL,DRY,NO DEFECTS,Y,DRIVING SKILLS/KNOWLEDGE/EXPERIENCE,BEAT_120,2,2,0,5,42.18283,-87.387555
2026-02-21 00:16:00,25,FOG/SMOKE/HAZE,"DARKNESS, LIGHTED ROAD",REAR END,FOUR WAY INTERSECTION,STRAIGHT AND LEVEL,WET,NO DEFECTS,Y,FAILING TO YIELD RIGHT-OF-WAY,BEAT_112,2,2,0,6,42.057714,-87.484684
2026-02-21 01:29:00,30,CLEAR,"DARKNESS, LIGHTED ROAD",REAR END,NOT DIVIDED,STRAIGHT AND LEVEL,DRY,NO DEFECTS,N,FOLLOWING TOO CLOSELY,BEAT_104,1,2,0,6,41.935071,-87.581247
2026-02-21 01:44:00,35,SNOW,DAYLIGHT,REAR END,FOUR WAY INTERSECTION,STRAIGHT AND LEVEL,WET,NO DEFECTS,Y,DRIVING SKILLS/KNOWLEDGE/EXPERIENCE,BEAT_111,2,2,0,6,42.044636,-87.50187
2026-02-21 01:59:00,25,CLEAR,DAYLIGHT,PEDESTRIAN,DIVIDED - W/MEDIAN,"CURVE, LEVEL",DRY,NO DEFECTS,Y,WEATHER,BEAT_101,2,2,0,6,41.890967,-87.611795
2026-02-21 09:23:00,40,CLEAR,DAYLIGHT,ANGLE,ONE-WAY,STRAIGHT AND LEVEL,DRY,NO DEFECTS,N,IMPROPER OVERTAKING/PASSING,BEAT_110,3,2,0,6,42.027442,-87.509741
2026-02-21 11:50:00,30,CLEAR,DARKNESS,FIXED OBJECT,FOUR WAY INTERSECTION,STRAIGHT AND LEVEL,DRY,NO DEFECTS,N,WEATHER,BEAT_117,1,2,0,6,42.132285,-87.4235
2026-02-21 11:54:00,35,CLEAR,DAYLIGHT,TURNING,FOUR WAY INTERSECTION,STRAIGHT ON GRADE,DRY,NO DEFECTS,N,DISREGARDING TRAFFIC SIGNALS,BEAT_113,2,2,0,6,42.071967,-87.470003
2026-02-21 14:03:00,25,RAIN,"DARKNESS, LIGHTED ROAD",PARKED MOTOR VEHICLE,ONE-WAY,STRAIGHT AND LEVEL,ICE,NO DEFECTS,N,FOLLOWING TOO CLOSELY,BEAT_118,2,2,0,6,42.150599,-87.414995
2026-02-21 15:31:00,25,CLEAR,"DARKNESS, LIGHTED ROAD",SIDESWIPE SAME DIRECTION,NOT DIVIDED,STRAIGHT AND LEVEL,DRY,NO DEFECTS,Y,DISREGARDING TRAFFIC SIGNALS,BEAT_105,1,2,1,6,41.956038,-87.568119
2026-02-21 16:35:00,30,CLEAR,"DARKNESS, LIGHTED ROAD",SIDESWIPE SAME DIRECTION,T-INTERSECTION,STRAIGHT AND LEVEL,DRY,NO DEFECTS,N,DRIVING SKILLS/KNOWLEDGE/EXPERIENCE,BEAT_116,2,2,3,6,42.121785,-87.435927
2026-02-21 18:06:00,25,CLEAR,DARKNESS,SIDESWIPE SAME DIRECTION,NOT DIVIDED,STRAIGHT AND LEVEL,DRY,NO DEFECTS,Y,DRIVING SKILLS/KNOWLEDGE/EXPERIENCE,BEAT_114,2,2,0,6,42.088603,-87.468155
2026-02-21 19:28:00,25,CLEAR,"DARKNESS, LIGHTED ROAD",ANGLE,DIVIDED - W/MEDIAN,"CURVE, LEVEL",DRY,NO DEFECTS,Y,FOLLOWING TOO CLOSELY,BEAT_105,2,2,0,6,41.949802,-87.569291
2026-02-21 19:53:00,35,CLEAR,DAYLIGHT,PEDESTRIAN,ONE-WAY,STRAIGHT ON GRADE,WET,NO DEFECTS,N,FAILING TO YIELD RIGHT-OF-WAY,BEAT_110,2,2,0,6,42.026641,-87.507761
2026-02-21 22:20:00,25,RAIN,DAYLIGHT,TURNING,DIVIDED - W/MEDIAN,STRAIGHT AND LEVEL,WET,NO DEFECTS,N,FOLLOWING TOO CLOSELY,BEAT_101,2,2,0,6,41.894045,-87.616971
2026-02-21 23:20:00,40,CLEAR,"DARKNESS, LIGHTED ROAD",SIDESWIPE SAME DIRECTION,DIVIDED - W/MEDIAN,STRAIGHT AND LEVEL,DRY,NO DEFECTS,N,FAILING TO YIELD RIGHT-OF-WAY,BEAT_116,2,2,0,6,42.121221,-87.434323
2026-02-21 23:24:00,30,FOG/SMOKE/HAZE,DAYLIGHT,SIDESWIPE SAME DIRECTION,NOT DIVIDED,STRAIGHT AND LEVEL,ICE,"RUT, HOLES",Y,DRIVING SKILLS/KNOWLEDGE/EXPERIENCE,BEAT_113,2,2,0,6,42.074747,-87.474565
2026-02-21 23:43:00,25,RAIN,DAYLIGHT,REAR END,FOUR WAY INTERSECTION,STRAIGHT AND LEVEL,SNOW OR SLUSH,NO DEFECTS,N,FOLLOWING TOO CLOSELY,BEAT_120,2,2,0,6,42.179634,-87.393486
2026-02-22 00:36:00,30,RAIN,DAYLIGHT,REAR END,T-INTERSECTION,STRAIGHT AND LEVEL,WET,NO DEFECTS,N,DRIVING SKILLS/KNOWLEDGE/EXPERIENCE,BEAT_113,2,2,0,7,42.074287,-87.468846
2026-02-22 01:24:00,35,RAIN,"DARKNESS, LIGHTED ROAD",SIDESWIPE SAME DIRECTION,FOUR WAY INTERSECTION,STRAIGHT AND LEVEL,ICE,WORN SURFACE,N,FAILING TO YIELD RIGHT-OF-WAY,BEAT_103,2,2,0,7,41.921614,-87.594183
2026-02-22 07:25:00,40,CLEAR,DAYLIGHT,ANGLE,DIVIDED - W/MEDIAN,STRAIGHT AND LEVEL,DRY,NO DEFECTS,N,FOLLOWING TOO CLOSELY,BEAT_114,3,2,0,7,42.088434,-87.453173
2026-02-22 07:33:00,25,RAIN,DAWN,PEDESTRIAN,DIVIDED - W/MEDIAN,STRAIGHT AND LEVEL,WET,NO DEFECTS,Y,WEATHER,BEAT_114,3,2,1,7,42.087942,-87.462781
2026-02-22 09:07:00,55,CLEAR,DAWN,ANGLE,NOT DIVIDED,STRAIGHT AND LEVEL,DRY,NO DEFECTS,N,FAILING TO YIELD RIGHT-OF-WAY,BEAT_103,3,2,0,7,41.928512,-87.594264
2026-02-22 09:48:00,25,CLEAR,"DARKNESS, LIGHTED ROAD",TURNING,NOT DIVIDED,STRAIGHT AND LEVEL,DRY,NO DEFECTS,N,FAILING TO YIELD RIGHT-OF-WAY,BEAT_117,2,2,0,7,42.135449,-87.424672
2026-02-22 11:37:00,40,CLEAR,"DARKNESS, LIGHTED ROAD",REAR END,NOT DIVIDED,"CURVE, LEVEL",DRY,NO DEFECTS,Y,FOLLOWING TOO CLOSELY,BEAT_103,2,2,0,7,41.9298,-87.592783
2026-02-22 17:00:00,25,CLEAR,DAYLIGHT,REAR END,NOT DIVIDED,STRAIGHT AND LEVEL,DRY,NO DEFECTS,Y,FAILING TO YIELD RIGHT-OF-WAY,BEAT_102,2,2,0,7,41.908613,-87.609287
2026-02-22 19:50:00,25,CLEAR,DAYLIGHT,PEDESTRIAN,NOT DIVIDED,STRAIGHT AND LEVEL,"SAND, MUD, DIRT",NO DEFECTS,Y,FAILING TO YIELD RIGHT-OF-WAY,BEAT_108,2,2,0,7,41.997798,-87.536639
2026-02-22 19:51:00,30,SEVERE RAIN,DAYLIGHT,TURNING,ONE-WAY,STRAIGHT AND LEVEL,WET,"RUT, HOLES",N,IMPROPER OVERTAKING/PASSING,BEAT_109,2,2,0,7,42.007425,-87.516774
2026-02-22 20:48:00,35,CLEAR,DAYLIGHT,TURNING,ONE-WAY,STRAIGHT AND LEVEL,DRY,NO DEFECTS,N,WEATHER,BEAT_103,2,2,0,7,41.923715,-87.592557
2026-02-22 22:15:00,25,CLEAR,DAYLIGHT,ANGLE,NOT DIVIDED,"CURVE, LEVEL",DRY,NO DEFECTS,Y,DRIVING SKILLS/KNOWLEDGE/EXPERIENCE,BEAT_107,1,2,0,7,41.983063,-87.548492
2026-02-23 00:01:00,25,CLEAR,DAYLIGHT,REAR END,T-INTERSECTION,CURVE ON GRADE,DRY,NO DEFECTS,N,FAILING TO YIELD RIGHT-OF-WAY,BEAT_104,2,2,0,1,41.940677,-87.577813
2026-02-23 00:56:00,20,CLEAR,"DARKNESS, LIGHTED ROAD",TURNING,NOT DIVIDED,STRAIGHT AND LEVEL,DRY,NO DEFECTS,N,FAILING TO YIELD RIGHT-OF-WAY,BEAT_111,2,2,0,1,42.039178,-87.499896
2026-02-23 02:31:00,25,CLEAR,"DARKNESS, LIGHTED ROAD",PEDESTRIAN,ONE-WAY,STRAIGHT AND LEVEL,DRY,NO DEFECTS,N,DRIVING SKILLS/KNOWLEDGE/EXPERIENCE,BEAT_108,2,2,0,1,41.996955,-87.533
2026-02-23 07:20:00,45,RAIN,DAYLIGHT,ANGLE,DIVIDED - W/MEDIAN,STRAIGHT AND LEVEL,SNOW OR SLUSH,NO DEFECTS,Y,FAILING TO YIELD RIGHT-OF-WAY,BEAT_117,2,2,0,1,42.13463,-87.422573
2026-02-23 08:22:00,50,CLEAR,DAYLIGHT,FIXED OBJECT,FOUR WAY INTERSECTION,STRAIGHT AND LEVEL,DRY,NO DEFECTS,Y,FOLLOWING TOO CLOSELY,BEAT_117,3,2,0,1,42.135847,-87.42478
2026-02-23 13:45:00,35,CLEAR,"DARKNESS, LIGHTED ROAD",PEDESTRIAN,DIVIDED - W/MEDIAN,"CURVE, LEVEL",DRY,"RUT, HOLES",N,DRIVING SKILLS/KNOWLEDGE/EXPERIENCE,BEAT_118,2,2,0,1,42.147851,-87.415846
2026-02-23 19:50:00,25,CLEAR,DAYLIGHT,TURNING,NOT DIVIDED,STRAIGHT AND LEVEL,"SAND, MUD, DIRT",NO DEFECTS,N,FOLLOWING TOO CLOSELY,BEAT_104,2,2,0,1,41.938383,-87.581136
2026-02-23 21:44:00,35,CLEAR,DARKNESS,REAR END,ONE-WAY,STRAIGHT ON GRADE,DRY,NO DEFECTS,Y,FOLLOWING TOO CLOSELY,BEAT_101,2,2,0,1,41.890561,-87.619604
2026-02-24 02:40:00,25,CLEAR,DAYLIGHT,REAR END,ALLEY,STRAIGHT AND LEVEL,DRY,NO DEFECTS,Y,WEATHER,BEAT_110,2,2,0,2,42.025934,-87.511265
2026-02-24 03:50:00,25,RAIN,DAYLIGHT,REAR END,ONE-WAY,STRAIGHT AND LEVEL,WET,NO DEFECTS,Y,FAILING TO YIELD RIGHT-OF-WAY,BEAT_119,2,2,1,2,42.162886,-87.398838
2026-02-24 06:56:00,30,FOG/SMOKE/HAZE,DUSK,REAR END,DIVIDED - W/MEDIAN,STRAIGHT AND LEVEL,WET,"RUT, HOLES",Y,IMPROPER OVERTAKING/PASSING,BEAT_117,2,2,0,2,42.132145,-87.425415
2026-02-24 10:12:00,25,CLEAR,DAYLIGHT,REAR END,DIVIDED - W/MEDIAN,STRAIGHT AND LEVEL,DRY,NO DEFECTS,N,FOLLOWING TOO CLOSELY,BEAT_101,2,2,0,2,41.894193,-87.618795
2026-02-24 11:51:00,25,RAIN,DAYLIGHT,REAR END,NOT DIVIDED,STRAIGHT AND LEVEL,WET,NO DEFECTS,Y,FAILING TO YIELD RIGHT-OF-WAY,BEAT_106,2,2,0,2,41.967163,-87.557307
2026-02-24 12:03:00,30,CLEAR,DAWN,PARKED MOTOR VEHICLE,ONE-WAY,STRAIGHT ON GRADE,DRY,"RUT, HOLES",Y,FAILING TO YIELD RIGHT-OF-WAY,BEAT_118,2,2,0,2,42.147669,-87.422959
2026-02-24 15:02:00,30,FOG/SMOKE/HAZE,DUSK,SIDESWIPE SAME DIRECTION,NOT DIVIDED,STRAIGHT AND LEVEL,WET,NO DEFECTS,Y,FAILING TO YIELD RIGHT-OF-WAY,BEAT_119,2,2,0,2,42.165284,-87.398347
2026-02-24 15:58:00,35,CLEAR,"DARKNESS, LIGHTED ROAD",REAR END,NOT DIVIDED,STRAIGHT AND LEVEL,DRY,NO DEFECTS,N,FAILING TO YIELD RIGHT-OF-WAY,BEAT_119,2,2,0,2,42.166096,-87.398251
2026-02-24 20:15:00,30,CLEAR,DAYLIGHT,TURNING,NOT DIVIDED,STRAIGHT AND LEVEL,WET,NO DEFECTS,N,DISREGARDING TRAFFIC SIGNALS,BEAT_117,2,2,0,2,42.131199,-87.431519
2026-02-25 02:46:00,40,CLEAR,DAYLIGHT,PARKED MOTOR VEHICLE,DIVIDED - W/MEDIAN,STRAIGHT AND LEVEL,DRY,SHOULDER DEFECT,Y,PHYSICAL CONDITION OF DRIVER,BEAT_118,2,2,0,3,42.150585,-87.411718
2026-02-25 02:56:00,25,CLEAR,DAYLIGHT,REAR END,DIVIDED - W/MEDIAN,STRAIGHT ON GRADE,SNOW OR SLUSH,NO DEFECTS,N,FOLLOWING TOO CLOSELY,BEAT_109,2,2,0,3,42.013462,-87.521419
2026-02-25 07:27:00,25,FOG/SMOKE/HAZE,"DARKNESS, LIGHTED ROAD",PEDESTRIAN,T-INTERSECTION,STRAIGHT AND LEVEL,WET,NO DEFECTS,N,DRIVING SKILLS/KNOWLEDGE/EXPERIENCE,BEAT_113,1,2,0,3,42.072842,-87.478301
2026-02-25 07:34:00,30,RAIN,DAYLIGHT,FIXED OBJECT,FOUR WAY INTERSECTION,STRAIGHT AND LEVEL,WET,"RUT, HOLES",N,FAILING TO YIELD RIGHT-OF-WAY,BEAT_117,2,2,0,3,42.131197,-87.421882
2026-02-25 08:09:00,30,CLEAR,DAYLIGHT,TURNING,FOUR WAY INTERSECTION,STRAIGHT AND LEVEL,DRY,NO DEFECTS,Y,FAILING TO YIELD RIGHT-OF-WAY,BEAT_120,2,2,1,3,42.176505,-87.390835
2026-02-25 09:01:00,25,CLEAR,DAYLIGHT,PARKED MOTOR VEHICLE,NOT DIVIDED,STRAIGHT AND LEVEL,SNOW OR SLUSH,NO DEFECTS,N,FAILING TO YIELD RIGHT-OF-WAY,BEAT_117,2,2,0,3,42.137821,-87.42443
2026-02-25 09:38:00,35,SEVERE RAIN,DAYLIGHT,REAR END,FOUR WAY INTERSECTION,STRAIGHT AND LEVEL,WET,DEBRIS ON ROAD,Y,DISREGARDING TRAFFIC SIGNALS,BEAT_117,2,2,1,3,42.129037,-87.428809
2026-02-25 11:50:00,45,RAIN,"DARKNESS, LIGHTED ROAD",REAR END,DIVIDED - W/MEDIAN,STRAIGHT AND LEVEL,SNOW OR SLUSH,NO DEFECTS,Y,DRIVING SKILLS/KNOWLEDGE/EXPERIENCE,BEAT_105,2,2,0,3,41.955314,-87.569467
2026-02-25 21:03:00,30,CLEAR,"DARKNESS, LIGHTED ROAD",ANGLE,NOT DIVIDED,STRAIGHT AND LEVEL,DRY,DEBRIS ON ROAD,N,FAILING TO YIELD RIGHT-OF-WAY,BEAT_112,1,2,0,3,42.060298,-87.489623
2026-02-25 22:57:00,30,CLEAR,DAYLIGHT,PARKED MOTOR VEHICLE,ONE-WAY,STRAIGHT AND LEVEL,DRY,NO DEFECTS,N,FOLLOWING TOO CLOSELY,BEAT_118,2,2,0,3,42.145057,-87.409847
2026-02-26 02:27:00,50,RAIN,DAYLIGHT,TURNING,DIVIDED - W/MEDIAN,STRAIGHT AND LEVEL,WET,NO DEFECTS,Y,DISREGARDING TRAFFIC SIGNALS,BEAT_114,2,2,0,4,42.087953,-87.460411
2026-02-26 04:36:00,35,CLEAR,"DARKNESS, LIGHTED ROAD",FIXED OBJECT,NOT DIVIDED,STRAIGHT AND LEVEL,DRY,WORN SURFACE,N,FOLLOWING TOO CLOSELY,BEAT_112,2,2,0,4,42.060651,-87.487213
2026-02-26 07:04:00,25,CLEAR,DAYLIGHT,PARKED MOTOR VEHICLE,ONE-WAY,STRAIGHT AND LEVEL,DRY,NO DEFECTS,Y,DISREGARDING TRAFFIC SIGNALS,BEAT_112,2,2,0,4,42.052086,-87.486827
2026-02-26 08:15:00,25,RAIN,DARKNESS,REAR END,FOUR WAY INTERSECTION,STRAIGHT AND LEVEL,WET,NO DEFECTS,Y,FOLLOWING TOO CLOSELY,BEAT_116,2,2,1,4,42.116173,-87.437437
2026-02-26 09:04:00,30,CLEAR,"DARKNESS, LIGHTED ROAD",TURNING,FOUR WAY INTERSECTION,STRAIGHT AND LEVEL,WET,WORN SURFACE,N,FAILING TO YIELD RIGHT-OF-WAY,BEAT_114,2,2,1,4,42.088812,-87.463076
2026-02-26 10:53:00,30,CLEAR,DAYLIGHT,FIXED OBJECT,DIVIDED - W/MEDIAN,STRAIGHT AND LEVEL,DRY,NO DEFECTS,Y,FAILING TO YIELD RIGHT-OF-WAY,BEAT_117,2,2,1,4,42.134632,-87.430572
2026-02-26 12:55:00,25,RAIN,DAYLIGHT,TURNING,NOT DIVIDED,STRAIGHT AND LEVEL,WET,NO DEFECTS,Y,FAILING TO YIELD RIGHT-OF-WAY,BEAT_113,2,2,0,4,42.073396,-87.47201
2026-02-26 16:10:00,30,CLEAR,DAYLIGHT,REAR END,NOT DIVIDED,STRAIGHT AND LEVEL,DRY,NO DEFECTS,Y,FAILING TO YIELD RIGHT-OF-WAY,BEAT_107,2,2,0,4,41.98529,-87.549155
2026-02-27 02:03:00,25,CLEAR,"DARKNESS, LIGHTED ROAD",SIDESWIPE SAME DIRECTION,FOUR WAY INTERSECTION,CURVE ON GRADE,DRY,NO DEFECTS,Y,DISREGARDING TRAFFIC SIGNALS,BEAT_112,2,2,1,5,42.053493,-87.482319
2026-02-27 07:45:00,30,RAIN,DAYLIGHT,PEDESTRIAN,DIVIDED - W/MEDIAN,STRAIGHT AND LEVEL,WET,NO DEFECTS,N,FOLLOWING TOO CLOSELY,BEAT_117,2,2,0,5,42.133189,-87.427872
2026-02-27 12:20:00,40,CLEAR,DAYLIGHT,ANGLE,NOT DIVIDED,STRAIGHT AND LEVEL,"SAND, MUD, DIRT",NO DEFECTS,Y,DISREGARDING TRAFFIC SIGNALS,BEAT_118,2,2,0,5,42.147182,-87.414245
2026-02-27 19:27:00,50,RAIN,"DARKNESS, LIGHTED ROAD",PEDESTRIAN,T-INTERSECTION,STRAIGHT AND LEVEL,WET,"RUT, HOLES",Y,FAILING TO YIELD RIGHT-OF-WAY,BEAT_108,1,2,0,5,41.999068,-87.536282
2026-02-27 21:23:00,25,CLEAR,"DARKNESS, LIGHTED ROAD",SIDESWIPE SAME DIRECTION,ONE-WAY,STRAIGHT AND LEVEL,WET,NO DEFECTS,N,DRIVING SKILLS/KNOWLEDGE/EXPERIENCE,BEAT_102,2,2,0,5,41.908745,-87.610072
2026-02-27 22:22:00,25,CLEAR,DARKNESS,REAR END,DIVIDED - W/MEDIAN,STRAIGHT AND LEVEL,DRY,NO DEFECTS,N,FAILING TO YIELD RIGHT-OF-WAY,BEAT_117,2,2,0,5,42.131967,-87.426135
2026-02-27 23:17:00,25,CLEAR,DAYLIGHT,REAR END,DIVIDED - W/MEDIAN,STRAIGHT AND LEVEL,DRY,NO DEFECTS,Y,FAILING TO YIELD RIGHT-OF-WAY,BEAT_115,2,2,0,5,42.106907,-87.44469
2026-02-28 00:31:00,25,CLEAR,DAYLIGHT,FIXED OBJECT,DIVIDED - W/MEDIAN,STRAIGHT AND LEVEL,DRY,NO DEFECTS,N,WEATHER,BEAT_109,2,2,0,6,42.014634,-87.518884
2026-02-28 03:12:00,30,CLEAR,DAYLIGHT,SIDESWIPE SAME DIRECTION,FOUR WAY INTERSECTION,STRAIGHT AND LEVEL,DRY,"RUT, HOLES",Y,FAILING TO YIELD RIGHT-OF-WAY,BEAT_119,2,2,0,6,42.167435,-87.400759
2026-02-28 03:52:00,30,CLEAR,"DARKNESS, LIGHTED ROAD",TURNING,NOT DIVIDED,STRAIGHT AND LEVEL,DRY,NO DEFECTS,N,WEATHER,BEAT_107,2,2,0,6,41.981237,-87.546229
2026-02-28 06:43:00,30,SNOW,"DARKNESS, LIGHTED ROAD",ANGLE,DIVIDED - W/MEDIAN,STRAIGHT AND LEVEL,SNOW OR SLUSH,NO DEFECTS,N,WEATHER,BEAT_117,2,2,0,6,42.131716,-87.423603
2026-02-28 08:12:00,25,RAIN,DAYLIGHT,PEDESTRIAN,DIVIDED - W/MEDIAN,STRAIGHT AND LEVEL,WET,SHOULDER DEFECT,N,FAILING TO YIELD RIGHT-OF-WAY,BEAT_120,2,2,0,6,42.174876,-87.387863
2026-02-28 09:24:00,25,SNOW,DAYLIGHT,REAR END,ONE-WAY,STRAIGHT AND LEVEL,WET,NO DEFECTS,N,FAILING TO YIELD RIGHT-OF-WAY,BEAT_104,2,2,0,6,41.937492,-87.583915
2026-02-28 11:24:00,45,CLEAR,DAYLIGHT,REAR END,FOUR WAY INTERSECTION,STRAIGHT AND LEVEL,DRY,NO DEFECTS,N,WEATHER,BEAT_106,2,2,0,6,41.968735,-87.558649
2026-02-28 13:34:00,30,CLEAR,DAYLIGHT,REAR END,DIVIDED - W/MEDIAN,STRAIGHT AND LEVEL,DRY,DEBRIS ON ROAD,Y,FOLLOWING TOO CLOSELY,BEAT_103,2,2,0,6,41.928332,-87.596714
2026-02-28 17:52:00,50,SEVERE RAIN,"DARKNESS, LIGHTED ROAD",TURNING,FOUR WAY INTERSECTION,STRAIGHT AND LEVEL,WET,NO DEFECTS,N,DISREGARDING TRAFFIC SIGNALS,BEAT_103,2,2,1,6,41.920311,-87.598951
2026-02-28 18:18:00,25,CLEAR,"DARKNESS, LIGHTED ROAD",PARKED MOTOR VEHICLE,DIVIDED - W/MEDIAN,STRAIGHT AND LEVEL,DRY,NO DEFECTS,N,FOLLOWING TOO CLOSELY,BEAT_102,4,2,0,6,41.910838,-87.598922
2026-02-28 18:37:00,35,RAIN,DAYLIGHT,REAR END,NOT DIVIDED,STRAIGHT AND LEVEL,SNOW OR SLUSH,NO DEFECTS,N,DISREGARDING TRAFFIC SIGNALS,BEAT_120,2,2,0,6,42.180756,-87.386548
2026-02-28 19:28:00,55,SNOW,DAYLIGHT,SIDESWIPE SAME DIRECTION,FOUR WAY INTERSECTION,STRAIGHT AND LEVEL,WET,NO DEFECTS,Y,FAILING TO YIELD RIGHT-OF-WAY,BEAT_101,2,2,0,6,41.894408,-87.615798
2026-02-28 21:21:00,30,CLEAR,DAYLIGHT,REAR END,DIVIDED - W/MEDIAN,STRAIGHT AND LEVEL,DRY,NO DEFECTS,Y,FOLLOWING TOO CLOSELY,BEAT_112,1,2,1,6,42.063641,-87.484846
2026-03-01 02:47:00,55,CLEAR,"DARKNESS, LIGHTED ROAD",ANGLE,DIVIDED - W/MEDIAN,STRAIGHT AND LEVEL,DRY,NO DEFECTS,Y,FAILING TO YIELD RIGHT-OF-WAY,BEAT_119,2,3,0,7,42.156326,-87.402092
2026-03-01 02:49:00,20,SNOW,DAYLIGHT,PARKED MOTOR VEHICLE,DIVIDED - W/MEDIAN,STRAIGHT AND LEVEL,WET,NO DEFECTS,Y,DISREGARDING TRAFFIC SIGNALS,BEAT_111,2,3,0,7,42.043024,-87.498224
2026-03-01 03:37:00,35,CLEAR,DAYLIGHT,REAR END,DIVIDED - W/MEDIAN,STRAIGHT AND LEVEL,DRY,NO DEFECTS,Y,FOLLOWING TOO CLOSELY,BEAT_118,2,3,0,7,42.145412,-87.409337
2026-03-01 07:10:00,35,RAIN,DAYLIGHT,ANGLE,DIVIDED - W/MEDIAN,STRAIGHT AND LEVEL,SNOW OR SLUSH,NO DEFECTS,N,FOLLOWING TOO CLOSELY,BEAT_109,3,3,0,7,42.015389,-87.519886
2026-03-01 08:10:00,25,FOG/SMOKE/HAZE,DAYLIGHT,REAR END,DIVIDED - W/MEDIAN,STRAIGHT AND LEVEL,WET,NO DEFECTS,Y,DISREGARDING TRAFFIC SIGNALS,BEAT_104,2,3,0,7,41.938314,-87.582048
2026-03-01 10:50:00,25,SEVERE RAIN,DAYLIGHT,PARKED MOTOR VEHICLE,DIVIDED - W/MEDIAN,STRAIGHT AND LEVEL,WET,NO DEFECTS,N,FOLLOWING TOO CLOSELY,BEAT_108,2,3,1,7,42.003878,-87.533417
2026-03-01 12:21:00,30,SNOW,DAYLIGHT,ANGLE,DIVIDED - W/MEDIAN,STRAIGHT AND LEVEL,SNOW OR SLUSH,NO DEFECTS,N,FAILING TO YIELD RIGHT-OF-WAY,BEAT_116,2,3,0,7,42.112788,-87.439959
2026-03-01 13:32:00,30,RAIN,"DARKNESS, LIGHTED ROAD",ANGLE,ONE-WAY,CURVE ON GRADE,ICE,NO DEFECTS,Y,FOLLOWING TOO CLOSELY,BEAT_105,3,3,0,7,41.951629,-87.570009
2026-03-01 15:10:00,25,RAIN,DAYLIGHT,REAR END,NOT DIVIDED,STRAIGHT AND LEVEL,ICE,NO DEFECTS,N,FOLLOWING TOO CLOSELY,BEAT_114,2,3,0,7,42.088856,-87.458912
2026-03-01 15:48:00,25,CLEAR,DAYLIGHT,REAR END,NOT DIVIDED,STRAIGHT AND LEVEL,DRY,NO DEFECTS,Y,FAILING TO YIELD RIGHT-OF-WAY,BEAT_101,2,3,0,7,41.886596,-87.618803
2026-03-01 17:51:00,25,SEVERE RAIN,"DARKNESS, LIGHTED ROAD",REAR END,ONE-WAY,STRAIGHT AND LEVEL,WET,NO DEFECTS,Y,PHYSICAL CONDITION OF DRIVER,BEAT_117,2,3,0,7,42.135099,-87.418593
2026-03-01 22:10:00,30,CLEAR,DAYLIGHT,TURNING,ONE-WAY,STRAIGHT AND LEVEL,SNOW OR SLUSH,NO DEFECTS,N,DISREGARDING TRAFFIC SIGNALS,BEAT_109,2,3,0,7,42.009456,-87.514512