CRASH_DATE,POSTED_SPEED_LIMIT,WEATHER_CONDITION,LIGHTING_CONDITION,FIRST_CRASH_TYPE,TRAFFICWAY_TYPE,ALIGNMENT,ROADWAY_SURFACE_COND,ROAD_DEFECT,INTERSECTION_RELATED_I,PRIM_CONTRIBUTORY_CAUSE,BEAT_OF_OCCURRENCE,NUM_UNITS,CRASH_MONTH,INJURIES_TOTAL,CRASH_DAY_OF_WEEK,LATITUDE,LONGITUDE
2026-03-01 22:15:00,40,RAIN,DAYLIGHT,TURNING,NOT DIVIDED,STRAIGHT AND LEVEL,ICE,NO DEFECTS,N,FOLLOWING TOO CLOSELY,BEAT_103,2,3,0,7,41.92459,-87.596323
2026-03-02 00:40:00,25,SNOW,DAYLIGHT,TURNING,DIVIDED - W/MEDIAN,STRAIGHT AND LEVEL,SNOW OR SLUSH,WORN SURFACE,N,FAILING TO YIELD RIGHT-OF-WAY,BEAT_117,1,3,0,1,42.135508,-87.425451
2026-03-02 02:00:00,25,RAIN,DAYLIGHT,PARKED MOTOR VEHICLE,T-INTERSECTION,STRAIGHT AND LEVEL,WET,NO DEFECTS,N,WEATHER,BEAT_106,3,3,0,1,41.966267,-87.560462
2026-03-02 05:37:00,30,CLEAR,"DARKNESS, LIGHTED ROAD",REAR END,DIVIDED - W/MEDIAN,STRAIGHT AND LEVEL,WET,WORN SURFACE,N,DISREGARDING TRAFFIC SIGNALS,BEAT_105,2,3,0,1,41.952022,-87.567489
2026-03-02 07:53:00,35,CLEAR,DAYLIGHT,REAR END,DIVIDED - W/MEDIAN,STRAIGHT AND LEVEL,DRY,NO DEFECTS,Y,FAILING TO YIELD RIGHT-OF-WAY,BEAT_114,1,3,0,1,42.084129,-87.46119
2026-03-02 09:58:00,55,RAIN,DAYLIGHT,TURNING,DIVIDED - W/MEDIAN,STRAIGHT AND LEVEL,SNOW OR SLUSH,NO DEFECTS,Y,DRIVING SKILLS/KNOWLEDGE/EXPERIENCE,BEAT_107,2,3,0,1,41.980903,-87.549163
2026-03-02 12:54:00,30,CLEAR,DAYLIGHT,REAR END,DIVIDED - W/MEDIAN,STRAIGHT AND LEVEL,WET,NO DEFECTS,N,FOLLOWING TOO CLOSELY,BEAT_111,2,3,0,1,42.039341,-87.498362
2026-03-02 13:17:00,25,SNOW,"DARKNESS, LIGHTED ROAD",ANGLE,ONE-WAY,STRAIGHT AND LEVEL,SNOW OR SLUSH,"RUT, HOLES",Y,IMPROPER OVERTAKING/PASSING,BEAT_102,1,3,1,1,41.910197,-87.603579
2026-03-02 13:51:00,30,CLEAR,"DARKNESS, LIGHTED ROAD",TURNING,NOT DIVIDED,STRAIGHT AND LEVEL,DRY,NO DEFECTS,Y,DRIVING SKILLS/KNOWLEDGE/EXPERIENCE,BEAT_106,2,3,0,1,41.96519,-87.558993
2026-03-02 16:49:00,35,SEVERE RAIN,"DARKNESS, LIGHTED ROAD",ANGLE,NOT DIVIDED,STRAIGHT AND LEVEL,WET,NO DEFECTS,Y,FOLLOWING TOO CLOSELY,BEAT_114,2,3,0,1,42.092846,-87.458164
2026-03-02 18:54:00,30,CLEAR,"DARKNESS, LIGHTED ROAD",PARKED MOTOR VEHICLE,ONE-WAY,STRAIGHT AND LEVEL,DRY,NO DEFECTS,Y,FAILING TO YIELD RIGHT-OF-WAY,BEAT_109,2,3,0,1,42.013874,-87.518895
2026-03-02 21:39:00,35,RAIN,DAWN,SIDESWIPE SAME DIRECTION,NOT DIVIDED,STRAIGHT AND LEVEL,SNOW OR SLUSH,WORN SURFACE,N,DRIVING SKILLS/KNOWLEDGE/EXPERIENCE,BEAT_116,2,3,0,1,42.117075,-87.437795
2026-03-02 22:05:00,45,FOG/SMOKE/HAZE,DAYLIGHT,PARKED MOTOR VEHICLE,DIVIDED - W/MEDIAN,STRAIGHT ON GRADE,WET,SHOULDER DEFECT,Y,FOLLOWING TOO CLOSELY,BEAT_103,2,3,0,1,41.924658,-87.595642
2026-03-02 22:20:00,25,CLEAR,DAYLIGHT,PARKED MOTOR VEHICLE,DIVIDED - W/MEDIAN,STRAIGHT AND LEVEL,DRY,NO DEFECTS,Y,DRIVING SKILLS/KNOWLEDGE/EXPERIENCE,BEAT_104,2,3,0,1,41.941673,-87.584256
2026-03-02 22:44:00,30,CLEAR,DAYLIGHT,PEDESTRIAN,DIVIDED - W/MEDIAN,STRAIGHT ON GRADE,WET,NO DEFECTS,Y,FOLLOWING TOO CLOSELY,BEAT_112,2,3,0,1,42.058944,-87.48617
2026-03-03 02:16:00,25,CLEAR,DAYLIGHT,REAR END,ONE-WAY,STRAIGHT AND LEVEL,DRY,"RUT, HOLES",N,FAILING TO YIELD RIGHT-OF-WAY,BEAT_114,1,3,0,2,42.086391,-87.461429
2026-03-03 02:45:00,55,CLEAR,DARKNESS,ANGLE,NOT DIVIDED,STRAIGHT AND LEVEL,DRY,NO DEFECTS,N,IMPROPER OVERTAKING/PASSING,BEAT_106,2,3,0,2,41.974658,-87.559511
2026-03-03 03:41:00,25,CLEAR,DAYLIGHT,REAR END,NOT DIVIDED,"CURVE, LEVEL",DRY,NO DEFECTS,Y,FAILING TO YIELD RIGHT-OF-WAY,BEAT_105,2,3,0,2,41.948686,-87.567183
2026-03-03 06:12:00,25,CLEAR,DAYLIGHT,ANGLE,NOT DIVIDED,STRAIGHT AND LEVEL,DRY,SHOULDER DEFECT,N,FOLLOWING TOO CLOSELY,BEAT_117,1,3,0,2,42.12687,-87.423701
2026-03-03 06:16:00,25,SNOW,DAYLIGHT,TURNING,ALLEY,STRAIGHT AND LEVEL,WET,NO DEFECTS,N,FOLLOWING TOO CLOSELY,BEAT_109,2,3,0,2,42.012998,-87.517504
2026-03-03 07:31:00,30,FOG/SMOKE/HAZE,DAYLIGHT,SIDESWIPE SAME DIRECTION,ONE-WAY,STRAIGHT AND LEVEL,WET,NO DEFECTS,Y,FAILING TO YIELD RIGHT-OF-WAY,BEAT_118,2,3,0,2,42.150292,-87.411111
2026-03-03 09:11:00,30,CLEAR,"DARKNESS, LIGHTED ROAD",ANGLE,DIVIDED - W/MEDIAN,STRAIGHT AND LEVEL,WET,"RUT, HOLES",N,DRIVING SKILLS/KNOWLEDGE/EXPERIENCE,BEAT_110,2,3,0,2,42.033022,-87.511767
2026-03-03 09:39:00,35,CLEAR,"DARKNESS, LIGHTED ROAD",REAR END,NOT DIVIDED,STRAIGHT AND LEVEL,DRY,NO DEFECTS,N,FAILING TO YIELD RIGHT-OF-WAY,BEAT_105,2,3,0,2,41.953127,-87.574299
2026-03-03 10:37:00,35,CLEAR,DAYLIGHT,SIDESWIPE SAME DIRECTION,DIVIDED - W/MEDIAN,STRAIGHT AND LEVEL,DRY,"RUT, HOLES",Y,FAILING TO YIELD RIGHT-OF-WAY,BEAT_104,2,3,0,2,41.939454,-87.585846
2026-03-03 19:47:00,25,CLEAR,DARKNESS,TURNING,DIVIDED - W/MEDIAN,STRAIGHT AND LEVEL,SNOW OR SLUSH,WORN SURFACE,N,FOLLOWING TOO CLOSELY,BEAT_113,2,3,0,2,42.072382,-87.471238
2026-03-04 01:00:00,25,RAIN,"DARKNESS, LIGHTED ROAD",PARKED MOTOR VEHICLE,NOT DIVIDED,STRAIGHT AND LEVEL,ICE,NO DEFECTS,N,WEATHER,BEAT_105,2,3,0,3,41.953706,-87.569781
2026-03-04 02:50:00,25,RAIN,DAYLIGHT,SIDESWIPE SAME DIRECTION,DIVIDED - W/MEDIAN,STRAIGHT AND LEVEL,WET,NO DEFECTS,N,DRIVING SKILLS/KNOWLEDGE/EXPERIENCE,BEAT_108,2,3,0,3,41.996742,-87.540359
2026-03-04 02:51:00,50,SNOW,DAYLIGHT,REAR END,ONE-WAY,STRAIGHT AND LEVEL,WET,NO DEFECTS,Y,FAILING TO YIELD RIGHT-OF-WAY,BEAT_104,2,3,0,3,41.935448,-87.589565
2026-03-04 07:58:00,25,CLEAR,"DARKNESS, LIGHTED ROAD",SIDESWIPE SAME DIRECTION,T-INTERSECTION,"CURVE, LEVEL",DRY,NO DEFECTS,Y,FAILING TO YIELD RIGHT-OF-WAY,BEAT_115,2,3,0,3,42.100713,-87.447193
2026-03-04 11:46:00,25,RAIN,DAYLIGHT,PARKED MOTOR VEHICLE,ONE-WAY,"CURVE, LEVEL",WET,NO DEFECTS,N,WEATHER,BEAT_106,2,3,0,3,41.968362,-87.560562
2026-03-04 12:43:00,30,SNOW,DAYLIGHT,REAR END,ONE-WAY,STRAIGHT AND LEVEL,SNOW OR SLUSH,"RUT, HOLES",N,FAILING TO YIELD RIGHT-OF-WAY,BEAT_110,2,3,0,3,42.03134,-87.507732
2026-03-04 13:15:00,30,CLEAR,DAYLIGHT,SIDESWIPE SAME DIRECTION,NOT DIVIDED,STRAIGHT AND LEVEL,DRY,NO DEFECTS,N,FOLLOWING TOO CLOSELY,BEAT_112,2,3,0,3,42.054747,-87.490021
2026-03-04 14:18:00,25,SNOW,DAYLIGHT,TURNING,DIVIDED - W/MEDIAN,"CURVE, LEVEL",WET,NO DEFECTS,N,FOLLOWING TOO CLOSELY,BEAT_106,1,3,0,3,41.968852,-87.559789
2026-03-04 23:05:00,25,CLEAR,"DARKNESS, LIGHTED ROAD",REAR END,ONE-WAY,STRAIGHT AND LEVEL,DRY,NO DEFECTS,Y,FAILING TO YIELD RIGHT-OF-WAY,BEAT_111,2,3,0,3,42.038833,-87.500034
2026-03-05 07:07:00,35,CLEAR,DARKNESS,TURNING,DIVIDED - W/MEDIAN,STRAIGHT AND LEVEL,SNOW OR SLUSH,NO DEFECTS,N,IMPROPER OVERTAKING/PASSING,BEAT_101,2,3,1,4,41.895315,-87.617041
2026-03-05 07:29:00,25,SEVERE RAIN,DARKNESS,SIDESWIPE SAME DIRECTION,DIVIDED - W/MEDIAN,"CURVE, LEVEL",WET,WORN SURFACE,Y,FAILING TO YIELD RIGHT-OF-WAY,BEAT_102,2,3,0,4,41.913403,-87.608836
2026-03-05 10:43:00,25,CLEAR,DAYLIGHT,ANGLE,DIVIDED - W/MEDIAN,STRAIGHT AND LEVEL,WET,NO DEFECTS,Y,FOLLOWING TOO CLOSELY,BEAT_117,2,3,0,4,42.132813,-87.428494
2026-03-05 11:17:00,30,CLEAR,"DARKNESS, LIGHTED ROAD",REAR END,FOUR WAY INTERSECTION,STRAIGHT AND LEVEL,SNOW OR SLUSH,NO DEFECTS,N,FOLLOWING TOO CLOSELY,BEAT_114,2,3,0,4,42.08397,-87.456693
2026-03-05 12:17:00,30,CLEAR,DAYLIGHT,REAR END,DIVIDED - W/MEDIAN,STRAIGHT AND LEVEL,DRY,WORN SURFACE,Y,FAILING TO YIELD RIGHT-OF-WAY,BEAT_104,2,3,0,4,41.939696,-87.581857
2026-03-05 16:00:00,45,CLEAR,DAYLIGHT,REAR END,DIVIDED - W/MEDIAN,STRAIGHT AND LEVEL,DRY,NO DEFECTS,N,FAILING TO YIELD RIGHT-OF-WAY,BEAT_105,2,3,0,4,41.94648,-87.567957
2026-03-05 17:03:00,45,CLEAR,DAYLIGHT,SIDESWIPE SAME DIRECTION,DIVIDED - W/MEDIAN,STRAIGHT AND LEVEL,WET,SHOULDER DEFECT,N,FOLLOWING TOO CLOSELY,BEAT_118,2,3,0,4,42.153235,-87.414218
2026-03-05 19:00:00,30,CLEAR,DAYLIGHT,SIDESWIPE SAME DIRECTION,DIVIDED - W/MEDIAN,STRAIGHT ON GRADE,DRY,WORN SURFACE,Y,FAILING TO YIELD RIGHT-OF-WAY,BEAT_111,2,3,0,4,42.039183,-87.500988
2026-03-05 19:52:00,25,CLEAR,DARKNESS,PEDESTRIAN,DIVIDED - W/MEDIAN,STRAIGHT AND LEVEL,DRY,NO DEFECTS,Y,WEATHER,BEAT_106,2,3,0,4,41.963884,-87.556231
2026-03-05 20:33:00,30,CLEAR,"DARKNESS, LIGHTED ROAD",PEDESTRIAN,NOT DIVIDED,STRAIGHT AND LEVEL,DRY,NO DEFECTS,Y,IMPROPER OVERTAKING/PASSING,BEAT_111,1,3,0,4,42.041316,-87.504094
2026-03-05 21:35:00,25,CLEAR,DAYLIGHT,TURNING,DIVIDED - W/MEDIAN,STRAIGHT AND LEVEL,DRY,NO DEFECTS,N,WEATHER,BEAT_112,2,3,0,4,42.054797,-87.487953
2026-03-06 02:51:00,25,CLEAR,DAYLIGHT,REAR END,ALLEY,STRAIGHT AND LEVEL,DRY,NO DEFECTS,N,DISREGARDING TRAFFIC SIGNALS,BEAT_101,3,3,0,5,41.901121,-87.614594
2026-03-06 02:55:00,45,RAIN,DAYLIGHT,SIDESWIPE SAME DIRECTION,NOT DIVIDED,STRAIGHT AND LEVEL,WET,NO DEFECTS,Y,WEATHER,BEAT_112,1,3,1,5,42.058988,-87.4862
2026-03-06 04:55:00,45,CLEAR,DAYLIGHT,SIDESWIPE SAME DIRECTION,FOUR WAY INTERSECTION,STRAIGHT AND LEVEL,DRY,WORN SURFACE,N,FAILING TO YIELD RIGHT-OF-WAY,BEAT_119,2,3,0,5,42.157045,-87.405893
2026-03-06 05:24:00,30,RAIN,DAYLIGHT,SIDESWIPE SAME DIRECTION,DIVIDED - W/MEDIAN,STRAIGHT AND LEVEL,WET,NO DEFECTS,Y,DRIVING SKILLS/KNOWLEDGE/EXPERIENCE,BEAT_116,2,3,1,5,42.120594,-87.43531
2026-03-06 07:07:00,25,CLEAR,DAYLIGHT,PARKED MOTOR VEHICLE,NOT DIVIDED,STRAIGHT AND LEVEL,WET,NO DEFECTS,N,FOLLOWING TOO CLOSELY,BEAT_106,3,3,1,5,41.967074,-87.55382
2026-03-06 11:12:00,25,RAIN,DAYLIGHT,TURNING,DIVIDED - W/MEDIAN,STRAIGHT AND LEVEL,WET,NO DEFECTS,Y,FAILING TO YIELD RIGHT-OF-WAY,BEAT_104,3,3,0,5,41.942328,-87.577377
2026-03-06 12:43:00,35,CLEAR,"DARKNESS, LIGHTED ROAD",ANGLE,FOUR WAY INTERSECTION,STRAIGHT AND LEVEL,DRY,NO DEFECTS,N,FAILING TO YIELD RIGHT-OF-WAY,BEAT_110,2,3,0,5,42.02536,-87.508806
2026-03-06 15:05:00,30,CLEAR,DARKNESS,ANGLE,DIVIDED - W/MEDIAN,STRAIGHT AND LEVEL,WET,NO DEFECTS,N,FOLLOWING TOO CLOSELY,BEAT_114,3,3,0,5,42.091305,-87.461063
2026-03-06 17:05:00,30,CLEAR,DAYLIGHT,TURNING,T-INTERSECTION,STRAIGHT AND LEVEL,DRY,NO DEFECTS,N,DRIVING SKILLS/KNOWLEDGE/EXPERIENCE,BEAT_106,3,3,0,5,41.96682,-87.559977
2026-03-06 17:46:00,20,CLEAR,DUSK,SIDESWIPE SAME DIRECTION,NOT DIVIDED,STRAIGHT AND LEVEL,DRY,NO DEFECTS,Y,DRIVING SKILLS/KNOWLEDGE/EXPERIENCE,BEAT_108,2,3,0,5,42.002351,-87.527832
2026-03-06 20:56:00,20,CLEAR,DAYLIGHT,REAR END,DIVIDED - W/MEDIAN,"CURVE, LEVEL",DRY,"RUT, HOLES",N,FOLLOWING TOO CLOSELY,BEAT_104,3,3,0,5,41.939684,-87.584105
2026-03-07 05:20:00,50,CLEAR,DAYLIGHT,ANGLE,NOT DIVIDED,STRAIGHT AND LEVEL,DRY,NO DEFECTS,Y,DISREGARDING TRAFFIC SIGNALS,BEAT_101,2,3,0,6,41.895476,-87.622032
2026-03-07 07:16:00,45,CLEAR,DAYLIGHT,PEDESTRIAN,NOT DIVIDED,STRAIGHT AND LEVEL,DRY,NO DEFECTS,N,FOLLOWING TOO CLOSELY,BEAT_102,2,3,0,6,41.910078,-87.602987
2026-03-07 09:42:00,30,CLEAR,DAYLIGHT,REAR END,FOUR WAY INTERSECTION,STRAIGHT AND LEVEL,DRY,NO DEFECTS,Y,FOLLOWING TOO CLOSELY,BEAT_105,2,3,0,6,41.949903,-87.568152
2026-03-07 10:49:00,25,CLEAR,DARKNESS,SIDESWIPE SAME DIRECTION,T-INTERSECTION,"CURVE, LEVEL",DRY,NO DEFECTS,N,FAILING TO YIELD RIGHT-OF-WAY,BEAT_111,3,3,0,6,42.038944,-87.499209
2026-03-07 12:18:00,25,CLEAR,"DARKNESS, LIGHTED ROAD",REAR END,NOT DIVIDED,STRAIGHT AND LEVEL,DRY,NO DEFECTS,Y,FOLLOWING TOO CLOSELY,BEAT_119,2,3,1,6,42.159086,-87.401196
2026-03-07 13:35:00,40,RAIN,DAYLIGHT,PARKED MOTOR VEHICLE,DIVIDED - W/MEDIAN,STRAIGHT AND LEVEL,WET,WORN SURFACE,Y,FOLLOWING TOO CLOSELY,BEAT_118,2,3,0,6,42.150587,-87.415002
2026-03-07 18:10:00,35,CLEAR,DAYLIGHT,REAR END,DIVIDED - W/MEDIAN,STRAIGHT AND LEVEL,DRY,WORN SURFACE,N,WEATHER,BEAT_120,2,3,0,6,42.174005,-87.389899
2026-03-07 18:29:00,40,CLEAR,DAYLIGHT,PARKED MOTOR VEHICLE,ONE-WAY,STRAIGHT AND LEVEL,DRY,NO DEFECTS,Y,DISREGARDING TRAFFIC SIGNALS,BEAT_111,1,3,0,6,42.047381,-87.500707
2026-03-08 17:55:00,40,CLEAR,DAYLIGHT,PARKED MOTOR VEHICLE,ALLEY,STRAIGHT AND LEVEL,DRY,NO DEFECTS,N,FOLLOWING TOO CLOSELY,BEAT_118,2,3,0,7,42.146961,-87.417294
2026-03-08 19:01:00,35,CLEAR,DAYLIGHT,TURNING,DIVIDED - W/MEDIAN,STRAIGHT AND LEVEL,WET,"RUT, HOLES",Y,FAILING TO YIELD RIGHT-OF-WAY,BEAT_118,2,3,0,7,42.148351,-87.41492
2026-03-09 00:38:00,35,CLEAR,DAYLIGHT,ANGLE,DIVIDED - W/MEDIAN,STRAIGHT AND LEVEL,DRY,NO DEFECTS,Y,WEATHER,BEAT_120,1,3,0,1,42.177812,-87.3887
2026-03-09 03:55:00,30,CLEAR,DAYLIGHT,REAR END,DIVIDED - W/MEDIAN,STRAIGHT AND LEVEL,DRY,NO DEFECTS,N,FOLLOWING TOO CLOSELY,BEAT_104,2,3,0,1,41.941214,-87.576378
2026-03-09 04:18:00,35,CLEAR,DAYLIGHT,SIDESWIPE SAME DIRECTION,NOT DIVIDED,STRAIGHT AND LEVEL,DRY,NO DEFECTS,N,FOLLOWING TOO CLOSELY,BEAT_116,2,3,0,1,42.11749,-87.444291
2026-03-09 09:10:00,35,CLEAR,DAYLIGHT,SIDESWIPE SAME DIRECTION,NOT DIVIDED,"CURVE, LEVEL",DRY,NO DEFECTS,Y,FOLLOWING TOO CLOSELY,BEAT_118,2,3,0,1,42.149427,-87.419167
2026-03-09 15:01:00,20,CLEAR,DAYLIGHT,ANGLE,NOT DIVIDED,STRAIGHT AND LEVEL,DRY,DEBRIS ON ROAD,Y,FAILING TO YIELD RIGHT-OF-WAY,BEAT_116,2,3,0,1,42.116181,-87.433894
2026-03-09 15:36:00,20,CLEAR,DAYLIGHT,SIDESWIPE SAME DIRECTION,NOT DIVIDED,STRAIGHT AND LEVEL,DRY,NO DEFECTS,Y,FOLLOWING TOO CLOSELY,BEAT_104,2,3,0,1,41.936022,-87.578473
2026-03-09 16:00:00,35,RAIN,DAYLIGHT,REAR END,DIVIDED - W/MEDIAN,STRAIGHT AND LEVEL,WET,WORN SURFACE,N,DISREGARDING TRAFFIC SIGNALS,BEAT_119,2,3,0,1,42.167031,-87.403978
2026-03-09 18:57:00,30,SNOW,DAYLIGHT,REAR END,NOT DIVIDED,STRAIGHT AND LEVEL,WET,NO DEFECTS,N,DISREGARDING TRAFFIC SIGNALS,BEAT_116,2,3,0,1,42.120938,-87.439369
2026-03-09 21:05:00,30,RAIN,DAYLIGHT,PEDESTRIAN,DIVIDED - W/MEDIAN,STRAIGHT AND LEVEL,WET,NO DEFECTS,N,DRIVING SKILLS/KNOWLEDGE/EXPERIENCE,BEAT_105,2,3,0,1,41.952898,-87.572971
2026-03-10 02:49:00,25,RAIN,DAYLIGHT,ANGLE,NOT DIVIDED,STRAIGHT ON GRADE,WET,NO DEFECTS,N,FAILING TO YIELD RIGHT-OF-WAY,BEAT_115,2,3,2,2,42.100809,-87.453354
2026-03-10 04:16:00,45,RAIN,"DARKNESS, LIGHTED ROAD",FIXED OBJECT,NOT DIVIDED,STRAIGHT AND LEVEL,WET,NO DEFECTS,N,FOLLOWING TOO CLOSELY,BEAT_109,2,3,1,2,42.012831,-87.521702
2026-03-10 05:01:00,30,CLEAR,DAYLIGHT,REAR END,DIVIDED - W/MEDIAN,STRAIGHT AND LEVEL,WET,NO DEFECTS,Y,IMPROPER OVERTAKING/PASSING,BEAT_108,2,3,0,2,41.996932,-87.533492
2026-03-10 10:47:00,30,RAIN,"DARKNESS, LIGHTED ROAD",PARKED MOTOR VEHICLE,ONE-WAY,STRAIGHT AND LEVEL,ICE,"RUT, HOLES",N,IMPROPER OVERTAKING/PASSING,BEAT_102,2,3,0,2,41.907898,-87.607947
2026-03-10 10:56:00,25,CLEAR,DAYLIGHT,PEDESTRIAN,DIVIDED - W/MEDIAN,STRAIGHT AND LEVEL,DRY,"RUT, HOLES",Y,WEATHER,BEAT_117,2,3,0,2,42.136306,-87.423701
2026-03-10 12:08:00,25,CLEAR,DAYLIGHT,TURNING,FOUR WAY INTERSECTION,STRAIGHT AND LEVEL,DRY,NO DEFECTS,N,FOLLOWING TOO CLOSELY,BEAT_110,4,3,0,2,42.02658,-87.512348
2026-03-10 15:05:00,35,RAIN,DAYLIGHT,SIDESWIPE SAME DIRECTION,ONE-WAY,STRAIGHT AND LEVEL,WET,NO DEFECTS,N,FOLLOWING TOO CLOSELY,BEAT_114,2,3,0,2,42.08533,-87.461572
2026-03-10 17:31:00,30,CLEAR,"DARKNESS, LIGHTED ROAD",SIDESWIPE SAME DIRECTION,ONE-WAY,STRAIGHT AND LEVEL,DRY,NO DEFECTS,N,FAILING TO YIELD RIGHT-OF-WAY,BEAT_115,2,3,0,2,42.104352,-87.449557
2026-03-10 20:15:00,40,CLEAR,DAYLIGHT,TURNING,NOT DIVIDED,STRAIGHT AND LEVEL,DRY,NO DEFECTS,N,FOLLOWING TOO CLOSELY,BEAT_107,2,3,0,2,41.979133,-87.545278
2026-03-11 00:52:00,20,RAIN,DAYLIGHT,REAR END,DIVIDED - W/MEDIAN,STRAIGHT AND LEVEL,WET,NO DEFECTS,Y,DRIVING SKILLS/KNOWLEDGE/EXPERIENCE,BEAT_102,1,3,0,3,41.905878,-87.605866
2026-03-11 03:20:00,50,CLEAR,DAYLIGHT,ANGLE,NOT DIVIDED,STRAIGHT AND LEVEL,DRY,NO DEFECTS,N,DRIVING SKILLS/KNOWLEDGE/EXPERIENCE,BEAT_110,3,3,0,3,42.026305,-87.512389
2026-03-11 04:53:00,30,CLEAR,DAYLIGHT,SIDESWIPE SAME DIRECTION,DIVIDED - W/MEDIAN,STRAIGHT AND LEVEL,SNOW OR SLUSH,NO DEFECTS,Y,DISREGARDING TRAFFIC SIGNALS,BEAT_103,1,3,0,3,41.926473,-87.590161
2026-03-11 07:00:00,25,CLEAR,"DARKNESS, LIGHTED ROAD",REAR END,DIVIDED - W/MEDIAN,STRAIGHT AND LEVEL,SNOW OR SLUSH,NO DEFECTS,N,FAILING TO YIELD RIGHT-OF-WAY,BEAT_108,1,3,0,3,41.996403,-87.53489
2026-03-11 08:50:00,30,CLEAR,DAYLIGHT,REAR END,DIVIDED - W/MEDIAN,STRAIGHT AND LEVEL,DRY,NO DEFECTS,N,FOLLOWING TOO CLOSELY,BEAT_120,2,3,1,3,42.17771,-87.389417
2026-03-11 09:13:00,40,CLEAR,DAYLIGHT,REAR END,ONE-WAY,STRAIGHT AND LEVEL,DRY,NO DEFECTS,N,FOLLOWING TOO CLOSELY,BEAT_105,2,3,0,3,41.949818,-87.572286
2026-03-11 12:54:00,25,RAIN,"DARKNESS, LIGHTED ROAD",FIXED OBJECT,DIVIDED - W/MEDIAN,STRAIGHT AND LEVEL,ICE,NO DEFECTS,Y,FAILING TO YIELD RIGHT-OF-WAY,BEAT_112,2,3,0,3,42.054229,-87.486832
2026-03-11 15:23:00,30,CLEAR,DAYLIGHT,REAR END,NOT DIVIDED,STRAIGHT AND LEVEL,DRY,NO DEFECTS,N,WEATHER,BEAT_108,2,3,0,3,41.995855,-87.532546
2026-03-11 16:54:00,30,CLEAR,DAYLIGHT,SIDESWIPE SAME DIRECTION,DIVIDED - W/MEDIAN,STRAIGHT AND LEVEL,WET,NO DEFECTS,Y,FOLLOWING TOO CLOSELY,BEAT_113,2,3,0,3,42.073577,-87.476856
2026-03-11 18:35:00,30,CLEAR,"DARKNESS, LIGHTED ROAD",SIDESWIPE SAME DIRECTION,ONE-WAY,STRAIGHT AND LEVEL,WET,WORN SURFACE,Y,FOLLOWING TOO CLOSELY,BEAT_113,2,3,0,3,42.078353,-87.477501
2026-03-11 22:47:00,25,CLEAR,DAWN,SIDESWIPE SAME DIRECTION,NOT DIVIDED,STRAIGHT AND LEVEL,WET,NO DEFECTS,N,DISREGARDING TRAFFIC SIGNALS,BEAT_104,3,3,0,3,41.940492,-87.581364
2026-03-11 22:57:00,35,RAIN,DAYLIGHT,SIDESWIPE SAME DIRECTION,NOT DIVIDED,STRAIGHT AND LEVEL,WET,"RUT, HOLES",N,DISREGARDING TRAFFIC SIGNALS,BEAT_104,2,3,0,3,41.935383,-87.583761
2026-03-12 03:28:00,50,CLEAR,DAYLIGHT,TURNING,DIVIDED - W/MEDIAN,STRAIGHT AND LEVEL,WET,NO DEFECTS,N,DRIVING SKILLS/KNOWLEDGE/EXPERIENCE,BEAT_105,1,3,0,4,41.954413,-87.567294
2026-03-12 04:29:00,40,RAIN,DARKNESS,TURNING,DIVIDED - W/MEDIAN,STRAIGHT ON GRADE,WET,DEBRIS ON ROAD,Y,FAILING TO YIELD RIGHT-OF-WAY,BEAT_110,2,3,0,4,42.024712,-87.511219
2026-03-12 06:49:00,20,CLEAR,DAYLIGHT,REAR END,NOT DIVIDED,STRAIGHT AND LEVEL,DRY,NO DEFECTS,Y,DRIVING SKILLS/KNOWLEDGE/EXPERIENCE,BEAT_102,2,3,0,4,41.905989,-87.603456
2026-03-12 08:43:00,30,CLEAR,DAYLIGHT,REAR END,NOT DIVIDED,STRAIGHT AND LEVEL,WET,NO DEFECTS,Y,FOLLOWING TOO CLOSELY,BEAT_103,2,3,0,4,41.919655,-87.595166
2026-03-12 11:57:00,25,FOG/SMOKE/HAZE,DAYLIGHT,REAR END,NOT DIVIDED,STRAIGHT AND LEVEL,ICE,NO DEFECTS,Y,FAILING TO YIELD RIGHT-OF-WAY,BEAT_102,2,3,0,4,41.906065,-87.605915
2026-03-12 11:58:00,50,FOG/SMOKE/HAZE,DARKNESS,TURNING,FOUR WAY INTERSECTION,STRAIGHT AND LEVEL,WET,NO DEFECTS,N,FAILING TO YIELD RIGHT-OF-WAY,BEAT_113,2,3,0,4,42.081237,-87.470399
2026-03-12 15:21:00,25,CLEAR,"DARKNESS, LIGHTED ROAD",TURNING,DIVIDED - W/MEDIAN,STRAIGHT AND LEVEL,DRY,NO DEFECTS,Y,FOLLOWING TOO CLOSELY,BEAT_107,2,3,0,4,41.979543,-87.54663