CRASH_DATE,POSTED_SPEED_LIMIT,WEATHER_CONDITION,LIGHTING_CONDITION,FIRST_CRASH_TYPE,TRAFFICWAY_TYPE,ALIGNMENT,ROADWAY_SURFACE_COND,ROAD_DEFECT,INTERSECTION_RELATED_I,PRIM_CONTRIBUTORY_CAUSE,BEAT_OF_OCCURRENCE,NUM_UNITS,CRASH_MONTH,INJURIES_TOTAL,CRASH_DAY_OF_WEEK,LATITUDE,LONGITUDE
2026-04-07 10:23:00,20,CLEAR,DAYLIGHT,SIDESWIPE SAME DIRECTION,DIVIDED - W/MEDIAN,STRAIGHT AND LEVEL,DRY,NO DEFECTS,N,DRIVING SKILLS/KNOWLEDGE/EXPERIENCE,BEAT_106,4,4,0,2,41.968846,-87.551722
2026-04-07 13:44:00,50,CLEAR,DAWN,ANGLE,DIVIDED - W/MEDIAN,STRAIGHT AND LEVEL,DRY,NO DEFECTS,Y,FAILING TO YIELD RIGHT-OF-WAY,BEAT_113,1,4,0,2,42.071557,-87.475014
2026-04-07 16:55:00,25,CLEAR,DAYLIGHT,PEDESTRIAN,NOT DIVIDED,STRAIGHT AND LEVEL,SNOW OR SLUSH,NO DEFECTS,N,DRIVING SKILLS/KNOWLEDGE/EXPERIENCE,BEAT_118,2,4,0,2,42.156111,-87.416373
2026-04-07 19:58:00,30,CLEAR,DAYLIGHT,REAR END,NOT DIVIDED,STRAIGHT AND LEVEL,DRY,NO DEFECTS,N,FOLLOWING TOO CLOSELY,BEAT_105,2,4,0,2,41.957422,-87.567313
2026-04-07 21:12:00,25,SNOW,"DARKNESS, LIGHTED ROAD",ANGLE,NOT DIVIDED,CURVE ON GRADE,WET,"RUT, HOLES",Y,FAILING TO YIELD RIGHT-OF-WAY,BEAT_112,1,4,1,2,42.062931,-87.485959
2026-04-08 05:45:00,25,RAIN,"DARKNESS, LIGHTED ROAD",SIDESWIPE SAME DIRECTION,NOT DIVIDED,STRAIGHT AND LEVEL,WET,NO DEFECTS,Y,FOLLOWING TOO CLOSELY,BEAT_104,2,4,0,3,41.941241,-87.58009
2026-04-08 09:43:00,20,CLEAR,DARKNESS,SIDESWIPE SAME DIRECTION,FOUR WAY INTERSECTION,"CURVE, LEVEL",DRY,NO DEFECTS,N,IMPROPER OVERTAKING/PASSING,BEAT_105,2,4,0,3,41.95428,-87.572235
2026-04-08 11:21:00,45,CLEAR,"DARKNESS, LIGHTED ROAD",TURNING,FOUR WAY INTERSECTION,"CURVE, LEVEL",DRY,NO DEFECTS,N,FOLLOWING TOO CLOSELY,BEAT_109,2,4,0,3,42.011268,-87.52148
2026-04-08 12:56:00,35,CLEAR,"DARKNESS, LIGHTED ROAD",SIDESWIPE SAME DIRECTION,DIVIDED - W/MEDIAN,STRAIGHT AND LEVEL,DRY,"RUT, HOLES",Y,FOLLOWING TOO CLOSELY,BEAT_104,2,4,1,3,41.938262,-87.582659
2026-04-08 15:33:00,35,CLEAR,DAYLIGHT,TURNING,FOUR WAY INTERSECTION,STRAIGHT AND LEVEL,DRY,NO DEFECTS,N,FOLLOWING TOO CLOSELY,BEAT_108,2,4,0,3,42.000127,-87.534294
2026-04-08 15:47:00,25,CLEAR,DAYLIGHT,REAR END,FOUR WAY INTERSECTION,STRAIGHT AND LEVEL,DRY,NO DEFECTS,Y,FAILING TO YIELD RIGHT-OF-WAY,BEAT_119,2,4,0,3,42.164957,-87.395628
2026-04-08 22:33:00,25,CLEAR,DAYLIGHT,ANGLE,T-INTERSECTION,STRAIGHT AND LEVEL,DRY,NO DEFECTS,N,FAILING TO YIELD RIGHT-OF-WAY,BEAT_111,3,4,0,3,42.041945,-87.493079
2026-04-08 22:57:00,20,CLEAR,"DARKNESS, LIGHTED ROAD",SIDESWIPE SAME DIRECTION,DIVIDED - W/MEDIAN,STRAIGHT AND LEVEL,WET,NO DEFECTS,N,PHYSICAL CONDITION OF DRIVER,BEAT_112,2,4,0,3,42.058927,-87.487258
2026-04-09 04:32:00,25,CLEAR,DAWN,TURNING,DIVIDED - W/MEDIAN,STRAIGHT AND LEVEL,SNOW OR SLUSH,NO DEFECTS,Y,IMPROPER OVERTAKING/PASSING,BEAT_101,3,4,0,4,41.894229,-87.62548
2026-04-09 14:32:00,40,CLEAR,DAWN,TURNING,DIVIDED - W/MEDIAN,STRAIGHT AND LEVEL,DRY,NO DEFECTS,Y,DISREGARDING TRAFFIC SIGNALS,BEAT_117,1,4,1,4,42.132404,-87.42807
2026-04-09 14:49:00,30,CLEAR,DARKNESS,ANGLE,DIVIDED - W/MEDIAN,STRAIGHT AND LEVEL,DRY,NO DEFECTS,N,FAILING TO YIELD RIGHT-OF-WAY,BEAT_112,2,4,0,4,42.055403,-87.483485
2026-04-09 14:54:00,50,RAIN,DAYLIGHT,SIDESWIPE SAME DIRECTION,NOT DIVIDED,STRAIGHT AND LEVEL,SNOW OR SLUSH,NO DEFECTS,N,WEATHER,BEAT_103,2,4,0,4,41.924408,-87.590983
2026-04-09 17:18:00,50,SNOW,DAYLIGHT,SIDESWIPE SAME DIRECTION,DIVIDED - W/MEDIAN,STRAIGHT AND LEVEL,WET,NO DEFECTS,Y,PHYSICAL CONDITION OF DRIVER,BEAT_110,2,4,0,4,42.030641,-87.512118
2026-04-09 19:14:00,25,RAIN,"DARKNESS, LIGHTED ROAD",TURNING,DIVIDED - W/MEDIAN,STRAIGHT AND LEVEL,WET,NO DEFECTS,Y,PHYSICAL CONDITION OF DRIVER,BEAT_105,2,4,0,4,41.952979,-87.573561
2026-04-09 19:47:00,30,RAIN,"DARKNESS, LIGHTED ROAD",REAR END,NOT DIVIDED,STRAIGHT AND LEVEL,SNOW OR SLUSH,"RUT, HOLES",N,FOLLOWING TOO CLOSELY,BEAT_114,2,4,0,4,42.088471,-87.458294
2026-04-10 00:59:00,25,CLEAR,"DARKNESS, LIGHTED ROAD",REAR END,DIVIDED - W/MEDIAN,STRAIGHT AND LEVEL,DRY,NO DEFECTS,N,WEATHER,BEAT_112,4,4,0,5,42.056445,-87.48597
2026-04-10 02:15:00,25,CLEAR,DAYLIGHT,TURNING,DIVIDED - W/MEDIAN,STRAIGHT AND LEVEL,DRY,NO DEFECTS,N,FOLLOWING TOO CLOSELY,BEAT_107,2,4,0,5,41.982896,-87.546629
2026-04-10 02:22:00,20,CLEAR,DAWN,REAR END,ONE-WAY,STRAIGHT AND LEVEL,WET,NO DEFECTS,Y,FOLLOWING TOO CLOSELY,BEAT_105,1,4,0,5,41.952546,-87.568619
2026-04-10 11:51:00,30,CLEAR,DAYLIGHT,SIDESWIPE SAME DIRECTION,NOT DIVIDED,STRAIGHT AND LEVEL,DRY,NO DEFECTS,N,WEATHER,BEAT_108,2,4,0,5,41.997029,-87.537214
2026-04-10 11:59:00,30,CLEAR,DARKNESS,REAR END,ONE-WAY,STRAIGHT AND LEVEL,WET,NO DEFECTS,N,FOLLOWING TOO CLOSELY,BEAT_112,1,4,0,5,42.057332,-87.486437
2026-04-10 13:13:00,30,CLEAR,DAYLIGHT,REAR END,FOUR WAY INTERSECTION,STRAIGHT AND LEVEL,DRY,NO DEFECTS,N,WEATHER,BEAT_102,2,4,0,5,41.912362,-87.608914
2026-04-10 14:35:00,20,SNOW,"DARKNESS, LIGHTED ROAD",TURNING,ONE-WAY,STRAIGHT AND LEVEL,WET,NO DEFECTS,Y,WEATHER,BEAT_120,3,4,0,5,42.177223,-87.385229
2026-04-10 18:09:00,25,CLEAR,DAYLIGHT,SIDESWIPE SAME DIRECTION,DIVIDED - W/MEDIAN,STRAIGHT AND LEVEL,DRY,NO DEFECTS,N,FAILING TO YIELD RIGHT-OF-WAY,BEAT_111,2,4,0,5,42.041808,-87.494371
2026-04-11 01:28:00,25,CLEAR,DAYLIGHT,REAR END,FOUR WAY INTERSECTION,STRAIGHT ON GRADE,DRY,NO DEFECTS,N,FOLLOWING TOO CLOSELY,BEAT_116,3,4,0,6,42.124183,-87.43692
2026-04-11 02:53:00,25,CLEAR,"DARKNESS, LIGHTED ROAD",SIDESWIPE SAME DIRECTION,NOT DIVIDED,STRAIGHT AND LEVEL,WET,NO DEFECTS,N,FOLLOWING TOO CLOSELY,BEAT_104,2,4,0,6,41.9393,-87.578493
2026-04-11 13:24:00,25,RAIN,DUSK,TURNING,ONE-WAY,STRAIGHT AND LEVEL,WET,NO DEFECTS,Y,FOLLOWING TOO CLOSELY,BEAT_115,1,4,0,6,42.102959,-87.444378
2026-04-11 14:26:00,25,CLEAR,DAYLIGHT,REAR END,FOUR WAY INTERSECTION,STRAIGHT AND LEVEL,DRY,NO DEFECTS,Y,WEATHER,BEAT_117,2,4,1,6,42.135972,-87.429473
2026-04-11 15:42:00,25,CLEAR,DAYLIGHT,REAR END,DIVIDED - W/MEDIAN,STRAIGHT AND LEVEL,WET,NO DEFECTS,N,DRIVING SKILLS/KNOWLEDGE/EXPERIENCE,BEAT_101,2,4,0,6,41.894266,-87.614955
2026-04-11 16:26:00,35,CLEAR,"DARKNESS, LIGHTED ROAD",SIDESWIPE SAME DIRECTION,DIVIDED - W/MEDIAN,STRAIGHT AND LEVEL,WET,NO DEFECTS,Y,FOLLOWING TOO CLOSELY,BEAT_120,3,4,0,6,42.182413,-87.387865
2026-04-11 17:10:00,25,CLEAR,DAYLIGHT,ANGLE,DIVIDED - W/MEDIAN,STRAIGHT AND LEVEL,DRY,NO DEFECTS,Y,FAILING TO YIELD RIGHT-OF-WAY,BEAT_110,2,4,0,6,42.027251,-87.511296
2026-04-11 20:30:00,30,CLEAR,DAYLIGHT,SIDESWIPE SAME DIRECTION,DIVIDED - W/MEDIAN,STRAIGHT AND LEVEL,DRY,WORN SURFACE,N,FOLLOWING TOO CLOSELY,BEAT_114,2,4,0,6,42.085542,-87.467053
2026-04-11 20:41:00,25,CLEAR,DAYLIGHT,REAR END,ALLEY,STRAIGHT AND LEVEL,DRY,NO DEFECTS,N,FAILING TO YIELD RIGHT-OF-WAY,BEAT_105,2,4,0,6,41.950234,-87.564065
2026-04-11 21:04:00,30,RAIN,"DARKNESS, LIGHTED ROAD",TURNING,FOUR WAY INTERSECTION,STRAIGHT AND LEVEL,SNOW OR SLUSH,NO DEFECTS,Y,FAILING TO YIELD RIGHT-OF-WAY,BEAT_116,2,4,0,6,42.111619,-87.434078
2026-04-12 00:21:00,30,CLEAR,DAYLIGHT,PARKED MOTOR VEHICLE,ONE-WAY,STRAIGHT AND LEVEL,DRY,NO DEFECTS,Y,DISREGARDING TRAFFIC SIGNALS,BEAT_112,2,4,0,7,42.06318,-87.485708
2026-04-12 04:00:00,25,CLEAR,"DARKNESS, LIGHTED ROAD",FIXED OBJECT,T-INTERSECTION,STRAIGHT AND LEVEL,WET,NO DEFECTS,N,FOLLOWING TOO CLOSELY,BEAT_101,3,4,0,7,41.888804,-87.61976
2026-04-12 04:04:00,25,SNOW,DARKNESS,SIDESWIPE SAME DIRECTION,T-INTERSECTION,STRAIGHT AND LEVEL,SNOW OR SLUSH,WORN SURFACE,Y,WEATHER,BEAT_110,2,4,1,7,42.027457,-87.508619
2026-04-12 04:14:00,30,CLEAR,DAYLIGHT,TURNING,FOUR WAY INTERSECTION,STRAIGHT AND LEVEL,DRY,NO DEFECTS,Y,PHYSICAL CONDITION OF DRIVER,BEAT_118,2,4,0,7,42.146243,-87.416174
2026-04-12 05:30:00,30,SNOW,"DARKNESS, LIGHTED ROAD",FIXED OBJECT,DIVIDED - W/MEDIAN,STRAIGHT AND LEVEL,SNOW OR SLUSH,NO DEFECTS,N,PHYSICAL CONDITION OF DRIVER,BEAT_119,2,4,0,7,42.159691,-87.402386
2026-04-12 06:21:00,50,CLEAR,DUSK,REAR END,NOT DIVIDED,STRAIGHT AND LEVEL,"SAND, MUD, DIRT",NO DEFECTS,N,DISREGARDING TRAFFIC SIGNALS,BEAT_120,3,4,0,7,42.177527,-87.392488
2026-04-12 08:28:00,35,CLEAR,DAYLIGHT,PARKED MOTOR VEHICLE,NOT DIVIDED,STRAIGHT AND LEVEL,DRY,WORN SURFACE,N,FOLLOWING TOO CLOSELY,BEAT_106,2,4,0,7,41.968191,-87.556654
2026-04-12 09:09:00,45,CLEAR,DAYLIGHT,TURNING,NOT DIVIDED,STRAIGHT AND LEVEL,DRY,NO DEFECTS,Y,FOLLOWING TOO CLOSELY,BEAT_119,2,4,0,7,42.160943,-87.399512
2026-04-12 13:48:00,25,CLEAR,"DARKNESS, LIGHTED ROAD",PARKED MOTOR VEHICLE,NOT DIVIDED,STRAIGHT ON GRADE,WET,"RUT, HOLES",Y,WEATHER,BEAT_109,1,4,1,7,42.012846,-87.527431
2026-04-12 14:18:00,35,SNOW,"DARKNESS, LIGHTED ROAD",REAR END,NOT DIVIDED,STRAIGHT AND LEVEL,WET,NO DEFECTS,N,FAILING TO YIELD RIGHT-OF-WAY,BEAT_111,2,4,0,7,42.037707,-87.501001
2026-04-12 16:00:00,35,RAIN,"DARKNESS, LIGHTED ROAD",PARKED MOTOR VEHICLE,ONE-WAY,STRAIGHT AND LEVEL,SNOW OR SLUSH,NO DEFECTS,N,FAILING TO YIELD RIGHT-OF-WAY,BEAT_119,2,4,0,7,42.16492,-87.40235
2026-04-12 20:28:00,25,RAIN,"DARKNESS, LIGHTED ROAD",REAR END,NOT DIVIDED,STRAIGHT AND LEVEL,WET,NO DEFECTS,Y,DRIVING SKILLS/KNOWLEDGE/EXPERIENCE,BEAT_112,2,4,0,7,42.052552,-87.48675
2026-04-13 00:48:00,25,CLEAR,DAYLIGHT,REAR END,ONE-WAY,STRAIGHT ON GRADE,DRY,"RUT, HOLES",Y,DRIVING SKILLS/KNOWLEDGE/EXPERIENCE,BEAT_105,3,4,0,1,41.953959,-87.572641
2026-04-13 00:54:00,25,RAIN,"DARKNESS, LIGHTED ROAD",REAR END,DIVIDED - W/MEDIAN,STRAIGHT AND LEVEL,WET,NO DEFECTS,Y,FOLLOWING TOO CLOSELY,BEAT_101,2,4,1,1,41.889901,-87.610663
2026-04-13 01:51:00,25,RAIN,DAYLIGHT,SIDESWIPE SAME DIRECTION,DIVIDED - W/MEDIAN,STRAIGHT AND LEVEL,WET,WORN SURFACE,Y,WEATHER,BEAT_120,1,4,0,1,42.176826,-87.388425
2026-04-13 05:20:00,45,RAIN,"DARKNESS, LIGHTED ROAD",REAR END,NOT DIVIDED,STRAIGHT AND LEVEL,WET,NO DEFECTS,N,FOLLOWING TOO CLOSELY,BEAT_120,2,4,0,1,42.180138,-87.393246
2026-04-13 07:25:00,30,CLEAR,DAYLIGHT,TURNING,NOT DIVIDED,STRAIGHT AND LEVEL,DRY,"RUT, HOLES",Y,IMPROPER OVERTAKING/PASSING,BEAT_110,2,4,0,1,42.021051,-87.50925
2026-04-13 09:33:00,25,RAIN,DAYLIGHT,PARKED MOTOR VEHICLE,DIVIDED - W/MEDIAN,STRAIGHT AND LEVEL,WET,SHOULDER DEFECT,N,DISREGARDING TRAFFIC SIGNALS,BEAT_115,2,4,0,1,42.102591,-87.45508
2026-04-13 11:25:00,25,SNOW,DAYLIGHT,REAR END,DIVIDED - W/MEDIAN,STRAIGHT AND LEVEL,SNOW OR SLUSH,"RUT, HOLES",Y,FOLLOWING TOO CLOSELY,BEAT_105,2,4,1,1,41.957506,-87.568655
2026-04-13 17:22:00,30,CLEAR,DAYLIGHT,REAR END,DIVIDED - W/MEDIAN,STRAIGHT AND LEVEL,DRY,NO DEFECTS,N,PHYSICAL CONDITION OF DRIVER,BEAT_119,2,4,0,1,42.158998,-87.406939
2026-04-13 18:50:00,25,CLEAR,DAYLIGHT,SIDESWIPE SAME DIRECTION,DIVIDED - W/MEDIAN,STRAIGHT AND LEVEL,DRY,NO DEFECTS,Y,FOLLOWING TOO CLOSELY,BEAT_119,2,4,0,1,42.164637,-87.40116
2026-04-13 18:58:00,20,RAIN,DARKNESS,TURNING,NOT DIVIDED,STRAIGHT AND LEVEL,WET,NO DEFECTS,N,DRIVING SKILLS/KNOWLEDGE/EXPERIENCE,BEAT_116,2,4,0,1,42.117866,-87.441676
2026-04-13 19:28:00,25,CLEAR,DAYLIGHT,PEDESTRIAN,DIVIDED - W/MEDIAN,"CURVE, LEVEL",DRY,NO DEFECTS,Y,DISREGARDING TRAFFIC SIGNALS,BEAT_115,2,4,1,1,42.105043,-87.445231
2026-04-13 19:36:00,40,CLEAR,DAYLIGHT,TURNING,DIVIDED - W/MEDIAN,STRAIGHT AND LEVEL,DRY,NO DEFECTS,Y,FAILING TO YIELD RIGHT-OF-WAY,BEAT_112,3,4,0,1,42.056068,-87.486504
2026-04-13 21:36:00,30,RAIN,DAYLIGHT,ANGLE,DIVIDED - W/MEDIAN,STRAIGHT AND LEVEL,WET,NO DEFECTS,Y,FOLLOWING TOO CLOSELY,BEAT_120,2,4,0,1,42.178099,-87.392147
2026-04-14 01:39:00,25,CLEAR,DAYLIGHT,REAR END,DIVIDED - W/MEDIAN,STRAIGHT AND LEVEL,DRY,NO DEFECTS,N,FAILING TO YIELD RIGHT-OF-WAY,BEAT_105,1,4,0,2,41.951976,-87.567205
2026-04-14 02:17:00,40,CLEAR,"DARKNESS, LIGHTED ROAD",SIDESWIPE SAME DIRECTION,FOUR WAY INTERSECTION,STRAIGHT AND LEVEL,WET,NO DEFECTS,N,FAILING TO YIELD RIGHT-OF-WAY,BEAT_108,3,4,0,2,41.997679,-87.527747
2026-04-14 03:32:00,35,CLEAR,DAYLIGHT,SIDESWIPE SAME DIRECTION,ALLEY,STRAIGHT AND LEVEL,DRY,NO DEFECTS,Y,FOLLOWING TOO CLOSELY,BEAT_110,2,4,0,2,42.023666,-87.512018
2026-04-14 04:59:00,25,CLEAR,DAYLIGHT,ANGLE,DIVIDED - W/MEDIAN,CURVE ON GRADE,DRY,NO DEFECTS,N,FAILING TO YIELD RIGHT-OF-WAY,BEAT_116,4,4,0,2,42.121032,-87.442421
2026-04-14 05:14:00,45,SNOW,DAYLIGHT,REAR END,ALLEY,STRAIGHT AND LEVEL,WET,NO DEFECTS,Y,FAILING TO YIELD RIGHT-OF-WAY,BEAT_115,2,4,0,2,42.102066,-87.450003
2026-04-14 05:28:00,45,CLEAR,DAYLIGHT,TURNING,NOT DIVIDED,STRAIGHT ON GRADE,DRY,NO DEFECTS,Y,FOLLOWING TOO CLOSELY,BEAT_114,2,4,0,2,42.084237,-87.459407
2026-04-14 05:36:00,25,SEVERE RAIN,DAYLIGHT,REAR END,NOT DIVIDED,STRAIGHT AND LEVEL,ICE,NO DEFECTS,N,DRIVING SKILLS/KNOWLEDGE/EXPERIENCE,BEAT_104,2,4,0,2,41.938526,-87.586927
2026-04-14 06:10:00,40,CLEAR,DAYLIGHT,ANGLE,NOT DIVIDED,STRAIGHT AND LEVEL,DRY,NO DEFECTS,Y,DRIVING SKILLS/KNOWLEDGE/EXPERIENCE,BEAT_116,2,4,0,2,42.120277,-87.435468
2026-04-14 07:44:00,25,CLEAR,DAYLIGHT,SIDESWIPE SAME DIRECTION,ONE-WAY,STRAIGHT AND LEVEL,SNOW OR SLUSH,NO DEFECTS,Y,WEATHER,BEAT_119,1,4,1,2,42.166087,-87.403471
2026-04-14 09:35:00,25,CLEAR,DAYLIGHT,ANGLE,DIVIDED - W/MEDIAN,STRAIGHT AND LEVEL,WET,NO DEFECTS,Y,WEATHER,BEAT_105,2,4,0,2,41.949531,-87.571863
2026-04-14 11:21:00,30,CLEAR,DAYLIGHT,PEDESTRIAN,ONE-WAY,STRAIGHT AND LEVEL,DRY,"RUT, HOLES",N,DRIVING SKILLS/KNOWLEDGE/EXPERIENCE,BEAT_118,2,4,0,2,42.150958,-87.412379
2026-04-14 11:52:00,25,CLEAR,DAYLIGHT,PARKED MOTOR VEHICLE,DIVIDED - W/MEDIAN,STRAIGHT AND LEVEL,WET,NO DEFECTS,N,FOLLOWING TOO CLOSELY,BEAT_114,2,4,0,2,42.08844,-87.460423
2026-04-14 20:48:00,30,CLEAR,DARKNESS,REAR END,DIVIDED - W/MEDIAN,STRAIGHT AND LEVEL,SNOW OR SLUSH,NO DEFECTS,Y,IMPROPER OVERTAKING/PASSING,BEAT_109,1,4,0,2,42.01645,-87.521104
2026-04-14 21:38:00,45,FOG/SMOKE/HAZE,"DARKNESS, LIGHTED ROAD",TURNING,DIVIDED - W/MEDIAN,STRAIGHT AND LEVEL,WET,NO DEFECTS,N,FAILING TO YIELD RIGHT-OF-WAY,BEAT_107,2,4,1,2,41.982789,-87.544831
2026-04-14 22:15:00,30,CLEAR,DAYLIGHT,REAR END,FOUR WAY INTERSECTION,STRAIGHT AND LEVEL,WET,NO DEFECTS,Y,FAILING TO YIELD RIGHT-OF-WAY,BEAT_114,3,4,0,2,42.08951,-87.460102
2026-04-14 23:05:00,25,RAIN,DAYLIGHT,ANGLE,FOUR WAY INTERSECTION,STRAIGHT AND LEVEL,WET,"RUT, HOLES",Y,DRIVING SKILLS/KNOWLEDGE/EXPERIENCE,BEAT_103,2,4,0,2,41.928798,-87.59365
2026-04-15 00:11:00,30,CLEAR,DAYLIGHT,ANGLE,NOT DIVIDED,STRAIGHT AND LEVEL,WET,NO DEFECTS,N,FAILING TO YIELD RIGHT-OF-WAY,BEAT_110,2,4,0,3,42.028435,-87.512827
2026-04-15 00:31:00,25,CLEAR,DARKNESS,REAR END,NOT DIVIDED,STRAIGHT AND LEVEL,DRY,NO DEFECTS,Y,FOLLOWING TOO CLOSELY,BEAT_103,2,4,2,3,41.924385,-87.596012
2026-04-15 01:38:00,25,CLEAR,DARKNESS,SIDESWIPE SAME DIRECTION,NOT DIVIDED,STRAIGHT AND LEVEL,DRY,NO DEFECTS,N,FAILING TO YIELD RIGHT-OF-WAY,BEAT_114,1,4,0,3,42.0889,-87.460566
2026-04-15 02:02:00,20,CLEAR,"DARKNESS, LIGHTED ROAD",REAR END,NOT DIVIDED,STRAIGHT AND LEVEL,DRY,NO DEFECTS,N,WEATHER,BEAT_102,2,4,0,3,41.906531,-87.607999
2026-04-15 03:54:00,25,CLEAR,DAYLIGHT,PEDESTRIAN,FOUR WAY INTERSECTION,STRAIGHT AND LEVEL,"SAND, MUD, DIRT",NO DEFECTS,N,FOLLOWING TOO CLOSELY,BEAT_114,2,4,0,3,42.086107,-87.459155
2026-04-15 15:50:00,30,CLEAR,DAYLIGHT,SIDESWIPE SAME DIRECTION,DIVIDED - W/MEDIAN,STRAIGHT AND LEVEL,DRY,NO DEFECTS,N,FOLLOWING TOO CLOSELY,BEAT_110,1,4,0,3,42.024356,-87.511952
2026-04-15 17:08:00,30,CLEAR,"DARKNESS, LIGHTED ROAD",REAR END,FOUR WAY INTERSECTION,STRAIGHT AND LEVEL,DRY,NO DEFECTS,N,DRIVING SKILLS/KNOWLEDGE/EXPERIENCE,BEAT_108,2,4,0,3,41.996619,-87.530873
2026-04-15 17:15:00,25,SNOW,"DARKNESS, LIGHTED ROAD",TURNING,DIVIDED - W/MEDIAN,STRAIGHT AND LEVEL,WET,"RUT, HOLES",N,DISREGARDING TRAFFIC SIGNALS,BEAT_107,2,4,0,3,41.981333,-87.55014
2026-04-15 20:27:00,30,CLEAR,DAYLIGHT,ANGLE,FOUR WAY INTERSECTION,STRAIGHT AND LEVEL,DRY,NO DEFECTS,Y,FAILING TO YIELD RIGHT-OF-WAY,BEAT_115,2,4,0,3,42.106212,-87.446406
2026-04-15 20:43:00,40,SNOW,DARKNESS,SIDESWIPE SAME DIRECTION,DIVIDED - W/MEDIAN,STRAIGHT AND LEVEL,WET,NO DEFECTS,Y,FOLLOWING TOO CLOSELY,BEAT_115,1,4,0,3,42.105897,-87.45051
2026-04-15 21:53:00,30,RAIN,DARKNESS,REAR END,DIVIDED - W/MEDIAN,STRAIGHT ON GRADE,WET,NO DEFECTS,Y,FAILING TO YIELD RIGHT-OF-WAY,BEAT_105,2,4,1,3,41.949625,-87.571694
2026-04-15 22:05:00,25,CLEAR,DAYLIGHT,ANGLE,DIVIDED - W/MEDIAN,"CURVE, LEVEL",DRY,NO DEFECTS,Y,FAILING TO YIELD RIGHT-OF-WAY,BEAT_109,1,4,0,3,42.010762,-87.526065
2026-04-15 22:08:00,55,RAIN,"DARKNESS, LIGHTED ROAD",PEDESTRIAN,ONE-WAY,STRAIGHT AND LEVEL,WET,NO DEFECTS,N,FAILING TO YIELD RIGHT-OF-WAY,BEAT_110,2,4,0,3,42.027128,-87.509609
2026-04-15 22:35:00,35,RAIN,DAYLIGHT,ANGLE,NOT DIVIDED,STRAIGHT AND LEVEL,WET,NO DEFECTS,N,DISREGARDING TRAFFIC SIGNALS,BEAT_106,2,4,1,3,41.967326,-87.558935
2026-04-16 01:04:00,35,CLEAR,DAYLIGHT,PARKED MOTOR VEHICLE,DIVIDED - W/MEDIAN,"CURVE, LEVEL",DRY,NO DEFECTS,Y,DISREGARDING TRAFFIC SIGNALS,BEAT_117,2,4,0,4,42.133349,-87.422316
2026-04-16 06:26:00,25,RAIN,"DARKNESS, LIGHTED ROAD",TURNING,NOT DIVIDED,STRAIGHT AND LEVEL,WET,NO DEFECTS,Y,DISREGARDING TRAFFIC SIGNALS,BEAT_118,2,4,2,4,42.148499,-87.411223
2026-04-16 09:42:00,30,RAIN,DAYLIGHT,ANGLE,DIVIDED - W/MEDIAN,STRAIGHT AND LEVEL,WET,NO DEFECTS,N,FOLLOWING TOO CLOSELY,BEAT_117,1,4,0,4,42.131663,-87.41892
2026-04-16 11:23:00,35,CLEAR,DAYLIGHT,PARKED MOTOR VEHICLE,NOT DIVIDED,STRAIGHT AND LEVEL,DRY,NO DEFECTS,N,FAILING TO YIELD RIGHT-OF-WAY,BEAT_106,2,4,0,4,41.963667,-87.557304
2026-04-16 11:56:00,30,RAIN,DAYLIGHT,SIDESWIPE SAME DIRECTION,FOUR WAY INTERSECTION,STRAIGHT AND LEVEL,WET,NO DEFECTS,N,FOLLOWING TOO CLOSELY,BEAT_116,2,4,0,4,42.116097,-87.438601
2026-04-16 14:52:00,30,CLEAR,DAYLIGHT,PEDESTRIAN,DIVIDED - W/MEDIAN,STRAIGHT AND LEVEL,DRY,NO DEFECTS,Y,FAILING TO YIELD RIGHT-OF-WAY,BEAT_108,2,4,0,4,41.994144,-87.531576
2026-04-17 00:19:00,40,CLEAR,"DARKNESS, LIGHTED ROAD",SIDESWIPE SAME DIRECTION,ONE-WAY,STRAIGHT AND LEVEL,WET,NO DEFECTS,N,FOLLOWING TOO CLOSELY,BEAT_110,2,4,2,5,42.031183,-87.508318
2026-04-17 01:24:00,50,CLEAR,DARKNESS,TURNING,NOT DIVIDED,"CURVE, LEVEL",DRY,WORN SURFACE,N,FOLLOWING TOO CLOSELY,BEAT_108,2,4,0,5,42.002082,-87.534588
2026-04-17 04:35:00,20,CLEAR,DAYLIGHT,ANGLE,DIVIDED - W/MEDIAN,STRAIGHT ON GRADE,DRY,NO DEFECTS,Y,FAILING TO YIELD RIGHT-OF-WAY,BEAT_103,2,4,0,5,41.924537,-87.591473
2026-04-17 05:05:00,25,CLEAR,DAYLIGHT,SIDESWIPE SAME DIRECTION,NOT DIVIDED,STRAIGHT AND LEVEL,WET,WORN SURFACE,N,DRIVING SKILLS/KNOWLEDGE/EXPERIENCE,BEAT_115,3,4,0,5,42.096433,-87.449574