CRASH_DATE,POSTED_SPEED_LIMIT,WEATHER_CONDITION,LIGHTING_CONDITION,FIRST_CRASH_TYPE,TRAFFICWAY_TYPE,ALIGNMENT,ROADWAY_SURFACE_COND,ROAD_DEFECT,INTERSECTION_RELATED_I,PRIM_CONTRIBUTORY_CAUSE,BEAT_OF_OCCURRENCE,NUM_UNITS,CRASH_MONTH,INJURIES_TOTAL,CRASH_DAY_OF_WEEK,LATITUDE,LONGITUDE
2026-04-17 06:16:00,50,CLEAR,DAYLIGHT,SIDESWIPE SAME DIRECTION,ONE-WAY,STRAIGHT AND LEVEL,DRY,"RUT, HOLES",Y,FOLLOWING TOO CLOSELY,BEAT_119,1,4,0,5,42.163002,-87.39558
2026-04-17 07:05:00,25,CLEAR,DAYLIGHT,SIDESWIPE SAME DIRECTION,ONE-WAY,STRAIGHT AND LEVEL,DRY,NO DEFECTS,N,FOLLOWING TOO CLOSELY,BEAT_120,2,4,1,5,42.178073,-87.392642
2026-04-17 07:40:00,25,SNOW,DAYLIGHT,ANGLE,FOUR WAY INTERSECTION,STRAIGHT AND LEVEL,SNOW OR SLUSH,NO DEFECTS,Y,FAILING TO YIELD RIGHT-OF-WAY,BEAT_107,2,4,0,5,41.980181,-87.552611
2026-04-17 07:41:00,30,RAIN,DAYLIGHT,REAR END,ONE-WAY,STRAIGHT AND LEVEL,SNOW OR SLUSH,NO DEFECTS,Y,DISREGARDING TRAFFIC SIGNALS,BEAT_119,2,4,1,5,42.161494,-87.400725
2026-04-17 08:19:00,30,RAIN,DAWN,REAR END,ALLEY,STRAIGHT AND LEVEL,SNOW OR SLUSH,SHOULDER DEFECT,Y,FAILING TO YIELD RIGHT-OF-WAY,BEAT_108,3,4,0,5,41.996422,-87.53676
2026-04-17 10:18:00,30,RAIN,DARKNESS,TURNING,ONE-WAY,STRAIGHT AND LEVEL,WET,NO DEFECTS,Y,DRIVING SKILLS/KNOWLEDGE/EXPERIENCE,BEAT_117,2,4,0,5,42.133905,-87.424063
2026-04-17 12:29:00,30,CLEAR,DAYLIGHT,FIXED OBJECT,FOUR WAY INTERSECTION,"CURVE, LEVEL",DRY,NO DEFECTS,Y,IMPROPER OVERTAKING/PASSING,BEAT_119,1,4,1,5,42.160139,-87.398478
2026-04-17 14:51:00,30,CLEAR,"DARKNESS, LIGHTED ROAD",REAR END,T-INTERSECTION,STRAIGHT AND LEVEL,DRY,WORN SURFACE,N,FOLLOWING TOO CLOSELY,BEAT_116,2,4,0,5,42.120623,-87.443097
2026-04-17 15:09:00,25,CLEAR,DAYLIGHT,ANGLE,DIVIDED - W/MEDIAN,STRAIGHT AND LEVEL,DRY,NO DEFECTS,N,FAILING TO YIELD RIGHT-OF-WAY,BEAT_115,2,4,0,5,42.106632,-87.450294
2026-04-17 15:27:00,30,CLEAR,DAYLIGHT,PEDESTRIAN,NOT DIVIDED,STRAIGHT AND LEVEL,DRY,WORN SURFACE,N,FOLLOWING TOO CLOSELY,BEAT_106,3,4,0,5,41.968298,-87.557502
2026-04-17 17:59:00,25,CLEAR,DAYLIGHT,SIDESWIPE SAME DIRECTION,ONE-WAY,CURVE ON GRADE,WET,NO DEFECTS,N,FOLLOWING TOO CLOSELY,BEAT_103,2,4,1,5,41.924368,-87.588546
2026-04-17 22:34:00,30,CLEAR,DARKNESS,PARKED MOTOR VEHICLE,NOT DIVIDED,STRAIGHT ON GRADE,DRY,SHOULDER DEFECT,N,FAILING TO YIELD RIGHT-OF-WAY,BEAT_109,2,4,0,5,42.012968,-87.526374
2026-04-18 00:19:00,50,CLEAR,DAYLIGHT,REAR END,FOUR WAY INTERSECTION,STRAIGHT AND LEVEL,DRY,NO DEFECTS,N,DRIVING SKILLS/KNOWLEDGE/EXPERIENCE,BEAT_117,2,4,0,6,42.134066,-87.427317
2026-04-18 04:55:00,25,CLEAR,DAYLIGHT,PEDESTRIAN,DIVIDED - W/MEDIAN,STRAIGHT AND LEVEL,DRY,NO DEFECTS,Y,WEATHER,BEAT_120,2,4,0,6,42.17872,-87.389861
2026-04-18 05:00:00,25,CLEAR,"DARKNESS, LIGHTED ROAD",PARKED MOTOR VEHICLE,NOT DIVIDED,STRAIGHT AND LEVEL,DRY,NO DEFECTS,N,FAILING TO YIELD RIGHT-OF-WAY,BEAT_119,2,4,0,6,42.161088,-87.401775
2026-04-18 05:12:00,25,RAIN,DARKNESS,ANGLE,DIVIDED - W/MEDIAN,STRAIGHT AND LEVEL,WET,NO DEFECTS,N,DISREGARDING TRAFFIC SIGNALS,BEAT_117,1,4,0,6,42.130313,-87.427807
2026-04-18 06:45:00,25,CLEAR,DUSK,SIDESWIPE SAME DIRECTION,DIVIDED - W/MEDIAN,STRAIGHT AND LEVEL,DRY,NO DEFECTS,Y,DRIVING SKILLS/KNOWLEDGE/EXPERIENCE,BEAT_110,2,4,0,6,42.024712,-87.508508
2026-04-18 08:21:00,25,CLEAR,"DARKNESS, LIGHTED ROAD",TURNING,FOUR WAY INTERSECTION,STRAIGHT AND LEVEL,DRY,NO DEFECTS,N,FAILING TO YIELD RIGHT-OF-WAY,BEAT_110,2,4,0,6,42.029696,-87.508395
2026-04-18 11:04:00,30,CLEAR,"DARKNESS, LIGHTED ROAD",FIXED OBJECT,DIVIDED - W/MEDIAN,STRAIGHT AND LEVEL,DRY,NO DEFECTS,Y,DRIVING SKILLS/KNOWLEDGE/EXPERIENCE,BEAT_120,3,4,0,6,42.180038,-87.390587
2026-04-18 11:13:00,30,CLEAR,DAYLIGHT,SIDESWIPE SAME DIRECTION,DIVIDED - W/MEDIAN,"CURVE, LEVEL",DRY,NO DEFECTS,Y,DRIVING SKILLS/KNOWLEDGE/EXPERIENCE,BEAT_102,2,4,1,6,41.905588,-87.612121
2026-04-18 11:50:00,35,CLEAR,DARKNESS,PARKED MOTOR VEHICLE,DIVIDED - W/MEDIAN,STRAIGHT ON GRADE,DRY,NO DEFECTS,N,WEATHER,BEAT_106,2,4,0,6,41.962811,-87.554368
2026-04-18 11:58:00,40,CLEAR,DAYLIGHT,TURNING,DIVIDED - W/MEDIAN,STRAIGHT AND LEVEL,DRY,NO DEFECTS,N,FOLLOWING TOO CLOSELY,BEAT_120,3,4,0,6,42.173998,-87.389763
2026-04-18 13:52:00,25,CLEAR,DAYLIGHT,FIXED OBJECT,DIVIDED - W/MEDIAN,STRAIGHT AND LEVEL,SNOW OR SLUSH,NO DEFECTS,Y,FOLLOWING TOO CLOSELY,BEAT_109,2,4,0,6,42.013527,-87.524051
2026-04-18 16:59:00,40,RAIN,"DARKNESS, LIGHTED ROAD",PARKED MOTOR VEHICLE,NOT DIVIDED,STRAIGHT AND LEVEL,WET,NO DEFECTS,N,DISREGARDING TRAFFIC SIGNALS,BEAT_115,1,4,1,6,42.098057,-87.4513
2026-04-18 19:56:00,35,CLEAR,DAYLIGHT,PEDESTRIAN,DIVIDED - W/MEDIAN,STRAIGHT ON GRADE,"SAND, MUD, DIRT",NO DEFECTS,Y,FAILING TO YIELD RIGHT-OF-WAY,BEAT_120,1,4,0,6,42.177468,-87.382512
2026-04-18 20:32:00,30,FOG/SMOKE/HAZE,DAYLIGHT,PARKED MOTOR VEHICLE,DIVIDED - W/MEDIAN,STRAIGHT AND LEVEL,WET,NO DEFECTS,N,WEATHER,BEAT_113,1,4,0,6,42.068248,-87.472761
2026-04-18 22:52:00,35,CLEAR,DAYLIGHT,REAR END,DIVIDED - W/MEDIAN,STRAIGHT AND LEVEL,WET,NO DEFECTS,Y,DRIVING SKILLS/KNOWLEDGE/EXPERIENCE,BEAT_102,2,4,0,6,41.910664,-87.601937
2026-04-19 06:34:00,25,CLEAR,DARKNESS,SIDESWIPE SAME DIRECTION,T-INTERSECTION,STRAIGHT AND LEVEL,WET,NO DEFECTS,N,FAILING TO YIELD RIGHT-OF-WAY,BEAT_106,2,4,1,7,41.967196,-87.558817
2026-04-19 07:56:00,25,CLEAR,"DARKNESS, LIGHTED ROAD",REAR END,NOT DIVIDED,STRAIGHT AND LEVEL,DRY,NO DEFECTS,Y,FOLLOWING TOO CLOSELY,BEAT_107,1,4,0,7,41.986157,-87.54618
2026-04-19 10:09:00,25,RAIN,DAWN,SIDESWIPE SAME DIRECTION,T-INTERSECTION,STRAIGHT AND LEVEL,WET,WORN SURFACE,N,DRIVING SKILLS/KNOWLEDGE/EXPERIENCE,BEAT_109,1,4,0,7,42.011182,-87.524552
2026-04-19 13:57:00,25,CLEAR,"DARKNESS, LIGHTED ROAD",FIXED OBJECT,NOT DIVIDED,STRAIGHT ON GRADE,DRY,NO DEFECTS,N,FOLLOWING TOO CLOSELY,BEAT_119,2,4,0,7,42.164527,-87.402758
2026-04-19 16:39:00,35,CLEAR,DAYLIGHT,REAR END,ONE-WAY,"CURVE, LEVEL",DRY,NO DEFECTS,Y,FAILING TO YIELD RIGHT-OF-WAY,BEAT_113,3,4,0,7,42.071318,-87.473553
2026-04-19 18:42:00,25,CLEAR,"DARKNESS, LIGHTED ROAD",PARKED MOTOR VEHICLE,DIVIDED - W/MEDIAN,STRAIGHT AND LEVEL,DRY,"RUT, HOLES",N,FOLLOWING TOO CLOSELY,BEAT_119,2,4,0,7,42.163627,-87.402246
2026-04-19 20:47:00,30,CLEAR,"DARKNESS, LIGHTED ROAD",SIDESWIPE SAME DIRECTION,ONE-WAY,STRAIGHT AND LEVEL,DRY,NO DEFECTS,N,FAILING TO YIELD RIGHT-OF-WAY,BEAT_102,2,4,1,7,41.90851,-87.604701
2026-04-19 22:52:00,25,CLEAR,DAYLIGHT,REAR END,FOUR WAY INTERSECTION,STRAIGHT AND LEVEL,DRY,SHOULDER DEFECT,Y,IMPROPER OVERTAKING/PASSING,BEAT_113,2,4,0,7,42.07427,-87.476117
2026-04-20 01:09:00,25,CLEAR,DAWN,TURNING,NOT DIVIDED,STRAIGHT AND LEVEL,DRY,NO DEFECTS,N,WEATHER,BEAT_116,2,4,0,1,42.119293,-87.441742
2026-04-20 02:36:00,20,SNOW,DARKNESS,REAR END,DIVIDED - W/MEDIAN,STRAIGHT AND LEVEL,WET,NO DEFECTS,N,WEATHER,BEAT_107,2,4,0,1,41.983108,-87.540373
2026-04-20 03:56:00,25,CLEAR,DAYLIGHT,SIDESWIPE SAME DIRECTION,DIVIDED - W/MEDIAN,STRAIGHT AND LEVEL,DRY,NO DEFECTS,N,DRIVING SKILLS/KNOWLEDGE/EXPERIENCE,BEAT_111,2,4,1,1,42.047313,-87.500618
2026-04-20 04:40:00,25,CLEAR,DAYLIGHT,REAR END,ONE-WAY,STRAIGHT AND LEVEL,DRY,"RUT, HOLES",Y,FAILING TO YIELD RIGHT-OF-WAY,BEAT_107,2,4,0,1,41.983121,-87.547709
2026-04-20 06:32:00,40,CLEAR,"DARKNESS, LIGHTED ROAD",PARKED MOTOR VEHICLE,FOUR WAY INTERSECTION,STRAIGHT AND LEVEL,DRY,NO DEFECTS,Y,FAILING TO YIELD RIGHT-OF-WAY,BEAT_113,1,4,1,1,42.07546,-87.476318
2026-04-20 10:36:00,30,CLEAR,DAYLIGHT,TURNING,T-INTERSECTION,STRAIGHT AND LEVEL,DRY,NO DEFECTS,Y,FOLLOWING TOO CLOSELY,BEAT_102,2,4,1,1,41.908888,-87.607583
2026-04-20 15:14:00,25,CLEAR,"DARKNESS, LIGHTED ROAD",FIXED OBJECT,T-INTERSECTION,STRAIGHT AND LEVEL,DRY,NO DEFECTS,N,WEATHER,BEAT_113,2,4,0,1,42.074211,-87.477395
2026-04-20 17:50:00,20,FOG/SMOKE/HAZE,DAYLIGHT,ANGLE,NOT DIVIDED,STRAIGHT AND LEVEL,WET,NO DEFECTS,N,FAILING TO YIELD RIGHT-OF-WAY,BEAT_114,2,4,0,1,42.087431,-87.460954
2026-04-20 18:10:00,25,CLEAR,DARKNESS,SIDESWIPE SAME DIRECTION,DIVIDED - W/MEDIAN,STRAIGHT AND LEVEL,DRY,"RUT, HOLES",Y,WEATHER,BEAT_112,2,4,0,1,42.058812,-87.482483
2026-04-20 19:37:00,25,CLEAR,DAYLIGHT,TURNING,FOUR WAY INTERSECTION,STRAIGHT AND LEVEL,DRY,NO DEFECTS,N,DISREGARDING TRAFFIC SIGNALS,BEAT_104,2,4,0,1,41.940106,-87.582262
2026-04-20 23:00:00,30,RAIN,DARKNESS,REAR END,NOT DIVIDED,STRAIGHT AND LEVEL,WET,"RUT, HOLES",N,FAILING TO YIELD RIGHT-OF-WAY,BEAT_112,2,4,1,1,42.059363,-87.486273
2026-04-21 01:56:00,35,CLEAR,"DARKNESS, LIGHTED ROAD",SIDESWIPE SAME DIRECTION,ONE-WAY,STRAIGHT AND LEVEL,WET,NO DEFECTS,Y,FAILING TO YIELD RIGHT-OF-WAY,BEAT_117,2,4,0,2,42.134099,-87.426391
2026-04-21 07:08:00,25,SNOW,"DARKNESS, LIGHTED ROAD",PARKED MOTOR VEHICLE,T-INTERSECTION,STRAIGHT AND LEVEL,WET,"RUT, HOLES",N,WEATHER,BEAT_111,2,4,0,2,42.043464,-87.498598
2026-04-21 07:41:00,30,SNOW,DAYLIGHT,ANGLE,DIVIDED - W/MEDIAN,"CURVE, LEVEL",WET,NO DEFECTS,N,DRIVING SKILLS/KNOWLEDGE/EXPERIENCE,BEAT_116,2,4,0,2,42.11989,-87.435491
2026-04-21 08:39:00,30,SEVERE RAIN,DAYLIGHT,REAR END,T-INTERSECTION,STRAIGHT AND LEVEL,ICE,NO DEFECTS,N,FAILING TO YIELD RIGHT-OF-WAY,BEAT_120,2,4,0,2,42.177045,-87.389624
2026-04-21 11:46:00,30,RAIN,DUSK,REAR END,NOT DIVIDED,STRAIGHT AND LEVEL,ICE,"RUT, HOLES",Y,FOLLOWING TOO CLOSELY,BEAT_118,2,4,2,2,42.145927,-87.418548
2026-04-21 14:26:00,25,CLEAR,"DARKNESS, LIGHTED ROAD",FIXED OBJECT,DIVIDED - W/MEDIAN,STRAIGHT AND LEVEL,SNOW OR SLUSH,"RUT, HOLES",Y,DRIVING SKILLS/KNOWLEDGE/EXPERIENCE,BEAT_116,1,4,2,2,42.11344,-87.438163
2026-04-21 14:29:00,30,SEVERE RAIN,DAYLIGHT,ANGLE,DIVIDED - W/MEDIAN,STRAIGHT AND LEVEL,WET,NO DEFECTS,Y,WEATHER,BEAT_119,3,4,1,2,42.160979,-87.397984
2026-04-21 21:22:00,30,RAIN,DAYLIGHT,SIDESWIPE SAME DIRECTION,ONE-WAY,STRAIGHT AND LEVEL,WET,NO DEFECTS,N,DRIVING SKILLS/KNOWLEDGE/EXPERIENCE,BEAT_114,4,4,0,2,42.092686,-87.460136
2026-04-21 22:14:00,40,SNOW,DAYLIGHT,REAR END,DIVIDED - W/MEDIAN,STRAIGHT AND LEVEL,ICE,NO DEFECTS,N,IMPROPER OVERTAKING/PASSING,BEAT_119,2,4,1,2,42.158922,-87.403614
2026-04-21 22:27:00,50,CLEAR,DAYLIGHT,REAR END,NOT DIVIDED,STRAIGHT AND LEVEL,DRY,NO DEFECTS,Y,WEATHER,BEAT_101,2,4,3,2,41.892631,-87.618249
2026-04-21 23:38:00,25,SNOW,DAYLIGHT,PARKED MOTOR VEHICLE,NOT DIVIDED,STRAIGHT AND LEVEL,WET,SHOULDER DEFECT,N,DRIVING SKILLS/KNOWLEDGE/EXPERIENCE,BEAT_105,2,4,0,2,41.956877,-87.570339
2026-04-22 00:26:00,30,CLEAR,DAYLIGHT,PARKED MOTOR VEHICLE,DIVIDED - W/MEDIAN,STRAIGHT AND LEVEL,DRY,"RUT, HOLES",N,WEATHER,BEAT_116,2,4,0,3,42.11199,-87.433898
2026-04-22 02:24:00,30,CLEAR,"DARKNESS, LIGHTED ROAD",TURNING,DIVIDED - W/MEDIAN,STRAIGHT AND LEVEL,DRY,NO DEFECTS,N,DISREGARDING TRAFFIC SIGNALS,BEAT_118,2,4,1,3,42.148624,-87.417451
2026-04-22 05:23:00,45,CLEAR,DARKNESS,SIDESWIPE SAME DIRECTION,T-INTERSECTION,STRAIGHT AND LEVEL,WET,NO DEFECTS,N,FAILING TO YIELD RIGHT-OF-WAY,BEAT_103,2,4,0,3,41.925719,-87.586521
2026-04-22 05:48:00,25,RAIN,DAYLIGHT,SIDESWIPE SAME DIRECTION,DIVIDED - W/MEDIAN,STRAIGHT AND LEVEL,ICE,NO DEFECTS,N,DRIVING SKILLS/KNOWLEDGE/EXPERIENCE,BEAT_103,4,4,0,3,41.922234,-87.596188
2026-04-22 06:11:00,25,RAIN,DAYLIGHT,REAR END,FOUR WAY INTERSECTION,"CURVE, LEVEL",WET,WORN SURFACE,Y,FAILING TO YIELD RIGHT-OF-WAY,BEAT_110,2,4,0,3,42.025418,-87.512743
2026-04-22 06:31:00,25,RAIN,DAYLIGHT,REAR END,NOT DIVIDED,STRAIGHT AND LEVEL,WET,NO DEFECTS,Y,FAILING TO YIELD RIGHT-OF-WAY,BEAT_105,2,4,1,3,41.950709,-87.572196
2026-04-22 06:49:00,50,RAIN,DAYLIGHT,REAR END,ONE-WAY,STRAIGHT AND LEVEL,SNOW OR SLUSH,NO DEFECTS,Y,FOLLOWING TOO CLOSELY,BEAT_120,2,4,0,3,42.175388,-87.385612
2026-04-22 11:28:00,30,CLEAR,DAWN,REAR END,DIVIDED - W/MEDIAN,STRAIGHT AND LEVEL,ICE,NO DEFECTS,N,FOLLOWING TOO CLOSELY,BEAT_111,2,4,0,3,42.043104,-87.496776
2026-04-22 13:15:00,30,RAIN,DAYLIGHT,FIXED OBJECT,DIVIDED - W/MEDIAN,STRAIGHT ON GRADE,SNOW OR SLUSH,NO DEFECTS,N,DRIVING SKILLS/KNOWLEDGE/EXPERIENCE,BEAT_117,2,4,1,3,42.132803,-87.425578
2026-04-22 15:01:00,50,CLEAR,"DARKNESS, LIGHTED ROAD",TURNING,NOT DIVIDED,STRAIGHT AND LEVEL,DRY,NO DEFECTS,N,FOLLOWING TOO CLOSELY,BEAT_117,2,4,0,3,42.125243,-87.429672
2026-04-22 17:39:00,40,CLEAR,"DARKNESS, LIGHTED ROAD",SIDESWIPE SAME DIRECTION,FOUR WAY INTERSECTION,STRAIGHT ON GRADE,WET,NO DEFECTS,N,FAILING TO YIELD RIGHT-OF-WAY,BEAT_103,1,4,0,3,41.918984,-87.598641
2026-04-22 18:57:00,35,RAIN,"DARKNESS, LIGHTED ROAD",REAR END,NOT DIVIDED,STRAIGHT AND LEVEL,WET,NO DEFECTS,N,DISREGARDING TRAFFIC SIGNALS,BEAT_115,1,4,0,3,42.108233,-87.450833
2026-04-22 19:31:00,20,CLEAR,DAYLIGHT,REAR END,DIVIDED - W/MEDIAN,STRAIGHT AND LEVEL,ICE,"RUT, HOLES",Y,DRIVING SKILLS/KNOWLEDGE/EXPERIENCE,BEAT_120,2,4,0,3,42.171802,-87.38887
2026-04-22 19:52:00,35,CLEAR,DAYLIGHT,TURNING,NOT DIVIDED,STRAIGHT AND LEVEL,DRY,NO DEFECTS,Y,PHYSICAL CONDITION OF DRIVER,BEAT_114,2,4,0,3,42.08693,-87.458482
2026-04-22 20:39:00,25,CLEAR,DAYLIGHT,PEDESTRIAN,NOT DIVIDED,STRAIGHT AND LEVEL,DRY,NO DEFECTS,N,WEATHER,BEAT_116,4,4,0,3,42.116664,-87.436253
2026-04-22 21:04:00,35,CLEAR,"DARKNESS, LIGHTED ROAD",TURNING,NOT DIVIDED,STRAIGHT AND LEVEL,DRY,NO DEFECTS,Y,FOLLOWING TOO CLOSELY,BEAT_110,2,4,1,3,42.02728,-87.506364
2026-04-22 21:13:00,35,CLEAR,DAYLIGHT,SIDESWIPE SAME DIRECTION,DIVIDED - W/MEDIAN,STRAIGHT AND LEVEL,DRY,"RUT, HOLES",N,WEATHER,BEAT_118,2,4,0,3,42.149101,-87.412898
2026-04-22 23:58:00,30,CLEAR,DAYLIGHT,REAR END,DIVIDED - W/MEDIAN,STRAIGHT AND LEVEL,WET,"RUT, HOLES",Y,FOLLOWING TOO CLOSELY,BEAT_103,2,4,0,3,41.924714,-87.591308
2026-04-23 00:14:00,25,CLEAR,DAYLIGHT,TURNING,FOUR WAY INTERSECTION,STRAIGHT AND LEVEL,WET,NO DEFECTS,Y,FAILING TO YIELD RIGHT-OF-WAY,BEAT_104,2,4,0,4,41.935497,-87.587524
2026-04-23 08:14:00,30,CLEAR,DARKNESS,REAR END,ONE-WAY,STRAIGHT ON GRADE,DRY,NO DEFECTS,N,IMPROPER OVERTAKING/PASSING,BEAT_101,2,4,0,4,41.894328,-87.615789
2026-04-23 08:50:00,30,CLEAR,DUSK,ANGLE,DIVIDED - W/MEDIAN,STRAIGHT AND LEVEL,DRY,NO DEFECTS,N,DRIVING SKILLS/KNOWLEDGE/EXPERIENCE,BEAT_103,4,4,0,4,41.923178,-87.595214
2026-04-23 10:06:00,30,CLEAR,DAYLIGHT,PARKED MOTOR VEHICLE,FOUR WAY INTERSECTION,STRAIGHT AND LEVEL,DRY,NO DEFECTS,Y,DRIVING SKILLS/KNOWLEDGE/EXPERIENCE,BEAT_111,2,4,0,4,42.043237,-87.500944
2026-04-23 14:52:00,25,CLEAR,DAWN,SIDESWIPE SAME DIRECTION,DIVIDED - W/MEDIAN,STRAIGHT AND LEVEL,DRY,NO DEFECTS,Y,PHYSICAL CONDITION OF DRIVER,BEAT_109,2,4,0,4,42.010392,-87.520881
2026-04-23 15:23:00,45,RAIN,DAYLIGHT,ANGLE,DIVIDED - W/MEDIAN,STRAIGHT AND LEVEL,WET,NO DEFECTS,N,FOLLOWING TOO CLOSELY,BEAT_111,2,4,0,4,42.045328,-87.495877
2026-04-23 15:56:00,25,SEVERE RAIN,"DARKNESS, LIGHTED ROAD",REAR END,DIVIDED - W/MEDIAN,STRAIGHT AND LEVEL,WET,NO DEFECTS,N,DISREGARDING TRAFFIC SIGNALS,BEAT_117,2,4,1,4,42.132993,-87.427687
2026-04-23 16:26:00,30,CLEAR,DAYLIGHT,ANGLE,DIVIDED - W/MEDIAN,STRAIGHT AND LEVEL,DRY,NO DEFECTS,Y,FOLLOWING TOO CLOSELY,BEAT_102,2,4,2,4,41.906316,-87.607986
2026-04-23 16:57:00,30,RAIN,DAYLIGHT,SIDESWIPE SAME DIRECTION,ALLEY,STRAIGHT AND LEVEL,ICE,NO DEFECTS,Y,DRIVING SKILLS/KNOWLEDGE/EXPERIENCE,BEAT_120,2,4,0,4,42.180554,-87.392964
2026-04-23 17:29:00,40,CLEAR,DAYLIGHT,FIXED OBJECT,ONE-WAY,STRAIGHT AND LEVEL,WET,NO DEFECTS,N,DISREGARDING TRAFFIC SIGNALS,BEAT_106,2,4,0,4,41.96703,-87.557085
2026-04-24 01:03:00,25,CLEAR,"DARKNESS, LIGHTED ROAD",REAR END,NOT DIVIDED,STRAIGHT AND LEVEL,DRY,NO DEFECTS,Y,FOLLOWING TOO CLOSELY,BEAT_113,1,4,0,5,42.073745,-87.46754
2026-04-24 01:54:00,45,CLEAR,DAYLIGHT,REAR END,NOT DIVIDED,STRAIGHT AND LEVEL,DRY,NO DEFECTS,N,DISREGARDING TRAFFIC SIGNALS,BEAT_113,3,4,0,5,42.074667,-87.47662
2026-04-24 07:24:00,30,CLEAR,DAYLIGHT,PEDESTRIAN,NOT DIVIDED,STRAIGHT ON GRADE,WET,NO DEFECTS,Y,DISREGARDING TRAFFIC SIGNALS,BEAT_106,2,4,0,5,41.968317,-87.55457
2026-04-24 10:43:00,30,CLEAR,"DARKNESS, LIGHTED ROAD",PARKED MOTOR VEHICLE,T-INTERSECTION,STRAIGHT AND LEVEL,DRY,NO DEFECTS,N,PHYSICAL CONDITION OF DRIVER,BEAT_108,2,4,1,5,41.996947,-87.530816
2026-04-24 12:40:00,25,CLEAR,DAYLIGHT,REAR END,ALLEY,"CURVE, LEVEL",DRY,NO DEFECTS,N,FOLLOWING TOO CLOSELY,BEAT_120,2,4,0,5,42.18043,-87.393124
2026-04-24 13:41:00,25,RAIN,DAYLIGHT,TURNING,DIVIDED - W/MEDIAN,STRAIGHT AND LEVEL,WET,SHOULDER DEFECT,Y,FOLLOWING TOO CLOSELY,BEAT_104,2,4,1,5,41.937167,-87.586231
2026-04-24 23:36:00,25,CLEAR,"DARKNESS, LIGHTED ROAD",SIDESWIPE SAME DIRECTION,DIVIDED - W/MEDIAN,STRAIGHT AND LEVEL,DRY,NO DEFECTS,Y,DRIVING SKILLS/KNOWLEDGE/EXPERIENCE,BEAT_114,2,4,0,5,42.090721,-87.461994
2026-04-25 02:29:00,40,RAIN,DAYLIGHT,REAR END,DIVIDED - W/MEDIAN,STRAIGHT AND LEVEL,WET,NO DEFECTS,Y,DISREGARDING TRAFFIC SIGNALS,BEAT_120,4,4,1,6,42.180691,-87.385987
2026-04-25 02:37:00,45,CLEAR,"DARKNESS, LIGHTED ROAD",REAR END,FOUR WAY INTERSECTION,"CURVE, LEVEL",WET,NO DEFECTS,Y,FAILING TO YIELD RIGHT-OF-WAY,BEAT_104,2,4,1,6,41.941625,-87.583027
2026-04-25 03:02:00,25,RAIN,DAWN,REAR END,NOT DIVIDED,STRAIGHT AND LEVEL,WET,NO DEFECTS,N,WEATHER,BEAT_103,2,4,0,6,41.921355,-87.593052
2026-04-25 04:24:00,35,CLEAR,DAYLIGHT,FIXED OBJECT,T-INTERSECTION,STRAIGHT AND LEVEL,DRY,NO DEFECTS,N,PHYSICAL CONDITION OF DRIVER,BEAT_106,2,4,0,6,41.969464,-87.556146
2026-04-25 08:20:00,40,SNOW,DAYLIGHT,ANGLE,NOT DIVIDED,STRAIGHT AND LEVEL,WET,NO DEFECTS,Y,DRIVING SKILLS/KNOWLEDGE/EXPERIENCE,BEAT_103,2,4,0,6,41.921884,-87.589424
2026-04-25 08:54:00,25,RAIN,DARKNESS,REAR END,DIVIDED - W/MEDIAN,STRAIGHT AND LEVEL,WET,WORN SURFACE,N,WEATHER,BEAT_107,1,4,1,6,41.984991,-87.552526
2026-04-25 10:33:00,30,CLEAR,"DARKNESS, LIGHTED ROAD",REAR END,DIVIDED - W/MEDIAN,STRAIGHT ON GRADE,DRY,NO DEFECTS,N,FOLLOWING TOO CLOSELY,BEAT_115,2,4,0,6,42.100254,-87.452399
2026-04-25 12:25:00,40,SEVERE RAIN,"DARKNESS, LIGHTED ROAD",ANGLE,NOT DIVIDED,STRAIGHT AND LEVEL,WET,NO DEFECTS,N,DRIVING SKILLS/KNOWLEDGE/EXPERIENCE,BEAT_116,1,4,0,6,42.114265,-87.440486
2026-04-25 14:15:00,30,SEVERE RAIN,"DARKNESS, LIGHTED ROAD",REAR END,NOT DIVIDED,STRAIGHT AND LEVEL,SNOW OR SLUSH,NO DEFECTS,Y,WEATHER,BEAT_117,2,4,1,6,42.130915,-87.424628
2026-04-25 17:05:00,30,CLEAR,DAYLIGHT,REAR END,ALLEY,STRAIGHT AND LEVEL,WET,NO DEFECTS,Y,FOLLOWING TOO CLOSELY,BEAT_110,2,4,0,6,42.02994,-87.507842