CRASH_DATE,POSTED_SPEED_LIMIT,WEATHER_CONDITION,LIGHTING_CONDITION,FIRST_CRASH_TYPE,TRAFFICWAY_TYPE,ALIGNMENT,ROADWAY_SURFACE_COND,ROAD_DEFECT,INTERSECTION_RELATED_I,PRIM_CONTRIBUTORY_CAUSE,BEAT_OF_OCCURRENCE,NUM_UNITS,CRASH_MONTH,INJURIES_TOTAL,CRASH_DAY_OF_WEEK,LATITUDE,LONGITUDE
2026-04-25 17:37:00,25,CLEAR,DAYLIGHT,SIDESWIPE SAME DIRECTION,NOT DIVIDED,STRAIGHT AND LEVEL,DRY,NO DEFECTS,Y,FOLLOWING TOO CLOSELY,BEAT_104,2,4,0,6,41.938634,-87.584717
2026-04-25 21:12:00,25,CLEAR,DAYLIGHT,REAR END,ONE-WAY,"CURVE, LEVEL",DRY,NO DEFECTS,N,FOLLOWING TOO CLOSELY,BEAT_116,1,4,0,6,42.116575,-87.431535
2026-04-25 21:40:00,30,RAIN,DAYLIGHT,PARKED MOTOR VEHICLE,DIVIDED - W/MEDIAN,STRAIGHT AND LEVEL,WET,WORN SURFACE,N,DISREGARDING TRAFFIC SIGNALS,BEAT_116,1,4,0,6,42.118622,-87.437868
2026-04-26 03:35:00,30,CLEAR,DAYLIGHT,SIDESWIPE SAME DIRECTION,DIVIDED - W/MEDIAN,STRAIGHT AND LEVEL,DRY,NO DEFECTS,Y,DISREGARDING TRAFFIC SIGNALS,BEAT_103,2,4,1,7,41.924334,-87.592912
2026-04-26 04:20:00,35,CLEAR,DARKNESS,TURNING,FOUR WAY INTERSECTION,STRAIGHT AND LEVEL,DRY,NO DEFECTS,Y,DISREGARDING TRAFFIC SIGNALS,BEAT_106,2,4,0,7,41.969871,-87.553376
2026-04-26 08:52:00,30,CLEAR,DAYLIGHT,REAR END,DIVIDED - W/MEDIAN,STRAIGHT AND LEVEL,DRY,"RUT, HOLES",Y,DISREGARDING TRAFFIC SIGNALS,BEAT_111,3,4,1,7,42.039333,-87.492849
2026-04-26 09:12:00,20,CLEAR,DAWN,REAR END,DIVIDED - W/MEDIAN,STRAIGHT AND LEVEL,WET,SHOULDER DEFECT,Y,FAILING TO YIELD RIGHT-OF-WAY,BEAT_112,2,4,0,7,42.055463,-87.489957
2026-04-26 10:23:00,30,CLEAR,DAYLIGHT,ANGLE,ONE-WAY,STRAIGHT AND LEVEL,DRY,NO DEFECTS,N,FOLLOWING TOO CLOSELY,BEAT_115,2,4,0,7,42.103379,-87.447773
2026-04-26 13:31:00,25,CLEAR,DAYLIGHT,REAR END,NOT DIVIDED,STRAIGHT AND LEVEL,DRY,"RUT, HOLES",N,DRIVING SKILLS/KNOWLEDGE/EXPERIENCE,BEAT_105,2,4,0,7,41.950748,-87.570864
2026-04-26 16:28:00,45,CLEAR,DAYLIGHT,PARKED MOTOR VEHICLE,DIVIDED - W/MEDIAN,STRAIGHT AND LEVEL,DRY,NO DEFECTS,N,IMPROPER OVERTAKING/PASSING,BEAT_112,2,4,0,7,42.064255,-87.485766
2026-04-26 17:21:00,30,RAIN,DAYLIGHT,TURNING,ONE-WAY,STRAIGHT AND LEVEL,WET,SHOULDER DEFECT,Y,FAILING TO YIELD RIGHT-OF-WAY,BEAT_116,2,4,1,7,42.116217,-87.43509
2026-04-26 18:52:00,40,CLEAR,DARKNESS,PARKED MOTOR VEHICLE,ONE-WAY,STRAIGHT AND LEVEL,DRY,NO DEFECTS,N,DRIVING SKILLS/KNOWLEDGE/EXPERIENCE,BEAT_104,1,4,2,7,41.943267,-87.581201
2026-04-26 19:22:00,35,CLEAR,"DARKNESS, LIGHTED ROAD",PARKED MOTOR VEHICLE,FOUR WAY INTERSECTION,STRAIGHT AND LEVEL,DRY,NO DEFECTS,N,FAILING TO YIELD RIGHT-OF-WAY,BEAT_119,2,4,0,7,42.162884,-87.40167
2026-04-27 06:33:00,30,CLEAR,DAYLIGHT,ANGLE,DIVIDED - W/MEDIAN,STRAIGHT AND LEVEL,WET,NO DEFECTS,N,FOLLOWING TOO CLOSELY,BEAT_118,2,4,0,1,42.143944,-87.412692
2026-04-27 06:37:00,35,SEVERE RAIN,DAYLIGHT,SIDESWIPE SAME DIRECTION,DIVIDED - W/MEDIAN,CURVE ON GRADE,WET,NO DEFECTS,N,FAILING TO YIELD RIGHT-OF-WAY,BEAT_113,2,4,0,1,42.077327,-87.474518
2026-04-27 07:39:00,30,RAIN,DAWN,REAR END,NOT DIVIDED,STRAIGHT AND LEVEL,WET,WORN SURFACE,Y,DRIVING SKILLS/KNOWLEDGE/EXPERIENCE,BEAT_119,1,4,0,1,42.163804,-87.401659
2026-04-27 08:34:00,40,SNOW,DAYLIGHT,SIDESWIPE SAME DIRECTION,DIVIDED - W/MEDIAN,STRAIGHT AND LEVEL,WET,NO DEFECTS,Y,DISREGARDING TRAFFIC SIGNALS,BEAT_117,2,4,1,1,42.132897,-87.425954
2026-04-27 11:36:00,20,RAIN,"DARKNESS, LIGHTED ROAD",TURNING,DIVIDED - W/MEDIAN,STRAIGHT AND LEVEL,WET,NO DEFECTS,Y,FOLLOWING TOO CLOSELY,BEAT_114,2,4,0,1,42.086674,-87.45922
2026-04-27 14:01:00,40,RAIN,DAYLIGHT,ANGLE,DIVIDED - W/MEDIAN,STRAIGHT AND LEVEL,WET,NO DEFECTS,N,FOLLOWING TOO CLOSELY,BEAT_111,2,4,1,1,42.036943,-87.494017
2026-04-27 15:09:00,30,RAIN,DAYLIGHT,PARKED MOTOR VEHICLE,DIVIDED - W/MEDIAN,STRAIGHT AND LEVEL,WET,NO DEFECTS,Y,FOLLOWING TOO CLOSELY,BEAT_107,2,4,1,1,41.98431,-87.543099
2026-04-27 15:43:00,25,CLEAR,"DARKNESS, LIGHTED ROAD",PARKED MOTOR VEHICLE,DIVIDED - W/MEDIAN,STRAIGHT AND LEVEL,DRY,NO DEFECTS,N,FOLLOWING TOO CLOSELY,BEAT_103,3,4,0,1,41.919012,-87.592491
2026-04-27 16:30:00,50,SNOW,DAYLIGHT,SIDESWIPE SAME DIRECTION,DIVIDED - W/MEDIAN,STRAIGHT AND LEVEL,WET,NO DEFECTS,Y,FAILING TO YIELD RIGHT-OF-WAY,BEAT_114,2,4,1,1,42.087471,-87.452113
2026-04-27 17:37:00,45,CLEAR,DAYLIGHT,SIDESWIPE SAME DIRECTION,DIVIDED - W/MEDIAN,STRAIGHT AND LEVEL,DRY,NO DEFECTS,N,DRIVING SKILLS/KNOWLEDGE/EXPERIENCE,BEAT_111,2,4,1,1,42.045359,-87.497666
2026-04-27 18:28:00,30,CLEAR,DAYLIGHT,ANGLE,ONE-WAY,STRAIGHT AND LEVEL,DRY,NO DEFECTS,N,FOLLOWING TOO CLOSELY,BEAT_114,2,4,0,1,42.089762,-87.467703
2026-04-27 20:26:00,25,RAIN,DARKNESS,PARKED MOTOR VEHICLE,FOUR WAY INTERSECTION,STRAIGHT AND LEVEL,ICE,NO DEFECTS,Y,FAILING TO YIELD RIGHT-OF-WAY,BEAT_114,2,4,0,1,42.088627,-87.458347
2026-04-28 03:58:00,25,RAIN,DAYLIGHT,REAR END,NOT DIVIDED,STRAIGHT AND LEVEL,SNOW OR SLUSH,NO DEFECTS,N,FAILING TO YIELD RIGHT-OF-WAY,BEAT_115,2,4,1,2,42.103316,-87.448835
2026-04-28 04:10:00,30,RAIN,DAYLIGHT,ANGLE,FOUR WAY INTERSECTION,STRAIGHT AND LEVEL,WET,NO DEFECTS,Y,WEATHER,BEAT_117,2,4,0,2,42.133245,-87.426658
2026-04-28 05:04:00,25,RAIN,DAYLIGHT,ANGLE,NOT DIVIDED,STRAIGHT AND LEVEL,SNOW OR SLUSH,NO DEFECTS,Y,FAILING TO YIELD RIGHT-OF-WAY,BEAT_105,2,4,0,2,41.952499,-87.573769
2026-04-28 08:17:00,30,RAIN,"DARKNESS, LIGHTED ROAD",REAR END,DIVIDED - W/MEDIAN,STRAIGHT AND LEVEL,WET,"RUT, HOLES",N,FOLLOWING TOO CLOSELY,BEAT_105,2,4,0,2,41.952324,-87.567227
2026-04-28 10:06:00,25,RAIN,DAYLIGHT,TURNING,NOT DIVIDED,STRAIGHT AND LEVEL,WET,NO DEFECTS,N,FAILING TO YIELD RIGHT-OF-WAY,BEAT_115,2,4,0,2,42.103483,-87.447839
2026-04-28 15:15:00,55,CLEAR,DAWN,TURNING,ONE-WAY,STRAIGHT AND LEVEL,ICE,"RUT, HOLES",N,DRIVING SKILLS/KNOWLEDGE/EXPERIENCE,BEAT_111,2,4,1,2,42.045585,-87.49551
2026-04-28 17:31:00,30,CLEAR,DAYLIGHT,REAR END,DIVIDED - W/MEDIAN,STRAIGHT AND LEVEL,DRY,NO DEFECTS,Y,FAILING TO YIELD RIGHT-OF-WAY,BEAT_108,1,4,0,2,41.999477,-87.529864
2026-04-29 02:05:00,40,CLEAR,"DARKNESS, LIGHTED ROAD",REAR END,FOUR WAY INTERSECTION,STRAIGHT AND LEVEL,DRY,NO DEFECTS,N,WEATHER,BEAT_120,2,4,0,3,42.182813,-87.383222
2026-04-29 02:23:00,55,SNOW,DAYLIGHT,REAR END,NOT DIVIDED,STRAIGHT AND LEVEL,SNOW OR SLUSH,"RUT, HOLES",Y,FOLLOWING TOO CLOSELY,BEAT_120,2,4,0,3,42.181666,-87.385624
2026-04-29 03:26:00,40,CLEAR,DAYLIGHT,PARKED MOTOR VEHICLE,NOT DIVIDED,STRAIGHT AND LEVEL,DRY,NO DEFECTS,N,FOLLOWING TOO CLOSELY,BEAT_117,2,4,1,3,42.130951,-87.424017
2026-04-29 08:18:00,25,CLEAR,DARKNESS,PARKED MOTOR VEHICLE,FOUR WAY INTERSECTION,STRAIGHT AND LEVEL,DRY,NO DEFECTS,N,FAILING TO YIELD RIGHT-OF-WAY,BEAT_115,2,4,0,3,42.097951,-87.450632
2026-04-29 09:08:00,30,FOG/SMOKE/HAZE,"DARKNESS, LIGHTED ROAD",PARKED MOTOR VEHICLE,T-INTERSECTION,STRAIGHT AND LEVEL,WET,NO DEFECTS,Y,DRIVING SKILLS/KNOWLEDGE/EXPERIENCE,BEAT_117,2,4,0,3,42.129753,-87.427758
2026-04-29 13:55:00,25,CLEAR,DAYLIGHT,REAR END,DIVIDED - W/MEDIAN,STRAIGHT AND LEVEL,DRY,NO DEFECTS,Y,DISREGARDING TRAFFIC SIGNALS,BEAT_102,2,4,0,3,41.902861,-87.603125
2026-04-29 18:35:00,25,CLEAR,DAYLIGHT,TURNING,DIVIDED - W/MEDIAN,STRAIGHT AND LEVEL,DRY,NO DEFECTS,N,FAILING TO YIELD RIGHT-OF-WAY,BEAT_109,1,4,1,3,42.009636,-87.525278
2026-04-29 19:03:00,30,CLEAR,DAYLIGHT,REAR END,NOT DIVIDED,STRAIGHT AND LEVEL,DRY,NO DEFECTS,Y,DRIVING SKILLS/KNOWLEDGE/EXPERIENCE,BEAT_103,2,4,1,3,41.921071,-87.597904
2026-04-29 22:22:00,25,RAIN,DAYLIGHT,PARKED MOTOR VEHICLE,DIVIDED - W/MEDIAN,STRAIGHT AND LEVEL,WET,NO DEFECTS,Y,WEATHER,BEAT_112,2,4,1,3,42.058286,-87.486475
2026-04-30 00:16:00,25,CLEAR,"DARKNESS, LIGHTED ROAD",REAR END,DIVIDED - W/MEDIAN,STRAIGHT AND LEVEL,DRY,NO DEFECTS,N,FOLLOWING TOO CLOSELY,BEAT_105,1,4,0,4,41.952144,-87.566553
2026-04-30 02:15:00,25,RAIN,"DARKNESS, LIGHTED ROAD",SIDESWIPE SAME DIRECTION,NOT DIVIDED,STRAIGHT AND LEVEL,ICE,NO DEFECTS,Y,DISREGARDING TRAFFIC SIGNALS,BEAT_103,3,4,0,4,41.928688,-87.591897
2026-04-30 04:14:00,35,RAIN,"DARKNESS, LIGHTED ROAD",TURNING,FOUR WAY INTERSECTION,STRAIGHT AND LEVEL,WET,NO DEFECTS,N,WEATHER,BEAT_118,2,4,0,4,42.149664,-87.4125
2026-04-30 05:20:00,25,RAIN,"DARKNESS, LIGHTED ROAD",SIDESWIPE SAME DIRECTION,DIVIDED - W/MEDIAN,STRAIGHT AND LEVEL,WET,NO DEFECTS,Y,FOLLOWING TOO CLOSELY,BEAT_113,3,4,0,4,42.074217,-87.469631
2026-04-30 12:49:00,45,CLEAR,DAYLIGHT,TURNING,ONE-WAY,"CURVE, LEVEL",DRY,NO DEFECTS,Y,DRIVING SKILLS/KNOWLEDGE/EXPERIENCE,BEAT_112,1,4,0,4,42.052114,-87.48323
2026-04-30 18:06:00,25,CLEAR,"DARKNESS, LIGHTED ROAD",ANGLE,NOT DIVIDED,STRAIGHT AND LEVEL,DRY,WORN SURFACE,N,FAILING TO YIELD RIGHT-OF-WAY,BEAT_118,2,4,1,4,42.148596,-87.413762
2026-04-30 21:56:00,25,CLEAR,DAYLIGHT,TURNING,FOUR WAY INTERSECTION,STRAIGHT AND LEVEL,DRY,NO DEFECTS,N,WEATHER,BEAT_105,1,4,0,4,41.957883,-87.565937
2026-04-30 22:38:00,30,CLEAR,DAYLIGHT,REAR END,FOUR WAY INTERSECTION,STRAIGHT AND LEVEL,DRY,"RUT, HOLES",Y,DISREGARDING TRAFFIC SIGNALS,BEAT_109,2,4,0,4,42.014811,-87.518817
2026-05-01 02:29:00,30,RAIN,DAYLIGHT,ANGLE,NOT DIVIDED,STRAIGHT AND LEVEL,WET,NO DEFECTS,N,FAILING TO YIELD RIGHT-OF-WAY,BEAT_120,2,5,0,5,42.180329,-87.388175
2026-05-01 03:20:00,30,CLEAR,"DARKNESS, LIGHTED ROAD",ANGLE,NOT DIVIDED,"CURVE, LEVEL",DRY,"RUT, HOLES",Y,DRIVING SKILLS/KNOWLEDGE/EXPERIENCE,BEAT_119,3,5,0,5,42.161393,-87.398938
2026-05-01 05:11:00,25,CLEAR,"DARKNESS, LIGHTED ROAD",SIDESWIPE SAME DIRECTION,NOT DIVIDED,STRAIGHT AND LEVEL,DRY,WORN SURFACE,Y,FOLLOWING TOO CLOSELY,BEAT_107,2,5,1,5,41.991212,-87.541643
2026-05-01 07:32:00,55,CLEAR,DAYLIGHT,REAR END,DIVIDED - W/MEDIAN,STRAIGHT AND LEVEL,DRY,NO DEFECTS,N,DRIVING SKILLS/KNOWLEDGE/EXPERIENCE,BEAT_119,1,5,0,5,42.165458,-87.40644
2026-05-01 08:08:00,25,CLEAR,DAYLIGHT,ANGLE,NOT DIVIDED,STRAIGHT AND LEVEL,WET,WORN SURFACE,N,FAILING TO YIELD RIGHT-OF-WAY,BEAT_102,2,5,0,5,41.91136,-87.603123
2026-05-01 08:46:00,25,CLEAR,DAYLIGHT,SIDESWIPE SAME DIRECTION,ONE-WAY,STRAIGHT AND LEVEL,DRY,NO DEFECTS,N,WEATHER,BEAT_104,2,5,0,5,41.932121,-87.579115
2026-05-01 09:28:00,35,RAIN,DARKNESS,ANGLE,ONE-WAY,"CURVE, LEVEL",WET,"RUT, HOLES",N,WEATHER,BEAT_115,2,5,1,5,42.100702,-87.458376
2026-05-01 12:00:00,25,CLEAR,DUSK,TURNING,NOT DIVIDED,STRAIGHT AND LEVEL,DRY,NO DEFECTS,N,FOLLOWING TOO CLOSELY,BEAT_120,2,5,0,5,42.176094,-87.390474
2026-05-02 01:27:00,25,RAIN,"DARKNESS, LIGHTED ROAD",PARKED MOTOR VEHICLE,ONE-WAY,CURVE ON GRADE,WET,NO DEFECTS,Y,FAILING TO YIELD RIGHT-OF-WAY,BEAT_113,2,5,0,6,42.069727,-87.475119
2026-05-02 01:41:00,25,CLEAR,"DARKNESS, LIGHTED ROAD",SIDESWIPE SAME DIRECTION,ONE-WAY,STRAIGHT AND LEVEL,DRY,NO DEFECTS,Y,FAILING TO YIELD RIGHT-OF-WAY,BEAT_102,2,5,0,6,41.906891,-87.599896
2026-05-02 04:18:00,40,CLEAR,DUSK,TURNING,NOT DIVIDED,STRAIGHT AND LEVEL,DRY,NO DEFECTS,Y,FAILING TO YIELD RIGHT-OF-WAY,BEAT_109,2,5,0,6,42.013726,-87.525858
2026-05-02 12:08:00,25,CLEAR,"DARKNESS, LIGHTED ROAD",SIDESWIPE SAME DIRECTION,T-INTERSECTION,STRAIGHT AND LEVEL,DRY,NO DEFECTS,Y,WEATHER,BEAT_106,2,5,0,6,41.96777,-87.560483
2026-05-02 14:32:00,40,CLEAR,"DARKNESS, LIGHTED ROAD",PARKED MOTOR VEHICLE,NOT DIVIDED,STRAIGHT AND LEVEL,WET,NO DEFECTS,Y,DRIVING SKILLS/KNOWLEDGE/EXPERIENCE,BEAT_108,2,5,0,6,41.996102,-87.536554
2026-05-02 17:05:00,20,CLEAR,DAYLIGHT,REAR END,NOT DIVIDED,STRAIGHT AND LEVEL,SNOW OR SLUSH,NO DEFECTS,N,FAILING TO YIELD RIGHT-OF-WAY,BEAT_107,2,5,0,6,41.982345,-87.545387
2026-05-02 20:31:00,25,CLEAR,DUSK,FIXED OBJECT,DIVIDED - W/MEDIAN,STRAIGHT AND LEVEL,DRY,NO DEFECTS,Y,DISREGARDING TRAFFIC SIGNALS,BEAT_110,2,5,0,6,42.02799,-87.504089
2026-05-02 20:45:00,25,RAIN,DAYLIGHT,PARKED MOTOR VEHICLE,DIVIDED - W/MEDIAN,STRAIGHT AND LEVEL,WET,"RUT, HOLES",N,DRIVING SKILLS/KNOWLEDGE/EXPERIENCE,BEAT_105,4,5,0,6,41.955064,-87.569246
2026-05-02 22:38:00,25,CLEAR,DAYLIGHT,SIDESWIPE SAME DIRECTION,ALLEY,STRAIGHT AND LEVEL,DRY,NO DEFECTS,Y,WEATHER,BEAT_117,2,5,0,6,42.134007,-87.430778
2026-05-02 22:52:00,20,CLEAR,"DARKNESS, LIGHTED ROAD",PARKED MOTOR VEHICLE,DIVIDED - W/MEDIAN,STRAIGHT AND LEVEL,DRY,SHOULDER DEFECT,Y,FOLLOWING TOO CLOSELY,BEAT_101,2,5,0,6,41.889711,-87.618169
2026-05-03 00:44:00,35,CLEAR,DARKNESS,ANGLE,DIVIDED - W/MEDIAN,STRAIGHT AND LEVEL,DRY,NO DEFECTS,Y,FOLLOWING TOO CLOSELY,BEAT_106,2,5,0,7,41.96862,-87.561539
2026-05-03 05:44:00,25,CLEAR,DAYLIGHT,REAR END,FOUR WAY INTERSECTION,STRAIGHT AND LEVEL,DRY,WORN SURFACE,N,PHYSICAL CONDITION OF DRIVER,BEAT_115,2,5,1,7,42.101324,-87.452758
2026-05-03 09:52:00,25,CLEAR,DAYLIGHT,REAR END,DIVIDED - W/MEDIAN,STRAIGHT AND LEVEL,DRY,NO DEFECTS,N,FAILING TO YIELD RIGHT-OF-WAY,BEAT_111,4,5,0,7,42.046444,-87.505035
2026-05-03 10:41:00,30,CLEAR,"DARKNESS, LIGHTED ROAD",PARKED MOTOR VEHICLE,NOT DIVIDED,STRAIGHT AND LEVEL,WET,NO DEFECTS,Y,DRIVING SKILLS/KNOWLEDGE/EXPERIENCE,BEAT_101,2,5,0,7,41.894909,-87.620352
2026-05-03 14:53:00,25,CLEAR,"DARKNESS, LIGHTED ROAD",ANGLE,DIVIDED - W/MEDIAN,STRAIGHT AND LEVEL,DRY,NO DEFECTS,N,FAILING TO YIELD RIGHT-OF-WAY,BEAT_108,2,5,3,7,41.9969,-87.532288
2026-05-03 15:37:00,25,CLEAR,DAYLIGHT,SIDESWIPE SAME DIRECTION,FOUR WAY INTERSECTION,STRAIGHT AND LEVEL,DRY,"RUT, HOLES",Y,FOLLOWING TOO CLOSELY,BEAT_103,2,5,0,7,41.923884,-87.600514
2026-05-03 17:50:00,30,CLEAR,DAYLIGHT,PEDESTRIAN,NOT DIVIDED,"CURVE, LEVEL",DRY,NO DEFECTS,Y,FAILING TO YIELD RIGHT-OF-WAY,BEAT_105,2,5,0,7,41.955293,-87.569854
2026-05-03 21:53:00,30,CLEAR,DAYLIGHT,ANGLE,DIVIDED - W/MEDIAN,STRAIGHT AND LEVEL,WET,NO DEFECTS,N,FOLLOWING TOO CLOSELY,BEAT_116,2,5,0,7,42.115656,-87.442331
2026-05-03 23:21:00,30,CLEAR,DAYLIGHT,REAR END,ONE-WAY,STRAIGHT AND LEVEL,DRY,NO DEFECTS,N,DISREGARDING TRAFFIC SIGNALS,BEAT_117,2,5,0,7,42.133073,-87.429948
2026-05-04 00:11:00,30,CLEAR,DAYLIGHT,REAR END,ONE-WAY,STRAIGHT AND LEVEL,WET,WORN SURFACE,N,FOLLOWING TOO CLOSELY,BEAT_104,2,5,0,1,41.936387,-87.587481
2026-05-04 04:22:00,30,CLEAR,DAYLIGHT,ANGLE,ONE-WAY,STRAIGHT AND LEVEL,SNOW OR SLUSH,NO DEFECTS,Y,DRIVING SKILLS/KNOWLEDGE/EXPERIENCE,BEAT_109,2,5,1,1,42.011445,-87.523427
2026-05-04 06:40:00,25,CLEAR,DAYLIGHT,TURNING,ONE-WAY,STRAIGHT AND LEVEL,DRY,NO DEFECTS,Y,FAILING TO YIELD RIGHT-OF-WAY,BEAT_105,4,5,0,1,41.955882,-87.573219
2026-05-04 13:02:00,25,SEVERE RAIN,DAYLIGHT,TURNING,ONE-WAY,STRAIGHT AND LEVEL,WET,NO DEFECTS,Y,DISREGARDING TRAFFIC SIGNALS,BEAT_107,2,5,0,1,41.984201,-87.547263
2026-05-04 14:08:00,35,CLEAR,DAYLIGHT,ANGLE,NOT DIVIDED,STRAIGHT AND LEVEL,DRY,NO DEFECTS,N,FAILING TO YIELD RIGHT-OF-WAY,BEAT_108,2,5,0,1,42.00008,-87.532352
2026-05-04 16:11:00,25,RAIN,DAYLIGHT,PARKED MOTOR VEHICLE,DIVIDED - W/MEDIAN,STRAIGHT ON GRADE,WET,NO DEFECTS,Y,FOLLOWING TOO CLOSELY,BEAT_104,2,5,2,1,41.937351,-87.580844
2026-05-04 16:23:00,55,CLEAR,DARKNESS,TURNING,NOT DIVIDED,STRAIGHT AND LEVEL,DRY,NO DEFECTS,N,FAILING TO YIELD RIGHT-OF-WAY,BEAT_113,2,5,0,1,42.07065,-87.47432
2026-05-04 19:17:00,25,CLEAR,"DARKNESS, LIGHTED ROAD",REAR END,ONE-WAY,STRAIGHT AND LEVEL,WET,NO DEFECTS,N,FOLLOWING TOO CLOSELY,BEAT_108,1,5,0,1,41.996306,-87.53403
2026-05-04 20:35:00,25,RAIN,DAYLIGHT,REAR END,NOT DIVIDED,"CURVE, LEVEL",WET,NO DEFECTS,Y,DISREGARDING TRAFFIC SIGNALS,BEAT_110,2,5,0,1,42.026327,-87.50751
2026-05-04 20:53:00,25,CLEAR,DARKNESS,ANGLE,NOT DIVIDED,"CURVE, LEVEL",DRY,SHOULDER DEFECT,Y,FOLLOWING TOO CLOSELY,BEAT_107,2,5,0,1,41.980627,-87.54648
2026-05-04 22:32:00,55,CLEAR,DAYLIGHT,REAR END,NOT DIVIDED,STRAIGHT AND LEVEL,DRY,NO DEFECTS,Y,FOLLOWING TOO CLOSELY,BEAT_108,2,5,0,1,41.997838,-87.532946
2026-05-04 23:10:00,25,CLEAR,DAYLIGHT,TURNING,FOUR WAY INTERSECTION,STRAIGHT AND LEVEL,DRY,NO DEFECTS,N,WEATHER,BEAT_103,2,5,0,1,41.92831,-87.595418
2026-05-04 23:39:00,25,CLEAR,DAYLIGHT,TURNING,DIVIDED - W/MEDIAN,CURVE ON GRADE,DRY,NO DEFECTS,Y,FAILING TO YIELD RIGHT-OF-WAY,BEAT_101,4,5,0,1,41.892516,-87.620106
2026-05-05 04:14:00,20,CLEAR,DAWN,REAR END,NOT DIVIDED,STRAIGHT AND LEVEL,DRY,NO DEFECTS,N,FOLLOWING TOO CLOSELY,BEAT_117,2,5,0,2,42.134361,-87.423387
2026-05-05 05:52:00,25,CLEAR,"DARKNESS, LIGHTED ROAD",PEDESTRIAN,DIVIDED - W/MEDIAN,STRAIGHT AND LEVEL,DRY,NO DEFECTS,Y,WEATHER,BEAT_105,2,5,2,2,41.951839,-87.569133
2026-05-05 08:23:00,45,CLEAR,DAYLIGHT,ANGLE,DIVIDED - W/MEDIAN,STRAIGHT AND LEVEL,DRY,NO DEFECTS,Y,FOLLOWING TOO CLOSELY,BEAT_112,3,5,0,2,42.060236,-87.489076
2026-05-05 09:18:00,55,CLEAR,DAYLIGHT,REAR END,NOT DIVIDED,"CURVE, LEVEL",SNOW OR SLUSH,NO DEFECTS,N,PHYSICAL CONDITION OF DRIVER,BEAT_104,2,5,0,2,41.943406,-87.583276
2026-05-05 09:40:00,25,RAIN,DAYLIGHT,REAR END,FOUR WAY INTERSECTION,STRAIGHT ON GRADE,SNOW OR SLUSH,NO DEFECTS,Y,IMPROPER OVERTAKING/PASSING,BEAT_114,2,5,1,2,42.089011,-87.45953
2026-05-05 10:15:00,45,RAIN,"DARKNESS, LIGHTED ROAD",TURNING,ONE-WAY,STRAIGHT AND LEVEL,WET,NO DEFECTS,N,FOLLOWING TOO CLOSELY,BEAT_120,1,5,0,2,42.175812,-87.385641
2026-05-05 13:30:00,20,CLEAR,"DARKNESS, LIGHTED ROAD",TURNING,NOT DIVIDED,STRAIGHT AND LEVEL,DRY,NO DEFECTS,N,DISREGARDING TRAFFIC SIGNALS,BEAT_118,2,5,0,2,42.148437,-87.406624
2026-05-05 14:36:00,25,CLEAR,DUSK,ANGLE,NOT DIVIDED,STRAIGHT AND LEVEL,WET,NO DEFECTS,N,DISREGARDING TRAFFIC SIGNALS,BEAT_119,3,5,0,2,42.15844,-87.40154
2026-05-05 16:36:00,30,CLEAR,DAYLIGHT,TURNING,FOUR WAY INTERSECTION,STRAIGHT AND LEVEL,DRY,WORN SURFACE,N,WEATHER,BEAT_101,2,5,0,2,41.894054,-87.616072
2026-05-05 19:01:00,30,CLEAR,DAYLIGHT,TURNING,NOT DIVIDED,"CURVE, LEVEL",DRY,WORN SURFACE,N,FAILING TO YIELD RIGHT-OF-WAY,BEAT_109,2,5,0,2,42.013017,-87.521055
2026-05-05 19:38:00,30,CLEAR,DAYLIGHT,REAR END,NOT DIVIDED,STRAIGHT AND LEVEL,DRY,WORN SURFACE,Y,FAILING TO YIELD RIGHT-OF-WAY,BEAT_109,2,5,0,2,42.016667,-87.516532
2026-05-05 20:23:00,25,CLEAR,DAYLIGHT,REAR END,ONE-WAY,STRAIGHT AND LEVEL,DRY,NO DEFECTS,Y,FOLLOWING TOO CLOSELY,BEAT_101,3,5,0,2,41.896172,-87.614883
2026-05-05 22:38:00,35,RAIN,"DARKNESS, LIGHTED ROAD",TURNING,DIVIDED - W/MEDIAN,STRAIGHT AND LEVEL,WET,"RUT, HOLES",N,FOLLOWING TOO CLOSELY,BEAT_115,2,5,0,2,42.106392,-87.450943
2026-05-06 01:36:00,35,CLEAR,DAYLIGHT,PARKED MOTOR VEHICLE,NOT DIVIDED,STRAIGHT AND LEVEL,DRY,NO DEFECTS,N,FOLLOWING TOO CLOSELY,BEAT_117,2,5,0,3,42.138079,-87.422328
2026-05-06 03:52:00,25,CLEAR,DARKNESS,REAR END,NOT DIVIDED,STRAIGHT AND LEVEL,DRY,NO DEFECTS,Y,FAILING TO YIELD RIGHT-OF-WAY,BEAT_107,2,5,0,3,41.985438,-87.548046
2026-05-06 08:06:00,45,CLEAR,DAYLIGHT,PEDESTRIAN,NOT DIVIDED,STRAIGHT AND LEVEL,DRY,NO DEFECTS,N,FOLLOWING TOO CLOSELY,BEAT_114,2,5,0,3,42.083787,-87.463242