CRASH_DATE,POSTED_SPEED_LIMIT,WEATHER_CONDITION,LIGHTING_CONDITION,FIRST_CRASH_TYPE,TRAFFICWAY_TYPE,ALIGNMENT,ROADWAY_SURFACE_COND,ROAD_DEFECT,INTERSECTION_RELATED_I,PRIM_CONTRIBUTORY_CAUSE,BEAT_OF_OCCURRENCE,NUM_UNITS,CRASH_MONTH,INJURIES_TOTAL,CRASH_DAY_OF_WEEK,LATITUDE,LONGITUDE
2026-05-16 04:28:00,30,CLEAR,"DARKNESS, LIGHTED ROAD",SIDESWIPE SAME DIRECTION,NOT DIVIDED,STRAIGHT AND LEVEL,DRY,"RUT, HOLES",N,FAILING TO YIELD RIGHT-OF-WAY,BEAT_115,2,5,0,6,42.107343,-87.451221
2026-05-16 05:35:00,30,RAIN,DAYLIGHT,SIDESWIPE SAME DIRECTION,T-INTERSECTION,STRAIGHT AND LEVEL,WET,NO DEFECTS,N,FAILING TO YIELD RIGHT-OF-WAY,BEAT_108,1,5,0,6,41.998616,-87.533653
2026-05-16 07:38:00,30,SNOW,DAYLIGHT,REAR END,NOT DIVIDED,STRAIGHT AND LEVEL,WET,NO DEFECTS,N,FOLLOWING TOO CLOSELY,BEAT_104,2,5,0,6,41.938203,-87.579438
2026-05-16 09:48:00,55,CLEAR,DUSK,ANGLE,NOT DIVIDED,STRAIGHT AND LEVEL,DRY,NO DEFECTS,N,FAILING TO YIELD RIGHT-OF-WAY,BEAT_106,2,5,0,6,41.966344,-87.552643
2026-05-16 11:28:00,30,RAIN,DARKNESS,REAR END,ONE-WAY,STRAIGHT AND LEVEL,WET,NO DEFECTS,Y,FAILING TO YIELD RIGHT-OF-WAY,BEAT_119,1,5,0,6,42.160473,-87.404251
2026-05-16 11:38:00,35,RAIN,DAYLIGHT,SIDESWIPE SAME DIRECTION,NOT DIVIDED,STRAIGHT AND LEVEL,WET,NO DEFECTS,N,FOLLOWING TOO CLOSELY,BEAT_117,3,5,0,6,42.133668,-87.428242
2026-05-16 11:42:00,30,CLEAR,DAYLIGHT,SIDESWIPE SAME DIRECTION,DIVIDED - W/MEDIAN,STRAIGHT AND LEVEL,DRY,NO DEFECTS,N,WEATHER,BEAT_109,2,5,0,6,42.014194,-87.523381
2026-05-16 21:41:00,30,CLEAR,DAYLIGHT,PEDESTRIAN,NOT DIVIDED,STRAIGHT AND LEVEL,DRY,SHOULDER DEFECT,Y,FAILING TO YIELD RIGHT-OF-WAY,BEAT_107,2,5,0,6,41.979065,-87.549025
2026-05-17 01:42:00,30,CLEAR,DAYLIGHT,REAR END,NOT DIVIDED,"CURVE, LEVEL",DRY,NO DEFECTS,Y,PHYSICAL CONDITION OF DRIVER,BEAT_115,2,5,0,7,42.103846,-87.450601
2026-05-17 04:57:00,30,CLEAR,DAYLIGHT,REAR END,DIVIDED - W/MEDIAN,STRAIGHT AND LEVEL,DRY,"RUT, HOLES",N,FAILING TO YIELD RIGHT-OF-WAY,BEAT_111,2,5,0,7,42.044932,-87.49877
2026-05-17 08:37:00,30,RAIN,"DARKNESS, LIGHTED ROAD",FIXED OBJECT,DIVIDED - W/MEDIAN,STRAIGHT AND LEVEL,ICE,NO DEFECTS,N,FAILING TO YIELD RIGHT-OF-WAY,BEAT_111,2,5,0,7,42.045613,-87.493879
2026-05-17 09:48:00,25,RAIN,DAYLIGHT,SIDESWIPE SAME DIRECTION,DIVIDED - W/MEDIAN,STRAIGHT AND LEVEL,WET,"RUT, HOLES",N,FOLLOWING TOO CLOSELY,BEAT_110,2,5,2,7,42.025368,-87.507714
2026-05-17 12:29:00,35,CLEAR,DARKNESS,REAR END,DIVIDED - W/MEDIAN,STRAIGHT AND LEVEL,DRY,NO DEFECTS,N,FOLLOWING TOO CLOSELY,BEAT_116,2,5,0,7,42.117339,-87.436268
2026-05-17 18:38:00,25,CLEAR,"DARKNESS, LIGHTED ROAD",TURNING,NOT DIVIDED,STRAIGHT AND LEVEL,DRY,NO DEFECTS,Y,FOLLOWING TOO CLOSELY,BEAT_117,2,5,0,7,42.127502,-87.425715
2026-05-17 18:47:00,25,RAIN,DAYLIGHT,REAR END,DIVIDED - W/MEDIAN,STRAIGHT AND LEVEL,WET,NO DEFECTS,Y,FAILING TO YIELD RIGHT-OF-WAY,BEAT_116,2,5,1,7,42.11711,-87.438443
2026-05-17 19:07:00,20,CLEAR,"DARKNESS, LIGHTED ROAD",TURNING,DIVIDED - W/MEDIAN,STRAIGHT AND LEVEL,DRY,"RUT, HOLES",N,IMPROPER OVERTAKING/PASSING,BEAT_109,2,5,0,7,42.015503,-87.519964
2026-05-18 05:05:00,50,CLEAR,DAYLIGHT,SIDESWIPE SAME DIRECTION,FOUR WAY INTERSECTION,CURVE ON GRADE,DRY,NO DEFECTS,Y,FOLLOWING TOO CLOSELY,BEAT_105,2,5,0,1,41.955862,-87.572204
2026-05-18 08:02:00,25,CLEAR,"DARKNESS, LIGHTED ROAD",SIDESWIPE SAME DIRECTION,NOT DIVIDED,STRAIGHT AND LEVEL,DRY,NO DEFECTS,Y,FOLLOWING TOO CLOSELY,BEAT_106,2,5,0,1,41.968844,-87.554867
2026-05-18 09:44:00,30,CLEAR,DAYLIGHT,REAR END,DIVIDED - W/MEDIAN,STRAIGHT AND LEVEL,DRY,NO DEFECTS,Y,FAILING TO YIELD RIGHT-OF-WAY,BEAT_105,2,5,0,1,41.954942,-87.571382
2026-05-18 10:39:00,45,CLEAR,"DARKNESS, LIGHTED ROAD",SIDESWIPE SAME DIRECTION,FOUR WAY INTERSECTION,STRAIGHT AND LEVEL,DRY,NO DEFECTS,N,DISREGARDING TRAFFIC SIGNALS,BEAT_106,2,5,0,1,41.967815,-87.56064
2026-05-18 12:35:00,25,CLEAR,DARKNESS,REAR END,DIVIDED - W/MEDIAN,STRAIGHT AND LEVEL,WET,NO DEFECTS,Y,DISREGARDING TRAFFIC SIGNALS,BEAT_109,3,5,0,1,42.014788,-87.52511
2026-05-18 16:29:00,35,CLEAR,"DARKNESS, LIGHTED ROAD",PARKED MOTOR VEHICLE,FOUR WAY INTERSECTION,STRAIGHT AND LEVEL,DRY,NO DEFECTS,N,WEATHER,BEAT_109,2,5,0,1,42.009827,-87.522552
2026-05-18 17:09:00,45,CLEAR,"DARKNESS, LIGHTED ROAD",REAR END,DIVIDED - W/MEDIAN,STRAIGHT AND LEVEL,DRY,NO DEFECTS,N,DRIVING SKILLS/KNOWLEDGE/EXPERIENCE,BEAT_109,2,5,0,1,42.00855,-87.522848
2026-05-18 18:39:00,30,FOG/SMOKE/HAZE,DAYLIGHT,REAR END,NOT DIVIDED,STRAIGHT AND LEVEL,WET,NO DEFECTS,N,FOLLOWING TOO CLOSELY,BEAT_111,2,5,0,1,42.049341,-87.490586
2026-05-18 20:37:00,20,CLEAR,DAYLIGHT,REAR END,DIVIDED - W/MEDIAN,STRAIGHT AND LEVEL,DRY,NO DEFECTS,Y,FAILING TO YIELD RIGHT-OF-WAY,BEAT_106,2,5,1,1,41.973475,-87.556261
2026-05-18 20:45:00,25,CLEAR,DAYLIGHT,FIXED OBJECT,DIVIDED - W/MEDIAN,STRAIGHT AND LEVEL,WET,NO DEFECTS,Y,WEATHER,BEAT_120,2,5,0,1,42.176591,-87.38663
2026-05-18 22:57:00,25,RAIN,"DARKNESS, LIGHTED ROAD",TURNING,DIVIDED - W/MEDIAN,STRAIGHT AND LEVEL,WET,NO DEFECTS,Y,FOLLOWING TOO CLOSELY,BEAT_107,2,5,2,1,41.978502,-87.542701
2026-05-19 03:19:00,40,CLEAR,"DARKNESS, LIGHTED ROAD",REAR END,DIVIDED - W/MEDIAN,STRAIGHT AND LEVEL,WET,NO DEFECTS,Y,WEATHER,BEAT_112,2,5,1,2,42.0579,-87.483504
2026-05-19 03:43:00,25,CLEAR,DAYLIGHT,ANGLE,DIVIDED - W/MEDIAN,STRAIGHT AND LEVEL,"SAND, MUD, DIRT",NO DEFECTS,Y,DRIVING SKILLS/KNOWLEDGE/EXPERIENCE,BEAT_101,4,5,0,2,41.896577,-87.618574
2026-05-19 10:09:00,40,CLEAR,DAYLIGHT,REAR END,ALLEY,STRAIGHT AND LEVEL,DRY,NO DEFECTS,N,WEATHER,BEAT_111,4,5,0,2,42.036841,-87.498454
2026-05-19 10:33:00,20,CLEAR,DAYLIGHT,TURNING,DIVIDED - W/MEDIAN,STRAIGHT AND LEVEL,DRY,NO DEFECTS,Y,DRIVING SKILLS/KNOWLEDGE/EXPERIENCE,BEAT_105,2,5,1,2,41.951123,-87.570376
2026-05-19 11:33:00,25,CLEAR,DAYLIGHT,TURNING,NOT DIVIDED,STRAIGHT AND LEVEL,WET,NO DEFECTS,Y,IMPROPER OVERTAKING/PASSING,BEAT_104,2,5,0,2,41.939666,-87.582446
2026-05-19 11:36:00,30,CLEAR,DAYLIGHT,SIDESWIPE SAME DIRECTION,DIVIDED - W/MEDIAN,"CURVE, LEVEL",ICE,NO DEFECTS,Y,WEATHER,BEAT_106,3,5,0,2,41.970678,-87.558346
2026-05-19 12:27:00,30,RAIN,DARKNESS,REAR END,FOUR WAY INTERSECTION,STRAIGHT ON GRADE,SNOW OR SLUSH,"RUT, HOLES",Y,WEATHER,BEAT_106,3,5,0,2,41.966767,-87.557726
2026-05-19 18:41:00,25,CLEAR,"DARKNESS, LIGHTED ROAD",SIDESWIPE SAME DIRECTION,NOT DIVIDED,STRAIGHT AND LEVEL,WET,NO DEFECTS,Y,FOLLOWING TOO CLOSELY,BEAT_118,2,5,0,2,42.146567,-87.417902
2026-05-19 20:19:00,30,SNOW,"DARKNESS, LIGHTED ROAD",TURNING,DIVIDED - W/MEDIAN,STRAIGHT AND LEVEL,ICE,NO DEFECTS,N,FOLLOWING TOO CLOSELY,BEAT_109,2,5,0,2,42.008223,-87.514804
2026-05-19 20:25:00,40,CLEAR,DAYLIGHT,REAR END,DIVIDED - W/MEDIAN,STRAIGHT AND LEVEL,WET,NO DEFECTS,Y,DISREGARDING TRAFFIC SIGNALS,BEAT_114,2,5,0,2,42.082249,-87.464022
2026-05-19 21:34:00,25,CLEAR,DARKNESS,SIDESWIPE SAME DIRECTION,NOT DIVIDED,STRAIGHT AND LEVEL,ICE,NO DEFECTS,Y,FAILING TO YIELD RIGHT-OF-WAY,BEAT_116,2,5,0,2,42.11883,-87.437247
2026-05-19 22:24:00,50,SEVERE RAIN,DAYLIGHT,REAR END,ONE-WAY,STRAIGHT AND LEVEL,SNOW OR SLUSH,WORN SURFACE,Y,FOLLOWING TOO CLOSELY,BEAT_112,2,5,0,2,42.057539,-87.489929
2026-05-19 22:32:00,25,CLEAR,DAWN,SIDESWIPE SAME DIRECTION,NOT DIVIDED,STRAIGHT AND LEVEL,DRY,NO DEFECTS,Y,FOLLOWING TOO CLOSELY,BEAT_116,2,5,0,2,42.116032,-87.438296
2026-05-20 01:18:00,35,CLEAR,DAYLIGHT,SIDESWIPE SAME DIRECTION,T-INTERSECTION,STRAIGHT AND LEVEL,DRY,"RUT, HOLES",N,WEATHER,BEAT_116,1,5,0,3,42.120726,-87.43815
2026-05-20 01:36:00,25,CLEAR,DARKNESS,REAR END,NOT DIVIDED,STRAIGHT AND LEVEL,DRY,NO DEFECTS,N,DRIVING SKILLS/KNOWLEDGE/EXPERIENCE,BEAT_118,2,5,1,3,42.150467,-87.415278
2026-05-20 04:36:00,40,SNOW,"DARKNESS, LIGHTED ROAD",PARKED MOTOR VEHICLE,FOUR WAY INTERSECTION,CURVE ON GRADE,WET,NO DEFECTS,Y,FAILING TO YIELD RIGHT-OF-WAY,BEAT_111,2,5,1,3,42.043922,-87.497649
2026-05-20 05:21:00,20,CLEAR,DAYLIGHT,PEDESTRIAN,NOT DIVIDED,STRAIGHT AND LEVEL,DRY,NO DEFECTS,N,FOLLOWING TOO CLOSELY,BEAT_109,2,5,0,3,42.010118,-87.520539
2026-05-20 12:11:00,35,CLEAR,"DARKNESS, LIGHTED ROAD",TURNING,NOT DIVIDED,STRAIGHT AND LEVEL,DRY,NO DEFECTS,Y,DRIVING SKILLS/KNOWLEDGE/EXPERIENCE,BEAT_119,3,5,0,3,42.167656,-87.400941
2026-05-20 12:30:00,50,FOG/SMOKE/HAZE,DAYLIGHT,PARKED MOTOR VEHICLE,NOT DIVIDED,STRAIGHT AND LEVEL,WET,NO DEFECTS,Y,FAILING TO YIELD RIGHT-OF-WAY,BEAT_109,3,5,1,3,42.013502,-87.521845
2026-05-20 13:43:00,30,SEVERE RAIN,"DARKNESS, LIGHTED ROAD",REAR END,NOT DIVIDED,STRAIGHT AND LEVEL,WET,NO DEFECTS,N,PHYSICAL CONDITION OF DRIVER,BEAT_119,2,5,0,3,42.159849,-87.403778
2026-05-20 16:19:00,20,CLEAR,DAYLIGHT,PARKED MOTOR VEHICLE,NOT DIVIDED,STRAIGHT AND LEVEL,ICE,NO DEFECTS,Y,FAILING TO YIELD RIGHT-OF-WAY,BEAT_118,1,5,0,3,42.149702,-87.413193
2026-05-20 16:29:00,25,CLEAR,DUSK,TURNING,ONE-WAY,STRAIGHT ON GRADE,WET,NO DEFECTS,Y,FOLLOWING TOO CLOSELY,BEAT_112,2,5,0,3,42.054939,-87.482721
2026-05-20 17:30:00,30,CLEAR,"DARKNESS, LIGHTED ROAD",PARKED MOTOR VEHICLE,FOUR WAY INTERSECTION,"CURVE, LEVEL",DRY,DEBRIS ON ROAD,Y,DRIVING SKILLS/KNOWLEDGE/EXPERIENCE,BEAT_115,2,5,0,3,42.102529,-87.450354
2026-05-20 19:11:00,30,CLEAR,DAYLIGHT,SIDESWIPE SAME DIRECTION,NOT DIVIDED,STRAIGHT AND LEVEL,DRY,WORN SURFACE,N,FAILING TO YIELD RIGHT-OF-WAY,BEAT_110,2,5,0,3,42.02341,-87.506366
2026-05-21 03:51:00,40,RAIN,DAYLIGHT,ANGLE,ONE-WAY,STRAIGHT AND LEVEL,WET,NO DEFECTS,Y,WEATHER,BEAT_111,2,5,1,4,42.047795,-87.499532
2026-05-21 04:09:00,30,CLEAR,DAYLIGHT,PEDESTRIAN,NOT DIVIDED,STRAIGHT AND LEVEL,DRY,NO DEFECTS,N,DRIVING SKILLS/KNOWLEDGE/EXPERIENCE,BEAT_107,4,5,0,4,41.979581,-87.543536
2026-05-21 06:07:00,25,SEVERE RAIN,"DARKNESS, LIGHTED ROAD",SIDESWIPE SAME DIRECTION,ALLEY,STRAIGHT AND LEVEL,ICE,NO DEFECTS,Y,DRIVING SKILLS/KNOWLEDGE/EXPERIENCE,BEAT_118,2,5,0,4,42.150925,-87.41357
2026-05-21 06:30:00,30,CLEAR,DAYLIGHT,REAR END,ALLEY,CURVE ON GRADE,WET,NO DEFECTS,N,FAILING TO YIELD RIGHT-OF-WAY,BEAT_115,3,5,0,4,42.106342,-87.448928
2026-05-21 07:42:00,30,CLEAR,"DARKNESS, LIGHTED ROAD",ANGLE,ONE-WAY,STRAIGHT ON GRADE,DRY,NO DEFECTS,Y,FAILING TO YIELD RIGHT-OF-WAY,BEAT_116,2,5,0,4,42.116965,-87.432826
2026-05-21 07:55:00,30,CLEAR,DAYLIGHT,REAR END,NOT DIVIDED,STRAIGHT AND LEVEL,WET,NO DEFECTS,N,WEATHER,BEAT_106,2,5,0,4,41.969779,-87.554835
2026-05-21 08:16:00,40,CLEAR,DAYLIGHT,TURNING,DIVIDED - W/MEDIAN,STRAIGHT AND LEVEL,DRY,NO DEFECTS,N,DISREGARDING TRAFFIC SIGNALS,BEAT_110,2,5,1,4,42.031383,-87.510166
2026-05-21 08:47:00,30,CLEAR,DAYLIGHT,REAR END,DIVIDED - W/MEDIAN,STRAIGHT AND LEVEL,DRY,WORN SURFACE,N,FAILING TO YIELD RIGHT-OF-WAY,BEAT_118,2,5,0,4,42.149761,-87.414112
2026-05-21 10:53:00,25,CLEAR,DAYLIGHT,REAR END,ONE-WAY,STRAIGHT AND LEVEL,DRY,"RUT, HOLES",Y,WEATHER,BEAT_104,2,5,0,4,41.935093,-87.584057
2026-05-21 11:36:00,25,SNOW,"DARKNESS, LIGHTED ROAD",REAR END,FOUR WAY INTERSECTION,STRAIGHT AND LEVEL,WET,NO DEFECTS,N,FAILING TO YIELD RIGHT-OF-WAY,BEAT_110,1,5,0,4,42.034136,-87.509391
2026-05-21 12:46:00,25,CLEAR,DAYLIGHT,ANGLE,NOT DIVIDED,STRAIGHT AND LEVEL,WET,NO DEFECTS,N,FAILING TO YIELD RIGHT-OF-WAY,BEAT_118,2,5,0,4,42.147815,-87.412587
2026-05-21 16:37:00,30,CLEAR,DAYLIGHT,REAR END,DIVIDED - W/MEDIAN,STRAIGHT AND LEVEL,WET,NO DEFECTS,Y,FAILING TO YIELD RIGHT-OF-WAY,BEAT_117,1,5,0,4,42.135191,-87.426517
2026-05-21 16:43:00,40,CLEAR,DAYLIGHT,SIDESWIPE SAME DIRECTION,T-INTERSECTION,STRAIGHT AND LEVEL,DRY,NO DEFECTS,Y,FAILING TO YIELD RIGHT-OF-WAY,BEAT_111,2,5,0,4,42.046284,-87.503048
2026-05-21 18:00:00,20,CLEAR,DAYLIGHT,ANGLE,DIVIDED - W/MEDIAN,STRAIGHT AND LEVEL,SNOW OR SLUSH,NO DEFECTS,N,WEATHER,BEAT_116,2,5,1,4,42.121768,-87.437367
2026-05-21 21:03:00,40,CLEAR,"DARKNESS, LIGHTED ROAD",ANGLE,ONE-WAY,STRAIGHT AND LEVEL,WET,NO DEFECTS,N,DRIVING SKILLS/KNOWLEDGE/EXPERIENCE,BEAT_120,2,5,0,4,42.17491,-87.395375
2026-05-21 21:11:00,30,SNOW,"DARKNESS, LIGHTED ROAD",SIDESWIPE SAME DIRECTION,ONE-WAY,STRAIGHT AND LEVEL,WET,NO DEFECTS,N,DRIVING SKILLS/KNOWLEDGE/EXPERIENCE,BEAT_106,2,5,0,4,41.969455,-87.561149
2026-05-21 22:31:00,35,SNOW,"DARKNESS, LIGHTED ROAD",REAR END,ONE-WAY,STRAIGHT AND LEVEL,WET,WORN SURFACE,N,FAILING TO YIELD RIGHT-OF-WAY,BEAT_111,2,5,1,4,42.046448,-87.495551
2026-05-21 23:30:00,25,CLEAR,DAYLIGHT,REAR END,ALLEY,STRAIGHT AND LEVEL,DRY,NO DEFECTS,N,WEATHER,BEAT_120,2,5,0,4,42.176429,-87.385056
2026-05-22 00:07:00,55,CLEAR,DAYLIGHT,SIDESWIPE SAME DIRECTION,ONE-WAY,STRAIGHT AND LEVEL,DRY,NO DEFECTS,Y,DRIVING SKILLS/KNOWLEDGE/EXPERIENCE,BEAT_115,3,5,0,5,42.101588,-87.443124
2026-05-22 00:58:00,25,RAIN,DAYLIGHT,SIDESWIPE SAME DIRECTION,ONE-WAY,STRAIGHT AND LEVEL,SNOW OR SLUSH,SHOULDER DEFECT,N,FAILING TO YIELD RIGHT-OF-WAY,BEAT_112,2,5,1,5,42.057884,-87.4825
2026-05-22 01:32:00,25,CLEAR,DAYLIGHT,SIDESWIPE SAME DIRECTION,DIVIDED - W/MEDIAN,STRAIGHT AND LEVEL,DRY,NO DEFECTS,Y,FOLLOWING TOO CLOSELY,BEAT_105,2,5,0,5,41.95132,-87.568634
2026-05-22 02:54:00,40,CLEAR,"DARKNESS, LIGHTED ROAD",TURNING,FOUR WAY INTERSECTION,STRAIGHT AND LEVEL,DRY,DEBRIS ON ROAD,Y,IMPROPER OVERTAKING/PASSING,BEAT_117,2,5,0,5,42.132905,-87.430232
2026-05-22 03:52:00,40,RAIN,DAYLIGHT,ANGLE,DIVIDED - W/MEDIAN,STRAIGHT AND LEVEL,WET,SHOULDER DEFECT,Y,PHYSICAL CONDITION OF DRIVER,BEAT_108,2,5,0,5,41.997385,-87.536841
2026-05-22 08:52:00,25,CLEAR,"DARKNESS, LIGHTED ROAD",ANGLE,DIVIDED - W/MEDIAN,"CURVE, LEVEL",WET,NO DEFECTS,Y,DRIVING SKILLS/KNOWLEDGE/EXPERIENCE,BEAT_111,2,5,0,5,42.042098,-87.501696
2026-05-22 14:18:00,25,CLEAR,DAYLIGHT,SIDESWIPE SAME DIRECTION,DIVIDED - W/MEDIAN,"CURVE, LEVEL",WET,NO DEFECTS,N,DISREGARDING TRAFFIC SIGNALS,BEAT_119,2,5,0,5,42.165916,-87.400081
2026-05-22 17:54:00,30,CLEAR,"DARKNESS, LIGHTED ROAD",PARKED MOTOR VEHICLE,NOT DIVIDED,STRAIGHT AND LEVEL,WET,NO DEFECTS,N,FOLLOWING TOO CLOSELY,BEAT_101,2,5,0,5,41.900355,-87.617893
2026-05-22 17:56:00,30,SNOW,"DARKNESS, LIGHTED ROAD",TURNING,NOT DIVIDED,STRAIGHT AND LEVEL,WET,NO DEFECTS,N,DRIVING SKILLS/KNOWLEDGE/EXPERIENCE,BEAT_120,2,5,0,5,42.177869,-87.391233
2026-05-22 19:58:00,35,CLEAR,DAYLIGHT,TURNING,NOT DIVIDED,STRAIGHT AND LEVEL,DRY,NO DEFECTS,N,DRIVING SKILLS/KNOWLEDGE/EXPERIENCE,BEAT_113,2,5,0,5,42.071881,-87.472658
2026-05-22 22:19:00,25,CLEAR,DAYLIGHT,REAR END,NOT DIVIDED,STRAIGHT AND LEVEL,DRY,NO DEFECTS,Y,FAILING TO YIELD RIGHT-OF-WAY,BEAT_107,2,5,0,5,41.985509,-87.543486
2026-05-22 22:38:00,35,CLEAR,DAYLIGHT,TURNING,ONE-WAY,STRAIGHT AND LEVEL,WET,"RUT, HOLES",N,WEATHER,BEAT_108,2,5,0,5,42.002093,-87.533188
2026-05-22 23:00:00,50,CLEAR,"DARKNESS, LIGHTED ROAD",SIDESWIPE SAME DIRECTION,ONE-WAY,STRAIGHT AND LEVEL,DRY,NO DEFECTS,N,FOLLOWING TOO CLOSELY,BEAT_112,2,5,0,5,42.063085,-87.48756
2026-05-23 01:27:00,25,CLEAR,DARKNESS,REAR END,DIVIDED - W/MEDIAN,STRAIGHT ON GRADE,"SAND, MUD, DIRT",NO DEFECTS,Y,FAILING TO YIELD RIGHT-OF-WAY,BEAT_120,2,5,1,6,42.173031,-87.391531
2026-05-23 02:52:00,40,RAIN,"DARKNESS, LIGHTED ROAD",REAR END,ONE-WAY,STRAIGHT AND LEVEL,SNOW OR SLUSH,NO DEFECTS,N,IMPROPER OVERTAKING/PASSING,BEAT_109,2,5,2,6,42.017295,-87.522682
2026-05-23 04:12:00,25,CLEAR,DAYLIGHT,SIDESWIPE SAME DIRECTION,NOT DIVIDED,STRAIGHT AND LEVEL,DRY,NO DEFECTS,N,FOLLOWING TOO CLOSELY,BEAT_115,2,5,0,6,42.100686,-87.446054
2026-05-23 04:25:00,25,CLEAR,DAYLIGHT,SIDESWIPE SAME DIRECTION,DIVIDED - W/MEDIAN,STRAIGHT AND LEVEL,DRY,"RUT, HOLES",Y,WEATHER,BEAT_101,3,5,0,6,41.8907,-87.612744
2026-05-23 13:50:00,30,CLEAR,DAYLIGHT,REAR END,DIVIDED - W/MEDIAN,STRAIGHT AND LEVEL,DRY,NO DEFECTS,N,FAILING TO YIELD RIGHT-OF-WAY,BEAT_102,2,5,0,6,41.90947,-87.602722
2026-05-23 15:06:00,50,CLEAR,DAYLIGHT,SIDESWIPE SAME DIRECTION,ALLEY,STRAIGHT AND LEVEL,WET,NO DEFECTS,Y,IMPROPER OVERTAKING/PASSING,BEAT_110,2,5,1,6,42.029562,-87.508134
2026-05-23 17:32:00,25,SNOW,DAYLIGHT,PARKED MOTOR VEHICLE,NOT DIVIDED,STRAIGHT AND LEVEL,WET,NO DEFECTS,N,IMPROPER OVERTAKING/PASSING,BEAT_114,1,5,0,6,42.087661,-87.462232
2026-05-23 20:11:00,30,CLEAR,DAYLIGHT,SIDESWIPE SAME DIRECTION,DIVIDED - W/MEDIAN,STRAIGHT AND LEVEL,DRY,NO DEFECTS,Y,WEATHER,BEAT_117,2,5,0,6,42.132944,-87.425456
2026-05-23 20:29:00,30,CLEAR,"DARKNESS, LIGHTED ROAD",ANGLE,NOT DIVIDED,STRAIGHT AND LEVEL,DRY,NO DEFECTS,N,DRIVING SKILLS/KNOWLEDGE/EXPERIENCE,BEAT_112,2,5,0,6,42.059523,-87.487319
2026-05-24 00:15:00,25,SEVERE RAIN,DAWN,REAR END,NOT DIVIDED,"CURVE, LEVEL",WET,NO DEFECTS,N,IMPROPER OVERTAKING/PASSING,BEAT_105,2,5,0,7,41.954387,-87.57195
2026-05-24 00:38:00,25,RAIN,DAYLIGHT,REAR END,NOT DIVIDED,STRAIGHT AND LEVEL,WET,NO DEFECTS,Y,PHYSICAL CONDITION OF DRIVER,BEAT_114,3,5,0,7,42.086122,-87.457452
2026-05-24 02:33:00,30,SNOW,"DARKNESS, LIGHTED ROAD",PARKED MOTOR VEHICLE,NOT DIVIDED,STRAIGHT AND LEVEL,WET,NO DEFECTS,Y,FAILING TO YIELD RIGHT-OF-WAY,BEAT_108,2,5,1,7,41.9946,-87.531515
2026-05-24 07:24:00,20,SNOW,DAYLIGHT,TURNING,ONE-WAY,STRAIGHT AND LEVEL,WET,NO DEFECTS,Y,FAILING TO YIELD RIGHT-OF-WAY,BEAT_120,2,5,1,7,42.178703,-87.389498
2026-05-24 08:46:00,25,RAIN,"DARKNESS, LIGHTED ROAD",TURNING,ONE-WAY,CURVE ON GRADE,WET,NO DEFECTS,Y,DRIVING SKILLS/KNOWLEDGE/EXPERIENCE,BEAT_114,2,5,0,7,42.089554,-87.460998
2026-05-24 08:51:00,50,CLEAR,"DARKNESS, LIGHTED ROAD",SIDESWIPE SAME DIRECTION,T-INTERSECTION,STRAIGHT AND LEVEL,DRY,NO DEFECTS,Y,FOLLOWING TOO CLOSELY,BEAT_116,2,5,0,7,42.114747,-87.441074
2026-05-24 12:06:00,30,CLEAR,DAYLIGHT,TURNING,ONE-WAY,STRAIGHT AND LEVEL,DRY,NO DEFECTS,Y,FOLLOWING TOO CLOSELY,BEAT_115,2,5,2,7,42.103935,-87.449333
2026-05-24 13:34:00,30,CLEAR,"DARKNESS, LIGHTED ROAD",PARKED MOTOR VEHICLE,NOT DIVIDED,STRAIGHT AND LEVEL,DRY,NO DEFECTS,N,WEATHER,BEAT_102,2,5,0,7,41.906738,-87.603049
2026-05-24 18:05:00,25,CLEAR,DAYLIGHT,PARKED MOTOR VEHICLE,FOUR WAY INTERSECTION,STRAIGHT AND LEVEL,DRY,NO DEFECTS,Y,FAILING TO YIELD RIGHT-OF-WAY,BEAT_106,2,5,1,7,41.967853,-87.562503
2026-05-24 22:54:00,25,SNOW,DARKNESS,FIXED OBJECT,NOT DIVIDED,STRAIGHT AND LEVEL,WET,NO DEFECTS,N,IMPROPER OVERTAKING/PASSING,BEAT_108,1,5,0,7,42.001467,-87.531094
2026-05-24 23:08:00,25,CLEAR,"DARKNESS, LIGHTED ROAD",SIDESWIPE SAME DIRECTION,T-INTERSECTION,STRAIGHT ON GRADE,DRY,NO DEFECTS,Y,DISREGARDING TRAFFIC SIGNALS,BEAT_104,2,5,0,7,41.941249,-87.584142