CRASH_DATE,POSTED_SPEED_LIMIT,WEATHER_CONDITION,LIGHTING_CONDITION,FIRST_CRASH_TYPE,TRAFFICWAY_TYPE,ALIGNMENT,ROADWAY_SURFACE_COND,ROAD_DEFECT,INTERSECTION_RELATED_I,PRIM_CONTRIBUTORY_CAUSE,BEAT_OF_OCCURRENCE,NUM_UNITS,CRASH_MONTH,INJURIES_TOTAL,CRASH_DAY_OF_WEEK,LATITUDE,LONGITUDE
2026-06-11 06:35:00,40,CLEAR,"DARKNESS, LIGHTED ROAD",PARKED MOTOR VEHICLE,DIVIDED - W/MEDIAN,STRAIGHT AND LEVEL,DRY,NO DEFECTS,N,FOLLOWING TOO CLOSELY,BEAT_118,2,6,0,4,42.146922,-87.415627
2026-06-11 07:54:00,25,SNOW,"DARKNESS, LIGHTED ROAD",SIDESWIPE SAME DIRECTION,T-INTERSECTION,STRAIGHT AND LEVEL,SNOW OR SLUSH,"RUT, HOLES",N,DRIVING SKILLS/KNOWLEDGE/EXPERIENCE,BEAT_115,3,6,0,4,42.100385,-87.452536
2026-06-11 10:23:00,40,CLEAR,DAYLIGHT,PARKED MOTOR VEHICLE,DIVIDED - W/MEDIAN,"CURVE, LEVEL",WET,NO DEFECTS,Y,FAILING TO YIELD RIGHT-OF-WAY,BEAT_117,2,6,0,4,42.134753,-87.4345
2026-06-11 12:09:00,25,CLEAR,"DARKNESS, LIGHTED ROAD",PEDESTRIAN,DIVIDED - W/MEDIAN,STRAIGHT AND LEVEL,DRY,NO DEFECTS,N,PHYSICAL CONDITION OF DRIVER,BEAT_108,2,6,0,4,42.001133,-87.53618
2026-06-11 15:13:00,30,CLEAR,DARKNESS,SIDESWIPE SAME DIRECTION,NOT DIVIDED,STRAIGHT AND LEVEL,DRY,"RUT, HOLES",Y,FOLLOWING TOO CLOSELY,BEAT_107,3,6,2,4,41.987853,-87.545469
2026-06-11 15:54:00,30,CLEAR,"DARKNESS, LIGHTED ROAD",REAR END,T-INTERSECTION,STRAIGHT AND LEVEL,DRY,NO DEFECTS,Y,FOLLOWING TOO CLOSELY,BEAT_119,3,6,3,4,42.161038,-87.399543
2026-06-11 20:37:00,20,CLEAR,"DARKNESS, LIGHTED ROAD",ANGLE,NOT DIVIDED,STRAIGHT AND LEVEL,SNOW OR SLUSH,NO DEFECTS,N,WEATHER,BEAT_111,3,6,0,4,42.042475,-87.499409
2026-06-12 01:02:00,40,CLEAR,"DARKNESS, LIGHTED ROAD",SIDESWIPE SAME DIRECTION,ONE-WAY,STRAIGHT AND LEVEL,DRY,DEBRIS ON ROAD,N,PHYSICAL CONDITION OF DRIVER,BEAT_102,2,6,0,5,41.910706,-87.609675
2026-06-12 01:20:00,35,CLEAR,DARKNESS,REAR END,ONE-WAY,STRAIGHT AND LEVEL,WET,NO DEFECTS,N,DRIVING SKILLS/KNOWLEDGE/EXPERIENCE,BEAT_104,2,6,0,5,41.93975,-87.579823
2026-06-12 01:26:00,40,CLEAR,DAYLIGHT,SIDESWIPE SAME DIRECTION,DIVIDED - W/MEDIAN,STRAIGHT AND LEVEL,DRY,"RUT, HOLES",N,IMPROPER OVERTAKING/PASSING,BEAT_102,2,6,0,5,41.910237,-87.605439
2026-06-12 01:39:00,40,CLEAR,DARKNESS,SIDESWIPE SAME DIRECTION,DIVIDED - W/MEDIAN,STRAIGHT AND LEVEL,DRY,NO DEFECTS,N,IMPROPER OVERTAKING/PASSING,BEAT_107,2,6,0,5,41.982483,-87.547329
2026-06-12 07:26:00,30,CLEAR,DAYLIGHT,SIDESWIPE SAME DIRECTION,NOT DIVIDED,STRAIGHT AND LEVEL,DRY,NO DEFECTS,N,DRIVING SKILLS/KNOWLEDGE/EXPERIENCE,BEAT_102,2,6,0,5,41.906941,-87.603751
2026-06-12 07:35:00,35,CLEAR,DAYLIGHT,REAR END,NOT DIVIDED,STRAIGHT ON GRADE,WET,NO DEFECTS,N,IMPROPER OVERTAKING/PASSING,BEAT_103,2,6,0,5,41.923945,-87.591228
2026-06-12 10:25:00,35,CLEAR,"DARKNESS, LIGHTED ROAD",REAR END,FOUR WAY INTERSECTION,STRAIGHT AND LEVEL,WET,NO DEFECTS,N,FAILING TO YIELD RIGHT-OF-WAY,BEAT_110,2,6,0,5,42.027442,-87.511699
2026-06-12 11:03:00,30,CLEAR,DAYLIGHT,PEDESTRIAN,FOUR WAY INTERSECTION,STRAIGHT AND LEVEL,DRY,NO DEFECTS,N,DRIVING SKILLS/KNOWLEDGE/EXPERIENCE,BEAT_110,2,6,0,5,42.025413,-87.505941
2026-06-12 11:13:00,25,CLEAR,"DARKNESS, LIGHTED ROAD",SIDESWIPE SAME DIRECTION,ONE-WAY,STRAIGHT AND LEVEL,WET,NO DEFECTS,Y,DISREGARDING TRAFFIC SIGNALS,BEAT_107,1,6,0,5,41.983162,-87.54752
2026-06-12 13:07:00,30,RAIN,"DARKNESS, LIGHTED ROAD",SIDESWIPE SAME DIRECTION,FOUR WAY INTERSECTION,STRAIGHT AND LEVEL,WET,NO DEFECTS,N,DRIVING SKILLS/KNOWLEDGE/EXPERIENCE,BEAT_109,2,6,1,5,42.010847,-87.519114
2026-06-12 14:49:00,25,CLEAR,DAYLIGHT,ANGLE,NOT DIVIDED,STRAIGHT AND LEVEL,DRY,NO DEFECTS,Y,DRIVING SKILLS/KNOWLEDGE/EXPERIENCE,BEAT_110,2,6,0,5,42.031779,-87.51478
2026-06-12 15:43:00,30,SNOW,DUSK,REAR END,NOT DIVIDED,STRAIGHT AND LEVEL,WET,NO DEFECTS,Y,FOLLOWING TOO CLOSELY,BEAT_108,1,6,0,5,41.99619,-87.539373
2026-06-12 15:52:00,30,CLEAR,DARKNESS,PARKED MOTOR VEHICLE,NOT DIVIDED,STRAIGHT AND LEVEL,DRY,NO DEFECTS,Y,FOLLOWING TOO CLOSELY,BEAT_110,2,6,0,5,42.031942,-87.508445
2026-06-12 16:11:00,40,CLEAR,DAYLIGHT,PEDESTRIAN,ONE-WAY,STRAIGHT AND LEVEL,DRY,NO DEFECTS,N,FOLLOWING TOO CLOSELY,BEAT_112,2,6,0,5,42.057576,-87.483463
2026-06-12 17:11:00,35,CLEAR,DAYLIGHT,REAR END,DIVIDED - W/MEDIAN,STRAIGHT AND LEVEL,DRY,NO DEFECTS,N,FAILING TO YIELD RIGHT-OF-WAY,BEAT_109,2,6,0,5,42.00795,-87.52436
2026-06-12 17:39:00,30,CLEAR,"DARKNESS, LIGHTED ROAD",REAR END,FOUR WAY INTERSECTION,STRAIGHT AND LEVEL,SNOW OR SLUSH,"RUT, HOLES",N,DISREGARDING TRAFFIC SIGNALS,BEAT_112,2,6,1,5,42.055806,-87.483862
2026-06-12 18:03:00,25,CLEAR,"DARKNESS, LIGHTED ROAD",PARKED MOTOR VEHICLE,NOT DIVIDED,STRAIGHT AND LEVEL,DRY,NO DEFECTS,N,WEATHER,BEAT_119,2,6,0,5,42.162074,-87.40189
2026-06-12 21:22:00,25,CLEAR,DAYLIGHT,SIDESWIPE SAME DIRECTION,DIVIDED - W/MEDIAN,STRAIGHT AND LEVEL,DRY,NO DEFECTS,N,IMPROPER OVERTAKING/PASSING,BEAT_115,2,6,0,5,42.102307,-87.452123
2026-06-13 07:01:00,30,RAIN,DAYLIGHT,ANGLE,T-INTERSECTION,STRAIGHT AND LEVEL,WET,NO DEFECTS,N,FAILING TO YIELD RIGHT-OF-WAY,BEAT_120,2,6,0,6,42.172592,-87.387852
2026-06-13 08:42:00,30,CLEAR,"DARKNESS, LIGHTED ROAD",REAR END,DIVIDED - W/MEDIAN,STRAIGHT AND LEVEL,WET,NO DEFECTS,N,FAILING TO YIELD RIGHT-OF-WAY,BEAT_105,2,6,2,6,41.955562,-87.570078
2026-06-13 12:15:00,30,CLEAR,DAYLIGHT,FIXED OBJECT,ONE-WAY,STRAIGHT AND LEVEL,WET,NO DEFECTS,Y,FOLLOWING TOO CLOSELY,BEAT_111,2,6,0,6,42.041314,-87.497221
2026-06-13 12:22:00,25,CLEAR,DAYLIGHT,PEDESTRIAN,NOT DIVIDED,STRAIGHT AND LEVEL,DRY,NO DEFECTS,N,FAILING TO YIELD RIGHT-OF-WAY,BEAT_115,2,6,0,6,42.104399,-87.450699
2026-06-13 15:22:00,30,CLEAR,DAYLIGHT,SIDESWIPE SAME DIRECTION,DIVIDED - W/MEDIAN,STRAIGHT AND LEVEL,DRY,NO DEFECTS,Y,DRIVING SKILLS/KNOWLEDGE/EXPERIENCE,BEAT_115,2,6,0,6,42.096517,-87.449865
2026-06-13 16:38:00,25,RAIN,DAYLIGHT,REAR END,DIVIDED - W/MEDIAN,STRAIGHT AND LEVEL,ICE,NO DEFECTS,Y,WEATHER,BEAT_101,2,6,0,6,41.891006,-87.610841
2026-06-13 18:36:00,35,SNOW,DAYLIGHT,SIDESWIPE SAME DIRECTION,DIVIDED - W/MEDIAN,STRAIGHT AND LEVEL,SNOW OR SLUSH,NO DEFECTS,N,FAILING TO YIELD RIGHT-OF-WAY,BEAT_114,3,6,0,6,42.085278,-87.470169
2026-06-13 20:36:00,45,CLEAR,"DARKNESS, LIGHTED ROAD",ANGLE,DIVIDED - W/MEDIAN,STRAIGHT AND LEVEL,DRY,NO DEFECTS,Y,WEATHER,BEAT_120,2,6,0,6,42.177327,-87.390009
2026-06-13 21:05:00,25,RAIN,DAWN,REAR END,DIVIDED - W/MEDIAN,STRAIGHT AND LEVEL,SNOW OR SLUSH,NO DEFECTS,Y,DRIVING SKILLS/KNOWLEDGE/EXPERIENCE,BEAT_108,2,6,0,6,41.99686,-87.528893
2026-06-14 00:41:00,25,CLEAR,DAYLIGHT,SIDESWIPE SAME DIRECTION,DIVIDED - W/MEDIAN,STRAIGHT AND LEVEL,SNOW OR SLUSH,NO DEFECTS,Y,FAILING TO YIELD RIGHT-OF-WAY,BEAT_117,2,6,0,7,42.13282,-87.424446
2026-06-14 00:56:00,25,CLEAR,DAWN,TURNING,DIVIDED - W/MEDIAN,"CURVE, LEVEL",DRY,NO DEFECTS,N,DRIVING SKILLS/KNOWLEDGE/EXPERIENCE,BEAT_111,2,6,0,7,42.044928,-87.49794
2026-06-14 01:35:00,30,CLEAR,DAYLIGHT,REAR END,DIVIDED - W/MEDIAN,STRAIGHT ON GRADE,DRY,WORN SURFACE,Y,FOLLOWING TOO CLOSELY,BEAT_112,2,6,0,7,42.060688,-87.484739
2026-06-14 04:04:00,40,RAIN,DARKNESS,ANGLE,NOT DIVIDED,STRAIGHT ON GRADE,WET,NO DEFECTS,Y,FOLLOWING TOO CLOSELY,BEAT_114,2,6,0,7,42.089622,-87.459972
2026-06-14 04:43:00,25,CLEAR,DARKNESS,REAR END,ONE-WAY,STRAIGHT AND LEVEL,DRY,NO DEFECTS,N,DISREGARDING TRAFFIC SIGNALS,BEAT_118,1,6,0,7,42.141524,-87.41658
2026-06-14 12:14:00,30,CLEAR,DAYLIGHT,REAR END,ONE-WAY,STRAIGHT AND LEVEL,SNOW OR SLUSH,NO DEFECTS,Y,FAILING TO YIELD RIGHT-OF-WAY,BEAT_104,2,6,1,7,41.936358,-87.579761
2026-06-14 18:21:00,25,CLEAR,"DARKNESS, LIGHTED ROAD",ANGLE,NOT DIVIDED,STRAIGHT AND LEVEL,DRY,NO DEFECTS,Y,FOLLOWING TOO CLOSELY,BEAT_113,2,6,0,7,42.077119,-87.474061
2026-06-14 22:55:00,45,CLEAR,"DARKNESS, LIGHTED ROAD",REAR END,ONE-WAY,"CURVE, LEVEL",DRY,NO DEFECTS,N,FOLLOWING TOO CLOSELY,BEAT_113,2,6,0,7,42.078704,-87.473812
2026-06-15 08:02:00,25,RAIN,DAYLIGHT,TURNING,DIVIDED - W/MEDIAN,STRAIGHT AND LEVEL,WET,NO DEFECTS,N,DRIVING SKILLS/KNOWLEDGE/EXPERIENCE,BEAT_109,2,6,0,1,42.01739,-87.521227
2026-06-15 08:07:00,30,CLEAR,DAYLIGHT,ANGLE,DIVIDED - W/MEDIAN,STRAIGHT AND LEVEL,DRY,NO DEFECTS,N,FOLLOWING TOO CLOSELY,BEAT_102,2,6,0,1,41.909443,-87.610228
2026-06-15 10:28:00,25,SNOW,"DARKNESS, LIGHTED ROAD",SIDESWIPE SAME DIRECTION,DIVIDED - W/MEDIAN,STRAIGHT AND LEVEL,WET,NO DEFECTS,Y,FOLLOWING TOO CLOSELY,BEAT_110,3,6,0,1,42.031985,-87.510681
2026-06-15 11:18:00,30,CLEAR,DAYLIGHT,SIDESWIPE SAME DIRECTION,ALLEY,STRAIGHT ON GRADE,DRY,"RUT, HOLES",Y,WEATHER,BEAT_118,2,6,0,1,42.147412,-87.417349
2026-06-15 11:23:00,40,CLEAR,DAYLIGHT,SIDESWIPE SAME DIRECTION,NOT DIVIDED,STRAIGHT AND LEVEL,DRY,NO DEFECTS,Y,WEATHER,BEAT_113,2,6,0,1,42.066733,-87.474109
2026-06-15 13:10:00,35,RAIN,DAYLIGHT,REAR END,T-INTERSECTION,STRAIGHT AND LEVEL,WET,NO DEFECTS,N,DRIVING SKILLS/KNOWLEDGE/EXPERIENCE,BEAT_111,2,6,0,1,42.041787,-87.494624
2026-06-15 13:52:00,25,SEVERE RAIN,DUSK,PARKED MOTOR VEHICLE,NOT DIVIDED,STRAIGHT AND LEVEL,SNOW OR SLUSH,NO DEFECTS,N,DRIVING SKILLS/KNOWLEDGE/EXPERIENCE,BEAT_101,2,6,0,1,41.887759,-87.616777
2026-06-15 23:06:00,25,CLEAR,DAWN,ANGLE,DIVIDED - W/MEDIAN,STRAIGHT AND LEVEL,WET,NO DEFECTS,N,FOLLOWING TOO CLOSELY,BEAT_118,1,6,0,1,42.146287,-87.412702
2026-06-15 23:54:00,30,RAIN,DAYLIGHT,TURNING,NOT DIVIDED,STRAIGHT AND LEVEL,WET,"RUT, HOLES",Y,FAILING TO YIELD RIGHT-OF-WAY,BEAT_102,2,6,1,1,41.910525,-87.604138
2026-06-16 02:28:00,30,SNOW,DAYLIGHT,REAR END,ALLEY,STRAIGHT AND LEVEL,WET,"RUT, HOLES",N,IMPROPER OVERTAKING/PASSING,BEAT_120,1,6,0,2,42.179623,-87.392861
2026-06-16 02:59:00,45,CLEAR,DAYLIGHT,SIDESWIPE SAME DIRECTION,ONE-WAY,STRAIGHT AND LEVEL,DRY,NO DEFECTS,N,FOLLOWING TOO CLOSELY,BEAT_119,2,6,0,2,42.158258,-87.40108
2026-06-16 04:39:00,45,CLEAR,DAYLIGHT,ANGLE,DIVIDED - W/MEDIAN,STRAIGHT AND LEVEL,DRY,NO DEFECTS,N,DRIVING SKILLS/KNOWLEDGE/EXPERIENCE,BEAT_104,3,6,0,2,41.937095,-87.581668
2026-06-16 10:39:00,30,SNOW,DAYLIGHT,REAR END,DIVIDED - W/MEDIAN,STRAIGHT AND LEVEL,WET,WORN SURFACE,N,FOLLOWING TOO CLOSELY,BEAT_103,2,6,0,2,41.918505,-87.594941
2026-06-16 11:02:00,30,CLEAR,DAYLIGHT,REAR END,DIVIDED - W/MEDIAN,STRAIGHT AND LEVEL,DRY,NO DEFECTS,Y,DISREGARDING TRAFFIC SIGNALS,BEAT_102,2,6,1,2,41.907811,-87.607145
2026-06-16 17:24:00,50,CLEAR,"DARKNESS, LIGHTED ROAD",SIDESWIPE SAME DIRECTION,ONE-WAY,STRAIGHT AND LEVEL,DRY,NO DEFECTS,N,DRIVING SKILLS/KNOWLEDGE/EXPERIENCE,BEAT_107,2,6,0,2,41.982452,-87.544272
2026-06-16 17:58:00,30,CLEAR,DAYLIGHT,ANGLE,NOT DIVIDED,STRAIGHT AND LEVEL,DRY,NO DEFECTS,N,FOLLOWING TOO CLOSELY,BEAT_120,1,6,0,2,42.175373,-87.386254
2026-06-16 19:05:00,45,RAIN,DAYLIGHT,SIDESWIPE SAME DIRECTION,FOUR WAY INTERSECTION,STRAIGHT AND LEVEL,ICE,"RUT, HOLES",N,FAILING TO YIELD RIGHT-OF-WAY,BEAT_118,2,6,1,2,42.1511,-87.413005
2026-06-16 21:12:00,50,CLEAR,DAWN,REAR END,DIVIDED - W/MEDIAN,STRAIGHT AND LEVEL,DRY,NO DEFECTS,Y,FOLLOWING TOO CLOSELY,BEAT_113,2,6,0,2,42.071991,-87.475404
2026-06-17 00:58:00,25,CLEAR,"DARKNESS, LIGHTED ROAD",REAR END,NOT DIVIDED,STRAIGHT AND LEVEL,DRY,"RUT, HOLES",N,DISREGARDING TRAFFIC SIGNALS,BEAT_116,2,6,0,3,42.120561,-87.436278
2026-06-17 01:49:00,25,RAIN,DAYLIGHT,REAR END,ALLEY,STRAIGHT AND LEVEL,SNOW OR SLUSH,NO DEFECTS,Y,DRIVING SKILLS/KNOWLEDGE/EXPERIENCE,BEAT_119,2,6,0,3,42.162149,-87.401382
2026-06-17 04:44:00,25,CLEAR,DAYLIGHT,ANGLE,NOT DIVIDED,STRAIGHT AND LEVEL,SNOW OR SLUSH,NO DEFECTS,N,DISREGARDING TRAFFIC SIGNALS,BEAT_117,2,6,2,3,42.133856,-87.423833
2026-06-17 05:20:00,25,CLEAR,DAYLIGHT,ANGLE,DIVIDED - W/MEDIAN,STRAIGHT AND LEVEL,DRY,NO DEFECTS,Y,DRIVING SKILLS/KNOWLEDGE/EXPERIENCE,BEAT_103,2,6,0,3,41.925141,-87.597274
2026-06-17 09:42:00,30,CLEAR,DAYLIGHT,SIDESWIPE SAME DIRECTION,NOT DIVIDED,STRAIGHT AND LEVEL,DRY,NO DEFECTS,N,FAILING TO YIELD RIGHT-OF-WAY,BEAT_112,2,6,0,3,42.055451,-87.487898
2026-06-17 12:34:00,35,SNOW,DAYLIGHT,SIDESWIPE SAME DIRECTION,NOT DIVIDED,STRAIGHT AND LEVEL,WET,NO DEFECTS,N,FOLLOWING TOO CLOSELY,BEAT_104,4,6,0,3,41.933516,-87.584694
2026-06-17 13:35:00,25,CLEAR,DAYLIGHT,PEDESTRIAN,T-INTERSECTION,STRAIGHT AND LEVEL,DRY,NO DEFECTS,N,DRIVING SKILLS/KNOWLEDGE/EXPERIENCE,BEAT_115,4,6,0,3,42.10121,-87.449563
2026-06-17 14:47:00,20,CLEAR,DAYLIGHT,TURNING,ONE-WAY,STRAIGHT AND LEVEL,DRY,"RUT, HOLES",N,FAILING TO YIELD RIGHT-OF-WAY,BEAT_107,3,6,0,3,41.98299,-87.54474
2026-06-17 19:49:00,25,CLEAR,DAYLIGHT,SIDESWIPE SAME DIRECTION,DIVIDED - W/MEDIAN,STRAIGHT AND LEVEL,DRY,"RUT, HOLES",Y,DRIVING SKILLS/KNOWLEDGE/EXPERIENCE,BEAT_102,1,6,1,3,41.903541,-87.603148
2026-06-17 20:14:00,35,CLEAR,DAYLIGHT,REAR END,DIVIDED - W/MEDIAN,CURVE ON GRADE,DRY,NO DEFECTS,Y,FAILING TO YIELD RIGHT-OF-WAY,BEAT_103,2,6,0,3,41.927801,-87.595954
2026-06-17 21:12:00,30,CLEAR,DARKNESS,ANGLE,DIVIDED - W/MEDIAN,STRAIGHT AND LEVEL,WET,NO DEFECTS,N,FAILING TO YIELD RIGHT-OF-WAY,BEAT_119,2,6,0,3,42.159814,-87.405412
2026-06-17 21:44:00,40,CLEAR,DARKNESS,REAR END,ONE-WAY,STRAIGHT AND LEVEL,WET,NO DEFECTS,N,FAILING TO YIELD RIGHT-OF-WAY,BEAT_116,2,6,0,3,42.116698,-87.440126
2026-06-17 22:07:00,25,CLEAR,DAYLIGHT,FIXED OBJECT,DIVIDED - W/MEDIAN,STRAIGHT AND LEVEL,DRY,SHOULDER DEFECT,Y,FAILING TO YIELD RIGHT-OF-WAY,BEAT_110,2,6,0,3,42.028188,-87.503077
2026-06-18 03:26:00,25,SEVERE RAIN,"DARKNESS, LIGHTED ROAD",REAR END,FOUR WAY INTERSECTION,STRAIGHT AND LEVEL,WET,"RUT, HOLES",Y,DISREGARDING TRAFFIC SIGNALS,BEAT_101,2,6,2,4,41.890998,-87.61233
2026-06-18 04:04:00,25,CLEAR,"DARKNESS, LIGHTED ROAD",TURNING,ALLEY,STRAIGHT AND LEVEL,DRY,NO DEFECTS,Y,DRIVING SKILLS/KNOWLEDGE/EXPERIENCE,BEAT_106,2,6,0,4,41.962501,-87.560081
2026-06-18 04:42:00,40,RAIN,DARKNESS,REAR END,NOT DIVIDED,STRAIGHT AND LEVEL,WET,NO DEFECTS,N,FAILING TO YIELD RIGHT-OF-WAY,BEAT_107,1,6,0,4,41.983128,-87.552297
2026-06-18 10:28:00,20,SNOW,DAYLIGHT,ANGLE,DIVIDED - W/MEDIAN,STRAIGHT AND LEVEL,WET,NO DEFECTS,N,FOLLOWING TOO CLOSELY,BEAT_112,2,6,0,4,42.062435,-87.487697
2026-06-18 11:44:00,45,FOG/SMOKE/HAZE,DAYLIGHT,REAR END,NOT DIVIDED,STRAIGHT AND LEVEL,WET,NO DEFECTS,N,FOLLOWING TOO CLOSELY,BEAT_108,3,6,0,4,41.996779,-87.536098
2026-06-18 13:36:00,20,CLEAR,DAYLIGHT,ANGLE,NOT DIVIDED,STRAIGHT AND LEVEL,DRY,NO DEFECTS,Y,DISREGARDING TRAFFIC SIGNALS,BEAT_102,2,6,1,4,41.906683,-87.604334
2026-06-18 14:06:00,35,CLEAR,DAYLIGHT,REAR END,T-INTERSECTION,STRAIGHT AND LEVEL,DRY,NO DEFECTS,Y,FAILING TO YIELD RIGHT-OF-WAY,BEAT_107,3,6,0,4,41.981212,-87.550971
2026-06-18 21:46:00,30,CLEAR,"DARKNESS, LIGHTED ROAD",REAR END,ONE-WAY,STRAIGHT AND LEVEL,DRY,NO DEFECTS,Y,FAILING TO YIELD RIGHT-OF-WAY,BEAT_112,2,6,0,4,42.055819,-87.484939
2026-06-18 22:51:00,30,CLEAR,DARKNESS,REAR END,NOT DIVIDED,"CURVE, LEVEL",DRY,NO DEFECTS,N,FOLLOWING TOO CLOSELY,BEAT_102,2,6,0,4,41.908433,-87.603546
2026-06-19 01:05:00,25,CLEAR,DAYLIGHT,FIXED OBJECT,DIVIDED - W/MEDIAN,STRAIGHT AND LEVEL,WET,"RUT, HOLES",N,FOLLOWING TOO CLOSELY,BEAT_114,1,6,0,5,42.094576,-87.462163
2026-06-19 04:21:00,30,CLEAR,DAYLIGHT,REAR END,NOT DIVIDED,STRAIGHT AND LEVEL,DRY,NO DEFECTS,Y,FOLLOWING TOO CLOSELY,BEAT_107,3,6,0,5,41.979972,-87.546193
2026-06-19 05:25:00,35,SNOW,DARKNESS,ANGLE,DIVIDED - W/MEDIAN,STRAIGHT AND LEVEL,ICE,NO DEFECTS,Y,FAILING TO YIELD RIGHT-OF-WAY,BEAT_103,2,6,0,5,41.925518,-87.59353
2026-06-19 05:54:00,30,CLEAR,DAYLIGHT,TURNING,FOUR WAY INTERSECTION,STRAIGHT AND LEVEL,DRY,NO DEFECTS,Y,DISREGARDING TRAFFIC SIGNALS,BEAT_102,2,6,0,5,41.907882,-87.605682
2026-06-19 08:49:00,25,FOG/SMOKE/HAZE,DAWN,SIDESWIPE SAME DIRECTION,ONE-WAY,STRAIGHT AND LEVEL,WET,NO DEFECTS,N,IMPROPER OVERTAKING/PASSING,BEAT_102,2,6,1,5,41.911563,-87.607232
2026-06-19 10:07:00,25,CLEAR,DAYLIGHT,REAR END,DIVIDED - W/MEDIAN,STRAIGHT AND LEVEL,DRY,NO DEFECTS,Y,FOLLOWING TOO CLOSELY,BEAT_103,2,6,0,5,41.923219,-87.59453
2026-06-19 10:47:00,20,SEVERE RAIN,DAYLIGHT,SIDESWIPE SAME DIRECTION,DIVIDED - W/MEDIAN,STRAIGHT AND LEVEL,WET,SHOULDER DEFECT,Y,DRIVING SKILLS/KNOWLEDGE/EXPERIENCE,BEAT_111,2,6,0,5,42.037869,-87.494506
2026-06-19 12:34:00,30,CLEAR,DAYLIGHT,REAR END,DIVIDED - W/MEDIAN,STRAIGHT AND LEVEL,DRY,SHOULDER DEFECT,N,DRIVING SKILLS/KNOWLEDGE/EXPERIENCE,BEAT_109,2,6,0,5,42.016177,-87.522326
2026-06-19 14:05:00,20,CLEAR,DAYLIGHT,REAR END,NOT DIVIDED,STRAIGHT AND LEVEL,DRY,NO DEFECTS,N,FAILING TO YIELD RIGHT-OF-WAY,BEAT_113,2,6,0,5,42.070903,-87.469838
2026-06-19 16:50:00,45,CLEAR,DAYLIGHT,ANGLE,ALLEY,STRAIGHT AND LEVEL,WET,WORN SURFACE,N,FOLLOWING TOO CLOSELY,BEAT_116,2,6,0,5,42.118317,-87.435697
2026-06-19 21:36:00,25,CLEAR,DUSK,SIDESWIPE SAME DIRECTION,FOUR WAY INTERSECTION,STRAIGHT AND LEVEL,DRY,SHOULDER DEFECT,Y,FAILING TO YIELD RIGHT-OF-WAY,BEAT_103,2,6,0,5,41.923075,-87.590872
2026-06-19 22:44:00,20,CLEAR,DAYLIGHT,SIDESWIPE SAME DIRECTION,NOT DIVIDED,STRAIGHT AND LEVEL,DRY,DEBRIS ON ROAD,Y,FAILING TO YIELD RIGHT-OF-WAY,BEAT_114,2,6,0,5,42.083784,-87.462476
2026-06-20 03:17:00,25,CLEAR,DAYLIGHT,PARKED MOTOR VEHICLE,NOT DIVIDED,STRAIGHT AND LEVEL,DRY,NO DEFECTS,N,FAILING TO YIELD RIGHT-OF-WAY,BEAT_115,3,6,1,6,42.100962,-87.457329
2026-06-20 03:20:00,25,CLEAR,DAYLIGHT,TURNING,DIVIDED - W/MEDIAN,STRAIGHT AND LEVEL,WET,NO DEFECTS,Y,IMPROPER OVERTAKING/PASSING,BEAT_116,2,6,0,6,42.117257,-87.438991
2026-06-20 05:16:00,30,RAIN,DAYLIGHT,REAR END,ONE-WAY,STRAIGHT AND LEVEL,WET,NO DEFECTS,Y,WEATHER,BEAT_104,3,6,0,6,41.940244,-87.58302
2026-06-20 06:41:00,25,SNOW,"DARKNESS, LIGHTED ROAD",SIDESWIPE SAME DIRECTION,DIVIDED - W/MEDIAN,STRAIGHT ON GRADE,WET,"RUT, HOLES",N,FOLLOWING TOO CLOSELY,BEAT_112,2,6,0,6,42.052735,-87.484408
2026-06-20 17:13:00,35,CLEAR,DARKNESS,SIDESWIPE SAME DIRECTION,ONE-WAY,CURVE ON GRADE,DRY,NO DEFECTS,N,FOLLOWING TOO CLOSELY,BEAT_111,2,6,0,6,42.041366,-87.498987
2026-06-20 19:55:00,35,CLEAR,DAYLIGHT,ANGLE,DIVIDED - W/MEDIAN,STRAIGHT AND LEVEL,DRY,NO DEFECTS,N,FOLLOWING TOO CLOSELY,BEAT_116,4,6,0,6,42.118364,-87.434045
2026-06-20 20:23:00,45,RAIN,DAYLIGHT,REAR END,NOT DIVIDED,STRAIGHT AND LEVEL,WET,NO DEFECTS,Y,FOLLOWING TOO CLOSELY,BEAT_110,4,6,2,6,42.030747,-87.511156
2026-06-20 23:32:00,30,SEVERE RAIN,DAYLIGHT,ANGLE,NOT DIVIDED,STRAIGHT AND LEVEL,WET,NO DEFECTS,N,WEATHER,BEAT_119,2,6,0,6,42.159611,-87.404358
2026-06-21 00:01:00,25,SNOW,DAYLIGHT,REAR END,NOT DIVIDED,STRAIGHT AND LEVEL,WET,NO DEFECTS,Y,DRIVING SKILLS/KNOWLEDGE/EXPERIENCE,BEAT_118,2,6,0,7,42.147622,-87.412323