CRASH_DATE,POSTED_SPEED_LIMIT,WEATHER_CONDITION,LIGHTING_CONDITION,FIRST_CRASH_TYPE,TRAFFICWAY_TYPE,ALIGNMENT,ROADWAY_SURFACE_COND,ROAD_DEFECT,INTERSECTION_RELATED_I,PRIM_CONTRIBUTORY_CAUSE,BEAT_OF_OCCURRENCE,NUM_UNITS,CRASH_MONTH,INJURIES_TOTAL,CRASH_DAY_OF_WEEK,LATITUDE,LONGITUDE
2026-06-21 04:06:00,25,CLEAR,"DARKNESS, LIGHTED ROAD",FIXED OBJECT,DIVIDED - W/MEDIAN,STRAIGHT AND LEVEL,SNOW OR SLUSH,NO DEFECTS,N,DRIVING SKILLS/KNOWLEDGE/EXPERIENCE,BEAT_108,2,6,0,7,41.993379,-87.533556
2026-06-21 05:12:00,40,CLEAR,DAYLIGHT,SIDESWIPE SAME DIRECTION,DIVIDED - W/MEDIAN,STRAIGHT AND LEVEL,ICE,NO DEFECTS,N,FOLLOWING TOO CLOSELY,BEAT_101,2,6,0,7,41.896939,-87.611773
2026-06-21 05:48:00,25,CLEAR,DAYLIGHT,TURNING,DIVIDED - W/MEDIAN,STRAIGHT AND LEVEL,DRY,NO DEFECTS,Y,FOLLOWING TOO CLOSELY,BEAT_111,3,6,0,7,42.04639,-87.499824
2026-06-21 06:43:00,30,RAIN,DAYLIGHT,TURNING,NOT DIVIDED,STRAIGHT AND LEVEL,WET,NO DEFECTS,N,DRIVING SKILLS/KNOWLEDGE/EXPERIENCE,BEAT_103,2,6,2,7,41.923486,-87.593436
2026-06-21 07:02:00,55,CLEAR,DAYLIGHT,ANGLE,FOUR WAY INTERSECTION,STRAIGHT AND LEVEL,WET,NO DEFECTS,Y,FAILING TO YIELD RIGHT-OF-WAY,BEAT_113,2,6,1,7,42.068919,-87.473248
2026-06-21 15:53:00,30,CLEAR,DAYLIGHT,ANGLE,DIVIDED - W/MEDIAN,STRAIGHT AND LEVEL,DRY,NO DEFECTS,N,FAILING TO YIELD RIGHT-OF-WAY,BEAT_110,2,6,0,7,42.031017,-87.507182
2026-06-21 18:04:00,25,RAIN,DAYLIGHT,ANGLE,NOT DIVIDED,STRAIGHT AND LEVEL,SNOW OR SLUSH,NO DEFECTS,N,DRIVING SKILLS/KNOWLEDGE/EXPERIENCE,BEAT_112,2,6,1,7,42.0544,-87.485943
2026-06-21 19:43:00,25,SNOW,"DARKNESS, LIGHTED ROAD",REAR END,NOT DIVIDED,STRAIGHT AND LEVEL,WET,NO DEFECTS,Y,FAILING TO YIELD RIGHT-OF-WAY,BEAT_106,2,6,0,7,41.973333,-87.555809
2026-06-21 22:26:00,30,SEVERE RAIN,DAYLIGHT,REAR END,FOUR WAY INTERSECTION,STRAIGHT AND LEVEL,SNOW OR SLUSH,NO DEFECTS,Y,FAILING TO YIELD RIGHT-OF-WAY,BEAT_118,4,6,0,7,42.152415,-87.414717
2026-06-21 23:25:00,40,RAIN,DAYLIGHT,TURNING,NOT DIVIDED,STRAIGHT AND LEVEL,WET,"RUT, HOLES",N,FAILING TO YIELD RIGHT-OF-WAY,BEAT_117,1,6,0,7,42.131573,-87.419439
2026-06-22 05:02:00,35,CLEAR,DAYLIGHT,REAR END,NOT DIVIDED,STRAIGHT AND LEVEL,DRY,WORN SURFACE,N,FAILING TO YIELD RIGHT-OF-WAY,BEAT_106,2,6,0,1,41.969505,-87.557341
2026-06-22 06:13:00,25,CLEAR,DARKNESS,REAR END,DIVIDED - W/MEDIAN,STRAIGHT AND LEVEL,DRY,NO DEFECTS,Y,FOLLOWING TOO CLOSELY,BEAT_109,2,6,0,1,42.015766,-87.52338
2026-06-22 07:51:00,55,CLEAR,DAYLIGHT,SIDESWIPE SAME DIRECTION,DIVIDED - W/MEDIAN,STRAIGHT AND LEVEL,DRY,NO DEFECTS,Y,PHYSICAL CONDITION OF DRIVER,BEAT_111,2,6,1,1,42.040536,-87.493792
2026-06-22 09:26:00,30,CLEAR,DAYLIGHT,TURNING,FOUR WAY INTERSECTION,STRAIGHT AND LEVEL,WET,NO DEFECTS,N,FOLLOWING TOO CLOSELY,BEAT_116,2,6,0,1,42.11316,-87.442385
2026-06-22 10:12:00,25,RAIN,DAYLIGHT,TURNING,DIVIDED - W/MEDIAN,STRAIGHT ON GRADE,WET,NO DEFECTS,N,FAILING TO YIELD RIGHT-OF-WAY,BEAT_113,1,6,0,1,42.079358,-87.476844
2026-06-22 13:40:00,30,SNOW,DAYLIGHT,ANGLE,NOT DIVIDED,STRAIGHT AND LEVEL,WET,NO DEFECTS,N,WEATHER,BEAT_115,1,6,0,1,42.097548,-87.450784
2026-06-22 14:00:00,25,CLEAR,"DARKNESS, LIGHTED ROAD",REAR END,NOT DIVIDED,STRAIGHT AND LEVEL,DRY,NO DEFECTS,Y,FOLLOWING TOO CLOSELY,BEAT_115,2,6,0,1,42.101333,-87.44904
2026-06-22 16:18:00,20,CLEAR,"DARKNESS, LIGHTED ROAD",PEDESTRIAN,ONE-WAY,STRAIGHT AND LEVEL,DRY,NO DEFECTS,Y,FOLLOWING TOO CLOSELY,BEAT_108,2,6,1,1,41.993789,-87.53113
2026-06-22 16:25:00,30,CLEAR,DAYLIGHT,TURNING,NOT DIVIDED,STRAIGHT AND LEVEL,DRY,NO DEFECTS,Y,FOLLOWING TOO CLOSELY,BEAT_114,3,6,0,1,42.087056,-87.461204
2026-06-22 17:23:00,25,CLEAR,DAYLIGHT,TURNING,DIVIDED - W/MEDIAN,STRAIGHT AND LEVEL,SNOW OR SLUSH,NO DEFECTS,N,FAILING TO YIELD RIGHT-OF-WAY,BEAT_111,2,6,0,1,42.046234,-87.499641
2026-06-22 20:13:00,30,CLEAR,DAWN,REAR END,T-INTERSECTION,STRAIGHT AND LEVEL,"SAND, MUD, DIRT",NO DEFECTS,Y,IMPROPER OVERTAKING/PASSING,BEAT_105,2,6,0,1,41.950528,-87.571135
2026-06-22 22:51:00,25,RAIN,"DARKNESS, LIGHTED ROAD",REAR END,T-INTERSECTION,STRAIGHT AND LEVEL,WET,NO DEFECTS,Y,DRIVING SKILLS/KNOWLEDGE/EXPERIENCE,BEAT_117,1,6,2,1,42.138096,-87.426336
2026-06-23 03:03:00,40,CLEAR,DAYLIGHT,REAR END,NOT DIVIDED,STRAIGHT AND LEVEL,DRY,"RUT, HOLES",N,DRIVING SKILLS/KNOWLEDGE/EXPERIENCE,BEAT_114,2,6,0,2,42.084505,-87.456849
2026-06-23 03:31:00,25,CLEAR,DAYLIGHT,ANGLE,NOT DIVIDED,STRAIGHT AND LEVEL,DRY,NO DEFECTS,N,WEATHER,BEAT_111,3,6,0,2,42.040322,-87.500154
2026-06-23 06:40:00,30,CLEAR,DAYLIGHT,ANGLE,DIVIDED - W/MEDIAN,"CURVE, LEVEL",DRY,NO DEFECTS,N,FAILING TO YIELD RIGHT-OF-WAY,BEAT_120,2,6,0,2,42.18125,-87.386364
2026-06-23 09:38:00,20,CLEAR,DAYLIGHT,REAR END,NOT DIVIDED,STRAIGHT AND LEVEL,DRY,NO DEFECTS,Y,FOLLOWING TOO CLOSELY,BEAT_101,2,6,1,2,41.896474,-87.618401
2026-06-23 16:50:00,35,CLEAR,DAYLIGHT,SIDESWIPE SAME DIRECTION,FOUR WAY INTERSECTION,STRAIGHT AND LEVEL,DRY,NO DEFECTS,Y,DRIVING SKILLS/KNOWLEDGE/EXPERIENCE,BEAT_103,2,6,0,2,41.924289,-87.597155
2026-06-24 04:08:00,35,CLEAR,DAYLIGHT,PEDESTRIAN,DIVIDED - W/MEDIAN,STRAIGHT AND LEVEL,DRY,NO DEFECTS,N,DRIVING SKILLS/KNOWLEDGE/EXPERIENCE,BEAT_118,2,6,0,3,42.152965,-87.413837
2026-06-24 04:11:00,30,CLEAR,DARKNESS,REAR END,NOT DIVIDED,STRAIGHT AND LEVEL,DRY,DEBRIS ON ROAD,Y,FAILING TO YIELD RIGHT-OF-WAY,BEAT_105,2,6,1,3,41.955222,-87.566889
2026-06-24 06:42:00,25,CLEAR,DAYLIGHT,PARKED MOTOR VEHICLE,NOT DIVIDED,STRAIGHT AND LEVEL,WET,NO DEFECTS,Y,FAILING TO YIELD RIGHT-OF-WAY,BEAT_117,3,6,0,3,42.131539,-87.423724
2026-06-24 08:43:00,30,CLEAR,DAYLIGHT,REAR END,NOT DIVIDED,STRAIGHT AND LEVEL,DRY,NO DEFECTS,N,FAILING TO YIELD RIGHT-OF-WAY,BEAT_101,3,6,0,3,41.891553,-87.617884
2026-06-24 09:14:00,25,RAIN,DAYLIGHT,PEDESTRIAN,NOT DIVIDED,STRAIGHT AND LEVEL,WET,NO DEFECTS,N,FOLLOWING TOO CLOSELY,BEAT_117,2,6,1,3,42.133236,-87.425609
2026-06-24 16:03:00,35,CLEAR,DAYLIGHT,REAR END,DIVIDED - W/MEDIAN,STRAIGHT AND LEVEL,WET,NO DEFECTS,N,FAILING TO YIELD RIGHT-OF-WAY,BEAT_114,2,6,0,3,42.084539,-87.464655
2026-06-24 16:11:00,30,CLEAR,DARKNESS,PARKED MOTOR VEHICLE,NOT DIVIDED,STRAIGHT AND LEVEL,DRY,NO DEFECTS,Y,FAILING TO YIELD RIGHT-OF-WAY,BEAT_107,1,6,0,3,41.980652,-87.543446
2026-06-24 22:10:00,30,RAIN,DAYLIGHT,PEDESTRIAN,T-INTERSECTION,STRAIGHT AND LEVEL,WET,NO DEFECTS,N,FOLLOWING TOO CLOSELY,BEAT_101,2,6,0,3,41.892534,-87.620905
2026-06-24 22:43:00,20,CLEAR,DARKNESS,SIDESWIPE SAME DIRECTION,ONE-WAY,STRAIGHT AND LEVEL,DRY,"RUT, HOLES",N,IMPROPER OVERTAKING/PASSING,BEAT_120,2,6,0,3,42.176485,-87.390161
2026-06-25 00:48:00,30,SNOW,DAYLIGHT,REAR END,NOT DIVIDED,STRAIGHT AND LEVEL,WET,NO DEFECTS,Y,DISREGARDING TRAFFIC SIGNALS,BEAT_106,2,6,0,4,41.970219,-87.559
2026-06-25 02:45:00,30,CLEAR,DARKNESS,SIDESWIPE SAME DIRECTION,NOT DIVIDED,STRAIGHT AND LEVEL,DRY,NO DEFECTS,N,FAILING TO YIELD RIGHT-OF-WAY,BEAT_101,2,6,1,4,41.896064,-87.618483
2026-06-25 03:46:00,35,FOG/SMOKE/HAZE,DAYLIGHT,REAR END,DIVIDED - W/MEDIAN,STRAIGHT AND LEVEL,SNOW OR SLUSH,NO DEFECTS,N,FAILING TO YIELD RIGHT-OF-WAY,BEAT_117,2,6,0,4,42.135294,-87.422001
2026-06-25 11:21:00,30,CLEAR,DAYLIGHT,REAR END,FOUR WAY INTERSECTION,STRAIGHT AND LEVEL,WET,NO DEFECTS,Y,FAILING TO YIELD RIGHT-OF-WAY,BEAT_117,2,6,0,4,42.137016,-87.420903
2026-06-25 13:16:00,25,CLEAR,DAYLIGHT,PARKED MOTOR VEHICLE,FOUR WAY INTERSECTION,STRAIGHT AND LEVEL,DRY,NO DEFECTS,N,FOLLOWING TOO CLOSELY,BEAT_107,2,6,0,4,41.983425,-87.539402
2026-06-25 17:05:00,25,CLEAR,"DARKNESS, LIGHTED ROAD",TURNING,NOT DIVIDED,STRAIGHT AND LEVEL,DRY,"RUT, HOLES",Y,DRIVING SKILLS/KNOWLEDGE/EXPERIENCE,BEAT_105,2,6,0,4,41.955184,-87.572982
2026-06-26 02:07:00,20,CLEAR,DAYLIGHT,REAR END,DIVIDED - W/MEDIAN,"CURVE, LEVEL",DRY,NO DEFECTS,Y,IMPROPER OVERTAKING/PASSING,BEAT_120,2,6,0,5,42.17561,-87.387373
2026-06-26 04:30:00,35,CLEAR,DAYLIGHT,SIDESWIPE SAME DIRECTION,DIVIDED - W/MEDIAN,STRAIGHT AND LEVEL,DRY,SHOULDER DEFECT,N,FAILING TO YIELD RIGHT-OF-WAY,BEAT_105,2,6,0,5,41.956099,-87.56717
2026-06-26 07:05:00,30,CLEAR,"DARKNESS, LIGHTED ROAD",ANGLE,NOT DIVIDED,STRAIGHT AND LEVEL,DRY,DEBRIS ON ROAD,Y,WEATHER,BEAT_105,2,6,0,5,41.948775,-87.568689
2026-06-26 10:10:00,30,SNOW,"DARKNESS, LIGHTED ROAD",PARKED MOTOR VEHICLE,NOT DIVIDED,STRAIGHT AND LEVEL,WET,"RUT, HOLES",N,FOLLOWING TOO CLOSELY,BEAT_106,4,6,0,5,41.966636,-87.555342
2026-06-26 14:55:00,25,FOG/SMOKE/HAZE,DAYLIGHT,REAR END,ONE-WAY,STRAIGHT AND LEVEL,ICE,NO DEFECTS,N,IMPROPER OVERTAKING/PASSING,BEAT_116,2,6,0,5,42.113901,-87.441126
2026-06-26 16:10:00,30,CLEAR,"DARKNESS, LIGHTED ROAD",REAR END,ONE-WAY,CURVE ON GRADE,DRY,NO DEFECTS,Y,FOLLOWING TOO CLOSELY,BEAT_112,2,6,0,5,42.057798,-87.483945
2026-06-26 16:46:00,25,CLEAR,DAYLIGHT,REAR END,DIVIDED - W/MEDIAN,STRAIGHT AND LEVEL,WET,NO DEFECTS,Y,FAILING TO YIELD RIGHT-OF-WAY,BEAT_118,2,6,0,5,42.149669,-87.411394
2026-06-26 17:00:00,35,CLEAR,"DARKNESS, LIGHTED ROAD",PARKED MOTOR VEHICLE,DIVIDED - W/MEDIAN,STRAIGHT AND LEVEL,WET,NO DEFECTS,N,DISREGARDING TRAFFIC SIGNALS,BEAT_119,3,6,0,5,42.161675,-87.398279
2026-06-27 01:10:00,30,CLEAR,DAYLIGHT,ANGLE,DIVIDED - W/MEDIAN,STRAIGHT AND LEVEL,DRY,NO DEFECTS,Y,FAILING TO YIELD RIGHT-OF-WAY,BEAT_108,4,6,0,6,41.992971,-87.535471
2026-06-27 04:44:00,25,RAIN,"DARKNESS, LIGHTED ROAD",PARKED MOTOR VEHICLE,NOT DIVIDED,STRAIGHT ON GRADE,WET,NO DEFECTS,N,FOLLOWING TOO CLOSELY,BEAT_105,3,6,0,6,41.951934,-87.570959
2026-06-27 07:51:00,25,RAIN,DAYLIGHT,REAR END,ALLEY,STRAIGHT AND LEVEL,SNOW OR SLUSH,NO DEFECTS,N,FOLLOWING TOO CLOSELY,BEAT_101,4,6,0,6,41.887094,-87.619178
2026-06-27 09:15:00,45,CLEAR,DAYLIGHT,REAR END,NOT DIVIDED,STRAIGHT AND LEVEL,SNOW OR SLUSH,NO DEFECTS,Y,DRIVING SKILLS/KNOWLEDGE/EXPERIENCE,BEAT_101,2,6,2,6,41.89285,-87.621936
2026-06-27 10:18:00,35,RAIN,DAYLIGHT,REAR END,NOT DIVIDED,STRAIGHT AND LEVEL,WET,WORN SURFACE,N,DRIVING SKILLS/KNOWLEDGE/EXPERIENCE,BEAT_105,2,6,0,6,41.947608,-87.569198
2026-06-27 12:33:00,25,CLEAR,"DARKNESS, LIGHTED ROAD",REAR END,DIVIDED - W/MEDIAN,"CURVE, LEVEL",DRY,"RUT, HOLES",Y,DISREGARDING TRAFFIC SIGNALS,BEAT_116,2,6,1,6,42.122661,-87.435035
2026-06-27 13:36:00,50,CLEAR,"DARKNESS, LIGHTED ROAD",SIDESWIPE SAME DIRECTION,NOT DIVIDED,STRAIGHT AND LEVEL,DRY,NO DEFECTS,N,WEATHER,BEAT_105,1,6,0,6,41.95474,-87.571172
2026-06-27 14:54:00,35,CLEAR,DAYLIGHT,PARKED MOTOR VEHICLE,NOT DIVIDED,STRAIGHT AND LEVEL,DRY,NO DEFECTS,Y,IMPROPER OVERTAKING/PASSING,BEAT_107,2,6,1,6,41.981842,-87.546846
2026-06-27 15:18:00,30,CLEAR,DAYLIGHT,PARKED MOTOR VEHICLE,NOT DIVIDED,STRAIGHT AND LEVEL,DRY,NO DEFECTS,N,FAILING TO YIELD RIGHT-OF-WAY,BEAT_120,2,6,0,6,42.17999,-87.382804
2026-06-27 16:32:00,30,RAIN,"DARKNESS, LIGHTED ROAD",TURNING,DIVIDED - W/MEDIAN,STRAIGHT AND LEVEL,WET,NO DEFECTS,Y,FOLLOWING TOO CLOSELY,BEAT_116,2,6,0,6,42.124563,-87.441275
2026-06-27 17:12:00,35,CLEAR,DAYLIGHT,PARKED MOTOR VEHICLE,DIVIDED - W/MEDIAN,STRAIGHT AND LEVEL,DRY,NO DEFECTS,N,FOLLOWING TOO CLOSELY,BEAT_101,4,6,0,6,41.894382,-87.62127
2026-06-27 20:59:00,30,CLEAR,DAYLIGHT,PARKED MOTOR VEHICLE,ONE-WAY,STRAIGHT ON GRADE,WET,"RUT, HOLES",Y,WEATHER,BEAT_111,2,6,0,6,42.043956,-87.501804
2026-06-27 21:27:00,40,CLEAR,DAYLIGHT,TURNING,DIVIDED - W/MEDIAN,STRAIGHT AND LEVEL,DRY,NO DEFECTS,Y,FOLLOWING TOO CLOSELY,BEAT_114,2,6,0,6,42.085784,-87.464965
2026-06-28 00:21:00,45,CLEAR,DAYLIGHT,PEDESTRIAN,DIVIDED - W/MEDIAN,STRAIGHT AND LEVEL,DRY,NO DEFECTS,Y,WEATHER,BEAT_115,1,6,0,7,42.105442,-87.452164
2026-06-28 02:16:00,25,CLEAR,DAYLIGHT,PEDESTRIAN,DIVIDED - W/MEDIAN,STRAIGHT AND LEVEL,WET,NO DEFECTS,N,DRIVING SKILLS/KNOWLEDGE/EXPERIENCE,BEAT_114,2,6,0,7,42.087438,-87.464998
2026-06-28 08:28:00,20,CLEAR,DAYLIGHT,SIDESWIPE SAME DIRECTION,NOT DIVIDED,STRAIGHT AND LEVEL,DRY,NO DEFECTS,Y,FAILING TO YIELD RIGHT-OF-WAY,BEAT_108,2,6,0,7,41.9949,-87.533091
2026-06-28 10:00:00,25,RAIN,DAYLIGHT,ANGLE,NOT DIVIDED,STRAIGHT AND LEVEL,WET,NO DEFECTS,Y,FOLLOWING TOO CLOSELY,BEAT_109,4,6,0,7,42.011116,-87.522617
2026-06-28 14:08:00,25,CLEAR,DAYLIGHT,PEDESTRIAN,NOT DIVIDED,STRAIGHT AND LEVEL,DRY,NO DEFECTS,N,DRIVING SKILLS/KNOWLEDGE/EXPERIENCE,BEAT_114,2,6,0,7,42.088812,-87.458751
2026-06-28 15:16:00,25,SNOW,DAYLIGHT,REAR END,ONE-WAY,STRAIGHT AND LEVEL,WET,NO DEFECTS,N,FOLLOWING TOO CLOSELY,BEAT_113,4,6,0,7,42.073895,-87.472239
2026-06-28 20:48:00,20,CLEAR,"DARKNESS, LIGHTED ROAD",REAR END,ONE-WAY,STRAIGHT AND LEVEL,SNOW OR SLUSH,NO DEFECTS,N,FOLLOWING TOO CLOSELY,BEAT_104,2,6,2,7,41.939362,-87.585817
2026-06-28 21:04:00,40,CLEAR,"DARKNESS, LIGHTED ROAD",PARKED MOTOR VEHICLE,DIVIDED - W/MEDIAN,STRAIGHT AND LEVEL,DRY,NO DEFECTS,N,DRIVING SKILLS/KNOWLEDGE/EXPERIENCE,BEAT_113,2,6,0,7,42.074482,-87.478367
2026-06-28 21:41:00,20,RAIN,DARKNESS,PARKED MOTOR VEHICLE,NOT DIVIDED,STRAIGHT AND LEVEL,SNOW OR SLUSH,"RUT, HOLES",N,WEATHER,BEAT_108,2,6,1,7,41.999808,-87.533749
2026-06-28 23:34:00,35,CLEAR,"DARKNESS, LIGHTED ROAD",ANGLE,NOT DIVIDED,STRAIGHT AND LEVEL,DRY,NO DEFECTS,N,DRIVING SKILLS/KNOWLEDGE/EXPERIENCE,BEAT_108,2,6,0,7,41.996363,-87.530923
2026-06-29 00:06:00,35,CLEAR,DAYLIGHT,SIDESWIPE SAME DIRECTION,DIVIDED - W/MEDIAN,STRAIGHT AND LEVEL,DRY,NO DEFECTS,Y,FOLLOWING TOO CLOSELY,BEAT_108,1,6,1,1,41.999514,-87.535289
2026-06-29 03:14:00,30,CLEAR,"DARKNESS, LIGHTED ROAD",PARKED MOTOR VEHICLE,ONE-WAY,STRAIGHT AND LEVEL,DRY,NO DEFECTS,Y,WEATHER,BEAT_109,2,6,0,1,42.011066,-87.52388
2026-06-29 05:05:00,35,CLEAR,"DARKNESS, LIGHTED ROAD",SIDESWIPE SAME DIRECTION,NOT DIVIDED,STRAIGHT AND LEVEL,WET,NO DEFECTS,Y,FOLLOWING TOO CLOSELY,BEAT_108,2,6,0,1,41.996826,-87.530337
2026-06-29 07:27:00,45,CLEAR,DAYLIGHT,SIDESWIPE SAME DIRECTION,FOUR WAY INTERSECTION,STRAIGHT ON GRADE,DRY,NO DEFECTS,N,DRIVING SKILLS/KNOWLEDGE/EXPERIENCE,BEAT_115,2,6,1,1,42.101084,-87.452241
2026-06-29 07:54:00,25,RAIN,DAYLIGHT,ANGLE,DIVIDED - W/MEDIAN,STRAIGHT AND LEVEL,WET,"RUT, HOLES",Y,FAILING TO YIELD RIGHT-OF-WAY,BEAT_102,2,6,0,1,41.906123,-87.609298
2026-06-29 08:22:00,35,FOG/SMOKE/HAZE,"DARKNESS, LIGHTED ROAD",TURNING,DIVIDED - W/MEDIAN,STRAIGHT AND LEVEL,SNOW OR SLUSH,NO DEFECTS,Y,FOLLOWING TOO CLOSELY,BEAT_105,2,6,0,1,41.94882,-87.568303
2026-06-29 09:43:00,25,SNOW,DAWN,ANGLE,ONE-WAY,STRAIGHT AND LEVEL,WET,NO DEFECTS,Y,IMPROPER OVERTAKING/PASSING,BEAT_120,3,6,0,1,42.180269,-87.391161
2026-06-29 09:43:00,30,RAIN,DAYLIGHT,TURNING,NOT DIVIDED,STRAIGHT AND LEVEL,WET,WORN SURFACE,N,FOLLOWING TOO CLOSELY,BEAT_119,2,6,0,1,42.161509,-87.398229
2026-06-29 09:50:00,40,RAIN,DAYLIGHT,REAR END,DIVIDED - W/MEDIAN,STRAIGHT AND LEVEL,WET,NO DEFECTS,N,FAILING TO YIELD RIGHT-OF-WAY,BEAT_105,1,6,1,1,41.956513,-87.570551
2026-06-29 11:41:00,40,RAIN,DAYLIGHT,REAR END,NOT DIVIDED,STRAIGHT AND LEVEL,WET,"RUT, HOLES",N,WEATHER,BEAT_103,2,6,0,1,41.925703,-87.593568
2026-06-29 11:53:00,45,CLEAR,DAYLIGHT,FIXED OBJECT,NOT DIVIDED,STRAIGHT AND LEVEL,DRY,NO DEFECTS,Y,DRIVING SKILLS/KNOWLEDGE/EXPERIENCE,BEAT_106,2,6,0,1,41.969144,-87.555647
2026-06-29 15:11:00,25,CLEAR,"DARKNESS, LIGHTED ROAD",PEDESTRIAN,DIVIDED - W/MEDIAN,STRAIGHT AND LEVEL,WET,NO DEFECTS,Y,FOLLOWING TOO CLOSELY,BEAT_109,2,6,0,1,42.013098,-87.51821
2026-06-29 17:09:00,30,CLEAR,DAYLIGHT,REAR END,NOT DIVIDED,STRAIGHT AND LEVEL,WET,NO DEFECTS,Y,FAILING TO YIELD RIGHT-OF-WAY,BEAT_119,2,6,2,1,42.161117,-87.398578
2026-06-29 17:31:00,40,RAIN,DAYLIGHT,REAR END,ONE-WAY,STRAIGHT AND LEVEL,WET,NO DEFECTS,Y,WEATHER,BEAT_112,2,6,0,1,42.057561,-87.487975
2026-06-29 17:52:00,30,CLEAR,DAYLIGHT,PARKED MOTOR VEHICLE,ONE-WAY,"CURVE, LEVEL",WET,NO DEFECTS,N,IMPROPER OVERTAKING/PASSING,BEAT_110,2,6,0,1,42.026268,-87.510966
2026-06-30 06:10:00,25,SNOW,DAYLIGHT,FIXED OBJECT,NOT DIVIDED,"CURVE, LEVEL",WET,WORN SURFACE,N,FOLLOWING TOO CLOSELY,BEAT_114,2,6,0,2,42.089079,-87.459065
2026-06-30 07:50:00,30,CLEAR,"DARKNESS, LIGHTED ROAD",REAR END,T-INTERSECTION,STRAIGHT AND LEVEL,SNOW OR SLUSH,NO DEFECTS,Y,FAILING TO YIELD RIGHT-OF-WAY,BEAT_109,2,6,0,2,42.013534,-87.520129
2026-06-30 07:56:00,35,RAIN,"DARKNESS, LIGHTED ROAD",REAR END,ALLEY,STRAIGHT AND LEVEL,WET,NO DEFECTS,N,FAILING TO YIELD RIGHT-OF-WAY,BEAT_120,2,6,2,2,42.183111,-87.385223
2026-06-30 08:02:00,25,CLEAR,"DARKNESS, LIGHTED ROAD",TURNING,DIVIDED - W/MEDIAN,STRAIGHT AND LEVEL,WET,NO DEFECTS,N,WEATHER,BEAT_113,2,6,0,2,42.071883,-87.476197
2026-06-30 13:49:00,20,CLEAR,"DARKNESS, LIGHTED ROAD",REAR END,DIVIDED - W/MEDIAN,STRAIGHT AND LEVEL,WET,NO DEFECTS,N,FAILING TO YIELD RIGHT-OF-WAY,BEAT_105,3,6,0,2,41.951108,-87.565667
2026-06-30 14:07:00,25,CLEAR,DAYLIGHT,SIDESWIPE SAME DIRECTION,FOUR WAY INTERSECTION,STRAIGHT AND LEVEL,DRY,NO DEFECTS,Y,FAILING TO YIELD RIGHT-OF-WAY,BEAT_112,2,6,0,2,42.057933,-87.482525
2026-06-30 14:10:00,30,CLEAR,"DARKNESS, LIGHTED ROAD",PARKED MOTOR VEHICLE,ONE-WAY,STRAIGHT AND LEVEL,DRY,NO DEFECTS,Y,WEATHER,BEAT_113,1,6,0,2,42.07274,-87.477726
2026-06-30 14:30:00,25,CLEAR,DAYLIGHT,PARKED MOTOR VEHICLE,DIVIDED - W/MEDIAN,STRAIGHT AND LEVEL,DRY,NO DEFECTS,Y,DRIVING SKILLS/KNOWLEDGE/EXPERIENCE,BEAT_114,2,6,0,2,42.086734,-87.460095
2026-06-30 15:10:00,30,CLEAR,DAYLIGHT,REAR END,FOUR WAY INTERSECTION,STRAIGHT AND LEVEL,SNOW OR SLUSH,NO DEFECTS,N,DRIVING SKILLS/KNOWLEDGE/EXPERIENCE,BEAT_110,2,6,2,2,42.031393,-87.510493
2026-06-30 15:41:00,45,CLEAR,DAYLIGHT,ANGLE,DIVIDED - W/MEDIAN,STRAIGHT AND LEVEL,DRY,NO DEFECTS,N,FOLLOWING TOO CLOSELY,BEAT_109,2,6,0,2,42.010782,-87.515877
2026-06-30 15:45:00,30,CLEAR,"DARKNESS, LIGHTED ROAD",SIDESWIPE SAME DIRECTION,DIVIDED - W/MEDIAN,STRAIGHT AND LEVEL,WET,DEBRIS ON ROAD,N,DRIVING SKILLS/KNOWLEDGE/EXPERIENCE,BEAT_112,2,6,0,2,42.056635,-87.488877
2026-06-30 17:55:00,40,CLEAR,DAYLIGHT,SIDESWIPE SAME DIRECTION,FOUR WAY INTERSECTION,STRAIGHT AND LEVEL,DRY,NO DEFECTS,Y,FOLLOWING TOO CLOSELY,BEAT_113,2,6,0,2,42.071725,-87.476795
2026-06-30 19:09:00,25,CLEAR,"DARKNESS, LIGHTED ROAD",REAR END,NOT DIVIDED,STRAIGHT AND LEVEL,DRY,NO DEFECTS,Y,IMPROPER OVERTAKING/PASSING,BEAT_112,2,6,0,2,42.057336,-87.489208
2026-06-30 19:16:00,25,CLEAR,"DARKNESS, LIGHTED ROAD",REAR END,ONE-WAY,STRAIGHT AND LEVEL,DRY,NO DEFECTS,N,DRIVING SKILLS/KNOWLEDGE/EXPERIENCE,BEAT_111,2,6,0,2,42.051308,-87.496094
2026-06-30 20:43:00,25,CLEAR,DAYLIGHT,REAR END,FOUR WAY INTERSECTION,STRAIGHT ON GRADE,DRY,NO DEFECTS,N,FOLLOWING TOO CLOSELY,BEAT_103,2,6,0,2,41.921134,-87.590844