CRASH_DATE,POSTED_SPEED_LIMIT,WEATHER_CONDITION,LIGHTING_CONDITION,FIRST_CRASH_TYPE,TRAFFICWAY_TYPE,ALIGNMENT,ROADWAY_SURFACE_COND,ROAD_DEFECT,INTERSECTION_RELATED_I,PRIM_CONTRIBUTORY_CAUSE,BEAT_OF_OCCURRENCE,NUM_UNITS,CRASH_MONTH,INJURIES_TOTAL,CRASH_DAY_OF_WEEK,LATITUDE,LONGITUDE
2026-07-18 07:06:00,20,RAIN,DAYLIGHT,SIDESWIPE SAME DIRECTION,DIVIDED - W/MEDIAN,STRAIGHT AND LEVEL,WET,NO DEFECTS,N,DRIVING SKILLS/KNOWLEDGE/EXPERIENCE,BEAT_105,2,7,0,6,41.95356,-87.577703
2026-07-18 10:32:00,30,CLEAR,DAYLIGHT,SIDESWIPE SAME DIRECTION,FOUR WAY INTERSECTION,"CURVE, LEVEL",WET,DEBRIS ON ROAD,Y,FOLLOWING TOO CLOSELY,BEAT_102,2,7,0,6,41.906504,-87.605044
2026-07-18 13:24:00,40,RAIN,DARKNESS,SIDESWIPE SAME DIRECTION,T-INTERSECTION,STRAIGHT ON GRADE,WET,NO DEFECTS,Y,IMPROPER OVERTAKING/PASSING,BEAT_114,2,7,0,6,42.089554,-87.458784
2026-07-18 14:37:00,45,CLEAR,DAYLIGHT,PEDESTRIAN,NOT DIVIDED,STRAIGHT AND LEVEL,DRY,NO DEFECTS,Y,WEATHER,BEAT_112,1,7,1,6,42.054161,-87.485232
2026-07-18 17:43:00,20,CLEAR,DAYLIGHT,REAR END,NOT DIVIDED,STRAIGHT AND LEVEL,DRY,WORN SURFACE,N,FAILING TO YIELD RIGHT-OF-WAY,BEAT_114,2,7,0,6,42.089529,-87.461906
2026-07-18 22:42:00,30,RAIN,DAYLIGHT,SIDESWIPE SAME DIRECTION,FOUR WAY INTERSECTION,STRAIGHT AND LEVEL,WET,NO DEFECTS,Y,FAILING TO YIELD RIGHT-OF-WAY,BEAT_104,4,7,1,6,41.937708,-87.580416
2026-07-19 00:04:00,45,SEVERE RAIN,DARKNESS,REAR END,ALLEY,STRAIGHT AND LEVEL,WET,NO DEFECTS,Y,WEATHER,BEAT_111,1,7,0,7,42.042911,-87.500548
2026-07-19 00:40:00,20,RAIN,DAYLIGHT,SIDESWIPE SAME DIRECTION,ONE-WAY,STRAIGHT AND LEVEL,WET,"RUT, HOLES",N,PHYSICAL CONDITION OF DRIVER,BEAT_118,2,7,0,7,42.142931,-87.412511
2026-07-19 01:10:00,30,CLEAR,DAYLIGHT,REAR END,ONE-WAY,STRAIGHT AND LEVEL,DRY,NO DEFECTS,N,FAILING TO YIELD RIGHT-OF-WAY,BEAT_114,2,7,0,7,42.095712,-87.465996
2026-07-19 03:07:00,30,FOG/SMOKE/HAZE,DARKNESS,PEDESTRIAN,DIVIDED - W/MEDIAN,STRAIGHT AND LEVEL,WET,NO DEFECTS,N,WEATHER,BEAT_110,2,7,1,7,42.026501,-87.512139
2026-07-19 04:00:00,20,RAIN,DAYLIGHT,SIDESWIPE SAME DIRECTION,NOT DIVIDED,STRAIGHT AND LEVEL,WET,NO DEFECTS,Y,DRIVING SKILLS/KNOWLEDGE/EXPERIENCE,BEAT_103,3,7,0,7,41.927607,-87.594544
2026-07-19 06:07:00,55,CLEAR,DAYLIGHT,ANGLE,DIVIDED - W/MEDIAN,STRAIGHT AND LEVEL,DRY,"RUT, HOLES",N,IMPROPER OVERTAKING/PASSING,BEAT_115,3,7,0,7,42.108065,-87.450457
2026-07-19 09:06:00,25,CLEAR,DAYLIGHT,PARKED MOTOR VEHICLE,ONE-WAY,STRAIGHT AND LEVEL,DRY,NO DEFECTS,Y,DRIVING SKILLS/KNOWLEDGE/EXPERIENCE,BEAT_119,2,7,1,7,42.15955,-87.400988
2026-07-19 09:43:00,35,CLEAR,DAYLIGHT,REAR END,DIVIDED - W/MEDIAN,"CURVE, LEVEL",DRY,NO DEFECTS,N,DRIVING SKILLS/KNOWLEDGE/EXPERIENCE,BEAT_112,2,7,0,7,42.058241,-87.4843
2026-07-19 11:18:00,50,CLEAR,"DARKNESS, LIGHTED ROAD",ANGLE,NOT DIVIDED,STRAIGHT AND LEVEL,WET,NO DEFECTS,N,FOLLOWING TOO CLOSELY,BEAT_118,2,7,3,7,42.147847,-87.410972
2026-07-19 13:11:00,40,CLEAR,"DARKNESS, LIGHTED ROAD",SIDESWIPE SAME DIRECTION,NOT DIVIDED,STRAIGHT AND LEVEL,WET,NO DEFECTS,N,FOLLOWING TOO CLOSELY,BEAT_111,1,7,0,7,42.043255,-87.493677
2026-07-19 14:50:00,25,CLEAR,DAYLIGHT,REAR END,FOUR WAY INTERSECTION,STRAIGHT AND LEVEL,DRY,NO DEFECTS,N,FOLLOWING TOO CLOSELY,BEAT_109,2,7,1,7,42.013483,-87.519076
2026-07-19 15:52:00,25,CLEAR,"DARKNESS, LIGHTED ROAD",ANGLE,FOUR WAY INTERSECTION,STRAIGHT AND LEVEL,DRY,NO DEFECTS,N,PHYSICAL CONDITION OF DRIVER,BEAT_103,3,7,0,7,41.921921,-87.593729
2026-07-19 16:14:00,25,CLEAR,DAYLIGHT,PARKED MOTOR VEHICLE,T-INTERSECTION,STRAIGHT ON GRADE,DRY,NO DEFECTS,Y,FAILING TO YIELD RIGHT-OF-WAY,BEAT_120,3,7,0,7,42.180045,-87.393091
2026-07-19 17:57:00,20,RAIN,"DARKNESS, LIGHTED ROAD",REAR END,NOT DIVIDED,STRAIGHT ON GRADE,WET,NO DEFECTS,N,PHYSICAL CONDITION OF DRIVER,BEAT_109,2,7,2,7,42.01348,-87.521419
2026-07-19 19:05:00,25,RAIN,DAYLIGHT,SIDESWIPE SAME DIRECTION,DIVIDED - W/MEDIAN,STRAIGHT AND LEVEL,SNOW OR SLUSH,NO DEFECTS,N,DISREGARDING TRAFFIC SIGNALS,BEAT_116,1,7,2,7,42.115129,-87.434345
2026-07-19 20:09:00,30,SEVERE RAIN,DAYLIGHT,SIDESWIPE SAME DIRECTION,ONE-WAY,STRAIGHT AND LEVEL,WET,NO DEFECTS,Y,DRIVING SKILLS/KNOWLEDGE/EXPERIENCE,BEAT_103,2,7,0,7,41.925712,-87.594734
2026-07-19 22:10:00,45,CLEAR,DAYLIGHT,REAR END,NOT DIVIDED,STRAIGHT AND LEVEL,WET,NO DEFECTS,N,DRIVING SKILLS/KNOWLEDGE/EXPERIENCE,BEAT_108,2,7,1,7,41.997003,-87.530717
2026-07-20 01:57:00,30,SNOW,"DARKNESS, LIGHTED ROAD",SIDESWIPE SAME DIRECTION,T-INTERSECTION,STRAIGHT AND LEVEL,WET,NO DEFECTS,N,FOLLOWING TOO CLOSELY,BEAT_119,3,7,1,1,42.161225,-87.40374
2026-07-20 02:51:00,30,CLEAR,DAYLIGHT,REAR END,ONE-WAY,STRAIGHT AND LEVEL,DRY,"RUT, HOLES",Y,FAILING TO YIELD RIGHT-OF-WAY,BEAT_107,2,7,0,1,41.982129,-87.542199
2026-07-20 08:03:00,30,CLEAR,DAYLIGHT,TURNING,NOT DIVIDED,STRAIGHT AND LEVEL,DRY,"RUT, HOLES",Y,DRIVING SKILLS/KNOWLEDGE/EXPERIENCE,BEAT_103,2,7,0,1,41.92506,-87.585737
2026-07-20 10:57:00,35,CLEAR,DAYLIGHT,TURNING,DIVIDED - W/MEDIAN,STRAIGHT AND LEVEL,DRY,NO DEFECTS,Y,FOLLOWING TOO CLOSELY,BEAT_117,2,7,0,1,42.137708,-87.424007
2026-07-20 11:08:00,20,CLEAR,DAYLIGHT,REAR END,ONE-WAY,STRAIGHT AND LEVEL,DRY,NO DEFECTS,N,DRIVING SKILLS/KNOWLEDGE/EXPERIENCE,BEAT_101,2,7,0,1,41.891501,-87.616677
2026-07-20 21:40:00,25,CLEAR,"DARKNESS, LIGHTED ROAD",FIXED OBJECT,NOT DIVIDED,STRAIGHT AND LEVEL,DRY,NO DEFECTS,Y,FOLLOWING TOO CLOSELY,BEAT_118,1,7,0,1,42.144389,-87.413956
2026-07-20 21:54:00,30,CLEAR,"DARKNESS, LIGHTED ROAD",TURNING,DIVIDED - W/MEDIAN,CURVE ON GRADE,WET,NO DEFECTS,Y,FAILING TO YIELD RIGHT-OF-WAY,BEAT_112,2,7,0,1,42.061859,-87.486071
2026-07-21 01:12:00,25,RAIN,"DARKNESS, LIGHTED ROAD",ANGLE,ALLEY,STRAIGHT AND LEVEL,SNOW OR SLUSH,NO DEFECTS,N,FAILING TO YIELD RIGHT-OF-WAY,BEAT_106,2,7,0,2,41.96769,-87.55685
2026-07-21 01:29:00,30,CLEAR,DAYLIGHT,PEDESTRIAN,T-INTERSECTION,STRAIGHT AND LEVEL,WET,NO DEFECTS,Y,DRIVING SKILLS/KNOWLEDGE/EXPERIENCE,BEAT_119,1,7,0,2,42.161995,-87.401997
2026-07-21 01:45:00,30,CLEAR,DAYLIGHT,REAR END,FOUR WAY INTERSECTION,STRAIGHT AND LEVEL,DRY,NO DEFECTS,Y,FOLLOWING TOO CLOSELY,BEAT_112,2,7,0,2,42.057773,-87.483008
2026-07-21 03:13:00,25,CLEAR,DUSK,TURNING,FOUR WAY INTERSECTION,STRAIGHT AND LEVEL,DRY,NO DEFECTS,N,FAILING TO YIELD RIGHT-OF-WAY,BEAT_116,2,7,1,2,42.120338,-87.44331
2026-07-21 05:12:00,25,CLEAR,DAWN,REAR END,FOUR WAY INTERSECTION,STRAIGHT AND LEVEL,DRY,NO DEFECTS,Y,FAILING TO YIELD RIGHT-OF-WAY,BEAT_105,2,7,0,2,41.957165,-87.569107
2026-07-21 08:47:00,30,CLEAR,DAYLIGHT,PARKED MOTOR VEHICLE,DIVIDED - W/MEDIAN,STRAIGHT AND LEVEL,DRY,NO DEFECTS,N,WEATHER,BEAT_107,4,7,0,2,41.978308,-87.546022
2026-07-21 11:37:00,30,CLEAR,DAYLIGHT,REAR END,ONE-WAY,STRAIGHT AND LEVEL,WET,"RUT, HOLES",N,WEATHER,BEAT_107,2,7,0,2,41.984222,-87.545306
2026-07-21 12:22:00,30,RAIN,DAYLIGHT,FIXED OBJECT,DIVIDED - W/MEDIAN,STRAIGHT AND LEVEL,WET,DEBRIS ON ROAD,N,DRIVING SKILLS/KNOWLEDGE/EXPERIENCE,BEAT_119,2,7,0,2,42.169391,-87.400892
2026-07-21 16:34:00,20,RAIN,DAYLIGHT,TURNING,ONE-WAY,STRAIGHT AND LEVEL,WET,NO DEFECTS,N,DISREGARDING TRAFFIC SIGNALS,BEAT_109,2,7,1,2,42.014158,-87.523987
2026-07-21 18:10:00,30,CLEAR,DAYLIGHT,ANGLE,DIVIDED - W/MEDIAN,STRAIGHT AND LEVEL,DRY,NO DEFECTS,Y,FOLLOWING TOO CLOSELY,BEAT_112,1,7,0,2,42.058411,-87.485508
2026-07-21 18:47:00,40,CLEAR,DAYLIGHT,SIDESWIPE SAME DIRECTION,DIVIDED - W/MEDIAN,STRAIGHT ON GRADE,DRY,NO DEFECTS,N,FOLLOWING TOO CLOSELY,BEAT_109,2,7,0,2,42.014554,-87.520938
2026-07-22 00:08:00,50,CLEAR,"DARKNESS, LIGHTED ROAD",SIDESWIPE SAME DIRECTION,DIVIDED - W/MEDIAN,STRAIGHT AND LEVEL,DRY,NO DEFECTS,Y,DRIVING SKILLS/KNOWLEDGE/EXPERIENCE,BEAT_106,2,7,1,3,41.970586,-87.561276
2026-07-22 01:52:00,30,CLEAR,DAYLIGHT,REAR END,ONE-WAY,STRAIGHT AND LEVEL,SNOW OR SLUSH,NO DEFECTS,N,IMPROPER OVERTAKING/PASSING,BEAT_103,2,7,0,3,41.92437,-87.587331
2026-07-22 02:07:00,35,CLEAR,"DARKNESS, LIGHTED ROAD",SIDESWIPE SAME DIRECTION,NOT DIVIDED,"CURVE, LEVEL",DRY,NO DEFECTS,N,FOLLOWING TOO CLOSELY,BEAT_103,1,7,0,3,41.925514,-87.598854
2026-07-22 03:12:00,45,CLEAR,"DARKNESS, LIGHTED ROAD",SIDESWIPE SAME DIRECTION,NOT DIVIDED,STRAIGHT AND LEVEL,DRY,NO DEFECTS,N,FOLLOWING TOO CLOSELY,BEAT_101,2,7,0,3,41.898177,-87.616087
2026-07-22 06:28:00,35,CLEAR,DAYLIGHT,ANGLE,DIVIDED - W/MEDIAN,STRAIGHT AND LEVEL,DRY,NO DEFECTS,Y,WEATHER,BEAT_110,2,7,0,3,42.029043,-87.507362
2026-07-22 07:00:00,25,CLEAR,"DARKNESS, LIGHTED ROAD",ANGLE,DIVIDED - W/MEDIAN,STRAIGHT AND LEVEL,DRY,NO DEFECTS,Y,WEATHER,BEAT_102,1,7,1,3,41.908021,-87.603439
2026-07-22 08:12:00,30,CLEAR,"DARKNESS, LIGHTED ROAD",SIDESWIPE SAME DIRECTION,DIVIDED - W/MEDIAN,STRAIGHT AND LEVEL,SNOW OR SLUSH,NO DEFECTS,N,WEATHER,BEAT_117,3,7,0,3,42.133729,-87.425096
2026-07-22 08:40:00,45,FOG/SMOKE/HAZE,"DARKNESS, LIGHTED ROAD",SIDESWIPE SAME DIRECTION,NOT DIVIDED,STRAIGHT AND LEVEL,WET,NO DEFECTS,Y,DISREGARDING TRAFFIC SIGNALS,BEAT_105,3,7,0,3,41.951879,-87.567741
2026-07-22 09:00:00,30,CLEAR,DAYLIGHT,TURNING,ONE-WAY,STRAIGHT AND LEVEL,DRY,NO DEFECTS,Y,DRIVING SKILLS/KNOWLEDGE/EXPERIENCE,BEAT_102,2,7,0,3,41.910943,-87.606493
2026-07-22 09:15:00,50,RAIN,"DARKNESS, LIGHTED ROAD",SIDESWIPE SAME DIRECTION,ONE-WAY,STRAIGHT AND LEVEL,WET,NO DEFECTS,Y,FAILING TO YIELD RIGHT-OF-WAY,BEAT_106,2,7,0,3,41.962334,-87.556289
2026-07-22 15:58:00,30,CLEAR,"DARKNESS, LIGHTED ROAD",REAR END,NOT DIVIDED,"CURVE, LEVEL",DRY,NO DEFECTS,Y,FOLLOWING TOO CLOSELY,BEAT_104,2,7,0,3,41.934394,-87.585376
2026-07-22 16:25:00,30,CLEAR,"DARKNESS, LIGHTED ROAD",TURNING,DIVIDED - W/MEDIAN,STRAIGHT AND LEVEL,WET,DEBRIS ON ROAD,Y,DISREGARDING TRAFFIC SIGNALS,BEAT_109,2,7,1,3,42.013321,-87.525968
2026-07-22 18:26:00,35,CLEAR,DAYLIGHT,REAR END,ONE-WAY,STRAIGHT AND LEVEL,WET,NO DEFECTS,Y,DRIVING SKILLS/KNOWLEDGE/EXPERIENCE,BEAT_108,2,7,0,3,41.999536,-87.536823
2026-07-22 21:58:00,35,SNOW,DAWN,TURNING,DIVIDED - W/MEDIAN,STRAIGHT AND LEVEL,WET,NO DEFECTS,Y,FAILING TO YIELD RIGHT-OF-WAY,BEAT_107,2,7,0,3,41.980891,-87.545737
2026-07-23 01:37:00,30,CLEAR,DAYLIGHT,SIDESWIPE SAME DIRECTION,NOT DIVIDED,STRAIGHT AND LEVEL,DRY,"RUT, HOLES",Y,FAILING TO YIELD RIGHT-OF-WAY,BEAT_105,2,7,1,4,41.957489,-87.570173
2026-07-23 02:19:00,30,CLEAR,"DARKNESS, LIGHTED ROAD",ANGLE,FOUR WAY INTERSECTION,STRAIGHT AND LEVEL,WET,NO DEFECTS,N,IMPROPER OVERTAKING/PASSING,BEAT_117,2,7,1,4,42.13444,-87.4247
2026-07-23 07:07:00,25,CLEAR,DAYLIGHT,TURNING,DIVIDED - W/MEDIAN,STRAIGHT AND LEVEL,WET,NO DEFECTS,Y,DRIVING SKILLS/KNOWLEDGE/EXPERIENCE,BEAT_107,2,7,0,4,41.987329,-87.543282
2026-07-23 16:16:00,25,RAIN,DAYLIGHT,TURNING,FOUR WAY INTERSECTION,STRAIGHT AND LEVEL,WET,NO DEFECTS,Y,DISREGARDING TRAFFIC SIGNALS,BEAT_119,2,7,0,4,42.161817,-87.401499
2026-07-23 16:31:00,35,CLEAR,"DARKNESS, LIGHTED ROAD",SIDESWIPE SAME DIRECTION,DIVIDED - W/MEDIAN,STRAIGHT ON GRADE,DRY,SHOULDER DEFECT,N,DRIVING SKILLS/KNOWLEDGE/EXPERIENCE,BEAT_115,2,7,1,4,42.099323,-87.446622
2026-07-23 18:46:00,40,CLEAR,"DARKNESS, LIGHTED ROAD",REAR END,DIVIDED - W/MEDIAN,STRAIGHT AND LEVEL,WET,NO DEFECTS,N,FAILING TO YIELD RIGHT-OF-WAY,BEAT_108,2,7,0,4,42.000835,-87.535726
2026-07-23 20:43:00,35,SNOW,DAYLIGHT,REAR END,FOUR WAY INTERSECTION,STRAIGHT AND LEVEL,WET,NO DEFECTS,Y,FOLLOWING TOO CLOSELY,BEAT_117,2,7,0,4,42.135955,-87.428039
2026-07-23 20:58:00,30,CLEAR,DAYLIGHT,ANGLE,ALLEY,STRAIGHT AND LEVEL,SNOW OR SLUSH,NO DEFECTS,N,WEATHER,BEAT_119,3,7,0,4,42.16582,-87.400582
2026-07-23 21:20:00,35,CLEAR,DAYLIGHT,SIDESWIPE SAME DIRECTION,DIVIDED - W/MEDIAN,STRAIGHT AND LEVEL,WET,NO DEFECTS,N,FOLLOWING TOO CLOSELY,BEAT_110,2,7,0,4,42.023004,-87.51226
2026-07-23 22:26:00,45,CLEAR,DAYLIGHT,FIXED OBJECT,T-INTERSECTION,STRAIGHT AND LEVEL,DRY,NO DEFECTS,N,PHYSICAL CONDITION OF DRIVER,BEAT_119,2,7,1,4,42.165051,-87.398366
2026-07-23 23:27:00,25,FOG/SMOKE/HAZE,DAYLIGHT,SIDESWIPE SAME DIRECTION,NOT DIVIDED,STRAIGHT AND LEVEL,WET,"RUT, HOLES",N,WEATHER,BEAT_109,3,7,0,4,42.01659,-87.529362
2026-07-24 01:33:00,25,CLEAR,"DARKNESS, LIGHTED ROAD",TURNING,ONE-WAY,STRAIGHT AND LEVEL,DRY,NO DEFECTS,N,FAILING TO YIELD RIGHT-OF-WAY,BEAT_116,2,7,0,5,42.112061,-87.436566
2026-07-24 06:11:00,25,CLEAR,DAYLIGHT,REAR END,NOT DIVIDED,STRAIGHT AND LEVEL,DRY,"RUT, HOLES",Y,WEATHER,BEAT_108,2,7,0,5,42.002093,-87.531504
2026-07-24 07:10:00,30,CLEAR,DUSK,ANGLE,T-INTERSECTION,STRAIGHT AND LEVEL,SNOW OR SLUSH,NO DEFECTS,Y,FOLLOWING TOO CLOSELY,BEAT_119,2,7,0,5,42.159839,-87.407665
2026-07-24 08:00:00,30,CLEAR,"DARKNESS, LIGHTED ROAD",REAR END,NOT DIVIDED,STRAIGHT AND LEVEL,WET,NO DEFECTS,Y,FAILING TO YIELD RIGHT-OF-WAY,BEAT_115,2,7,0,5,42.09973,-87.454316
2026-07-24 10:15:00,40,RAIN,DAYLIGHT,TURNING,FOUR WAY INTERSECTION,STRAIGHT AND LEVEL,WET,NO DEFECTS,N,FOLLOWING TOO CLOSELY,BEAT_118,2,7,0,5,42.148868,-87.417044
2026-07-24 11:37:00,30,CLEAR,DAYLIGHT,ANGLE,ONE-WAY,STRAIGHT ON GRADE,DRY,NO DEFECTS,Y,FAILING TO YIELD RIGHT-OF-WAY,BEAT_120,2,7,0,5,42.180262,-87.392959
2026-07-24 12:16:00,30,RAIN,"DARKNESS, LIGHTED ROAD",ANGLE,DIVIDED - W/MEDIAN,"CURVE, LEVEL",SNOW OR SLUSH,NO DEFECTS,Y,FOLLOWING TOO CLOSELY,BEAT_119,1,7,0,5,42.156874,-87.403227
2026-07-24 20:40:00,50,CLEAR,"DARKNESS, LIGHTED ROAD",SIDESWIPE SAME DIRECTION,ALLEY,STRAIGHT AND LEVEL,SNOW OR SLUSH,NO DEFECTS,Y,FOLLOWING TOO CLOSELY,BEAT_102,2,7,0,5,41.905265,-87.611167
2026-07-24 21:39:00,30,CLEAR,DAYLIGHT,TURNING,DIVIDED - W/MEDIAN,STRAIGHT AND LEVEL,WET,NO DEFECTS,N,FOLLOWING TOO CLOSELY,BEAT_115,2,7,0,5,42.102857,-87.449185
2026-07-24 21:53:00,30,CLEAR,DAYLIGHT,PARKED MOTOR VEHICLE,DIVIDED - W/MEDIAN,STRAIGHT AND LEVEL,WET,NO DEFECTS,Y,FAILING TO YIELD RIGHT-OF-WAY,BEAT_101,2,7,0,5,41.894643,-87.62188
2026-07-25 00:12:00,30,CLEAR,"DARKNESS, LIGHTED ROAD",SIDESWIPE SAME DIRECTION,DIVIDED - W/MEDIAN,STRAIGHT AND LEVEL,DRY,"RUT, HOLES",N,FAILING TO YIELD RIGHT-OF-WAY,BEAT_120,2,7,0,6,42.176805,-87.392386
2026-07-25 01:53:00,25,CLEAR,DAYLIGHT,SIDESWIPE SAME DIRECTION,DIVIDED - W/MEDIAN,STRAIGHT AND LEVEL,WET,NO DEFECTS,Y,FOLLOWING TOO CLOSELY,BEAT_117,2,7,2,6,42.138084,-87.425169
2026-07-25 02:48:00,30,RAIN,"DARKNESS, LIGHTED ROAD",SIDESWIPE SAME DIRECTION,ONE-WAY,STRAIGHT AND LEVEL,WET,WORN SURFACE,Y,WEATHER,BEAT_103,1,7,1,6,41.926734,-87.591404
2026-07-25 04:21:00,35,CLEAR,DAYLIGHT,PARKED MOTOR VEHICLE,NOT DIVIDED,STRAIGHT AND LEVEL,WET,NO DEFECTS,N,IMPROPER OVERTAKING/PASSING,BEAT_102,1,7,0,6,41.904341,-87.603345
2026-07-25 07:54:00,35,CLEAR,"DARKNESS, LIGHTED ROAD",TURNING,DIVIDED - W/MEDIAN,STRAIGHT AND LEVEL,DRY,NO DEFECTS,N,FOLLOWING TOO CLOSELY,BEAT_110,2,7,1,6,42.02128,-87.509489
2026-07-25 09:36:00,20,CLEAR,DAYLIGHT,PARKED MOTOR VEHICLE,NOT DIVIDED,STRAIGHT AND LEVEL,DRY,NO DEFECTS,N,DRIVING SKILLS/KNOWLEDGE/EXPERIENCE,BEAT_115,2,7,0,6,42.106228,-87.452649
2026-07-25 13:31:00,25,RAIN,"DARKNESS, LIGHTED ROAD",PEDESTRIAN,NOT DIVIDED,STRAIGHT AND LEVEL,WET,NO DEFECTS,Y,FAILING TO YIELD RIGHT-OF-WAY,BEAT_109,2,7,0,6,42.019919,-87.518138
2026-07-25 13:42:00,35,RAIN,DARKNESS,SIDESWIPE SAME DIRECTION,DIVIDED - W/MEDIAN,STRAIGHT AND LEVEL,WET,NO DEFECTS,N,DRIVING SKILLS/KNOWLEDGE/EXPERIENCE,BEAT_120,2,7,0,6,42.180487,-87.385721
2026-07-25 15:30:00,30,RAIN,"DARKNESS, LIGHTED ROAD",PARKED MOTOR VEHICLE,NOT DIVIDED,STRAIGHT AND LEVEL,SNOW OR SLUSH,NO DEFECTS,Y,WEATHER,BEAT_109,2,7,0,6,42.010266,-87.520637
2026-07-25 20:59:00,25,RAIN,"DARKNESS, LIGHTED ROAD",REAR END,DIVIDED - W/MEDIAN,STRAIGHT AND LEVEL,WET,NO DEFECTS,N,FAILING TO YIELD RIGHT-OF-WAY,BEAT_102,1,7,0,6,41.906481,-87.610296
2026-07-25 23:12:00,30,CLEAR,DAYLIGHT,TURNING,FOUR WAY INTERSECTION,STRAIGHT AND LEVEL,SNOW OR SLUSH,NO DEFECTS,Y,FOLLOWING TOO CLOSELY,BEAT_107,2,7,0,6,41.982115,-87.547393
2026-07-26 02:10:00,50,RAIN,DUSK,PEDESTRIAN,NOT DIVIDED,STRAIGHT AND LEVEL,SNOW OR SLUSH,NO DEFECTS,N,FAILING TO YIELD RIGHT-OF-WAY,BEAT_103,2,7,0,7,41.914809,-87.588943
2026-07-26 03:19:00,25,RAIN,"DARKNESS, LIGHTED ROAD",REAR END,ONE-WAY,STRAIGHT AND LEVEL,WET,WORN SURFACE,N,IMPROPER OVERTAKING/PASSING,BEAT_103,2,7,0,7,41.92193,-87.592376
2026-07-26 07:42:00,30,CLEAR,"DARKNESS, LIGHTED ROAD",TURNING,NOT DIVIDED,STRAIGHT AND LEVEL,WET,NO DEFECTS,N,FOLLOWING TOO CLOSELY,BEAT_116,2,7,0,7,42.115702,-87.437201
2026-07-26 07:58:00,45,CLEAR,DAWN,PEDESTRIAN,NOT DIVIDED,STRAIGHT AND LEVEL,DRY,NO DEFECTS,N,IMPROPER OVERTAKING/PASSING,BEAT_111,1,7,0,7,42.041947,-87.496238
2026-07-26 09:27:00,20,CLEAR,DAYLIGHT,REAR END,ONE-WAY,STRAIGHT AND LEVEL,DRY,NO DEFECTS,N,FOLLOWING TOO CLOSELY,BEAT_120,2,7,0,7,42.176546,-87.393796
2026-07-26 12:43:00,40,CLEAR,DAYLIGHT,PARKED MOTOR VEHICLE,DIVIDED - W/MEDIAN,"CURVE, LEVEL",DRY,NO DEFECTS,N,DISREGARDING TRAFFIC SIGNALS,BEAT_115,1,7,0,7,42.10648,-87.45426
2026-07-26 12:59:00,20,CLEAR,DAYLIGHT,TURNING,DIVIDED - W/MEDIAN,"CURVE, LEVEL",DRY,NO DEFECTS,Y,DISREGARDING TRAFFIC SIGNALS,BEAT_102,2,7,0,7,41.911658,-87.601179
2026-07-26 13:03:00,25,RAIN,DAYLIGHT,SIDESWIPE SAME DIRECTION,NOT DIVIDED,STRAIGHT AND LEVEL,WET,NO DEFECTS,Y,IMPROPER OVERTAKING/PASSING,BEAT_114,2,7,1,7,42.086561,-87.458242
2026-07-26 15:23:00,30,CLEAR,DAYLIGHT,PEDESTRIAN,DIVIDED - W/MEDIAN,STRAIGHT AND LEVEL,WET,WORN SURFACE,Y,FAILING TO YIELD RIGHT-OF-WAY,BEAT_116,1,7,0,7,42.120377,-87.437
2026-07-26 19:43:00,25,CLEAR,DAYLIGHT,SIDESWIPE SAME DIRECTION,ONE-WAY,STRAIGHT AND LEVEL,WET,NO DEFECTS,N,IMPROPER OVERTAKING/PASSING,BEAT_104,3,7,0,7,41.939428,-87.581674
2026-07-26 19:55:00,30,CLEAR,"DARKNESS, LIGHTED ROAD",SIDESWIPE SAME DIRECTION,ONE-WAY,STRAIGHT AND LEVEL,DRY,NO DEFECTS,Y,DRIVING SKILLS/KNOWLEDGE/EXPERIENCE,BEAT_119,2,7,0,7,42.169439,-87.397673
2026-07-26 22:25:00,30,CLEAR,DAYLIGHT,REAR END,DIVIDED - W/MEDIAN,STRAIGHT AND LEVEL,WET,WORN SURFACE,N,WEATHER,BEAT_103,2,7,0,7,41.92507,-87.60008
2026-07-26 23:17:00,30,CLEAR,DAYLIGHT,REAR END,DIVIDED - W/MEDIAN,STRAIGHT AND LEVEL,DRY,NO DEFECTS,Y,WEATHER,BEAT_117,2,7,0,7,42.130367,-87.42357
2026-07-26 23:48:00,55,CLEAR,"DARKNESS, LIGHTED ROAD",REAR END,NOT DIVIDED,STRAIGHT ON GRADE,DRY,SHOULDER DEFECT,N,WEATHER,BEAT_119,2,7,0,7,42.165055,-87.402057
2026-07-27 06:28:00,30,SEVERE RAIN,DAYLIGHT,REAR END,NOT DIVIDED,STRAIGHT AND LEVEL,WET,NO DEFECTS,Y,FAILING TO YIELD RIGHT-OF-WAY,BEAT_113,2,7,0,1,42.068575,-87.474554
2026-07-27 06:34:00,35,RAIN,DAYLIGHT,SIDESWIPE SAME DIRECTION,T-INTERSECTION,STRAIGHT AND LEVEL,WET,WORN SURFACE,N,FAILING TO YIELD RIGHT-OF-WAY,BEAT_110,3,7,0,1,42.028515,-87.510478