CRASH_DATE,POSTED_SPEED_LIMIT,WEATHER_CONDITION,LIGHTING_CONDITION,FIRST_CRASH_TYPE,TRAFFICWAY_TYPE,ALIGNMENT,ROADWAY_SURFACE_COND,ROAD_DEFECT,INTERSECTION_RELATED_I,PRIM_CONTRIBUTORY_CAUSE,BEAT_OF_OCCURRENCE,NUM_UNITS,CRASH_MONTH,INJURIES_TOTAL,CRASH_DAY_OF_WEEK,LATITUDE,LONGITUDE
2026-08-05 05:05:00,35,SNOW,DAYLIGHT,REAR END,DIVIDED - W/MEDIAN,STRAIGHT AND LEVEL,WET,NO DEFECTS,N,IMPROPER OVERTAKING/PASSING,BEAT_120,2,8,0,3,42.179281,-87.392181
2026-08-05 06:10:00,30,CLEAR,"DARKNESS, LIGHTED ROAD",PARKED MOTOR VEHICLE,DIVIDED - W/MEDIAN,CURVE ON GRADE,WET,NO DEFECTS,N,WEATHER,BEAT_106,3,8,0,3,41.96664,-87.554497
2026-08-05 14:46:00,35,CLEAR,DAYLIGHT,SIDESWIPE SAME DIRECTION,NOT DIVIDED,STRAIGHT AND LEVEL,DRY,NO DEFECTS,N,DRIVING SKILLS/KNOWLEDGE/EXPERIENCE,BEAT_110,1,8,0,3,42.02839,-87.513849
2026-08-05 17:13:00,20,RAIN,DARKNESS,SIDESWIPE SAME DIRECTION,NOT DIVIDED,STRAIGHT AND LEVEL,WET,NO DEFECTS,Y,PHYSICAL CONDITION OF DRIVER,BEAT_111,2,8,0,3,42.04355,-87.49577
2026-08-05 23:30:00,25,RAIN,DAYLIGHT,SIDESWIPE SAME DIRECTION,T-INTERSECTION,STRAIGHT AND LEVEL,WET,NO DEFECTS,N,FOLLOWING TOO CLOSELY,BEAT_117,2,8,0,3,42.12672,-87.419861
2026-08-05 23:31:00,30,CLEAR,DAYLIGHT,TURNING,NOT DIVIDED,STRAIGHT AND LEVEL,DRY,DEBRIS ON ROAD,N,FOLLOWING TOO CLOSELY,BEAT_105,2,8,0,3,41.957624,-87.569943
2026-08-06 03:10:00,30,CLEAR,"DARKNESS, LIGHTED ROAD",TURNING,NOT DIVIDED,STRAIGHT AND LEVEL,DRY,"RUT, HOLES",Y,DRIVING SKILLS/KNOWLEDGE/EXPERIENCE,BEAT_105,2,8,0,4,41.951685,-87.56914
2026-08-06 08:40:00,50,CLEAR,DAYLIGHT,REAR END,NOT DIVIDED,STRAIGHT AND LEVEL,WET,NO DEFECTS,N,DISREGARDING TRAFFIC SIGNALS,BEAT_117,2,8,0,4,42.131939,-87.427302
2026-08-06 10:47:00,40,RAIN,DAYLIGHT,TURNING,ONE-WAY,STRAIGHT AND LEVEL,WET,"RUT, HOLES",Y,PHYSICAL CONDITION OF DRIVER,BEAT_112,2,8,1,4,42.059661,-87.486015
2026-08-06 12:35:00,35,CLEAR,DAYLIGHT,ANGLE,NOT DIVIDED,"CURVE, LEVEL",DRY,NO DEFECTS,N,IMPROPER OVERTAKING/PASSING,BEAT_116,2,8,0,4,42.115958,-87.433899
2026-08-06 12:39:00,30,RAIN,DARKNESS,TURNING,NOT DIVIDED,STRAIGHT AND LEVEL,SNOW OR SLUSH,NO DEFECTS,Y,DRIVING SKILLS/KNOWLEDGE/EXPERIENCE,BEAT_118,2,8,0,4,42.147491,-87.413659
2026-08-06 12:48:00,35,CLEAR,DAYLIGHT,REAR END,ONE-WAY,STRAIGHT AND LEVEL,DRY,NO DEFECTS,N,FAILING TO YIELD RIGHT-OF-WAY,BEAT_104,2,8,0,4,41.945142,-87.57876
2026-08-06 15:24:00,40,CLEAR,DAYLIGHT,SIDESWIPE SAME DIRECTION,FOUR WAY INTERSECTION,STRAIGHT AND LEVEL,DRY,NO DEFECTS,Y,IMPROPER OVERTAKING/PASSING,BEAT_101,2,8,0,4,41.894238,-87.615542
2026-08-06 17:35:00,55,RAIN,DUSK,TURNING,NOT DIVIDED,STRAIGHT AND LEVEL,SNOW OR SLUSH,NO DEFECTS,Y,PHYSICAL CONDITION OF DRIVER,BEAT_120,2,8,0,4,42.18007,-87.39374
2026-08-06 19:35:00,45,CLEAR,DAYLIGHT,TURNING,T-INTERSECTION,STRAIGHT ON GRADE,DRY,NO DEFECTS,Y,DRIVING SKILLS/KNOWLEDGE/EXPERIENCE,BEAT_118,3,8,1,4,42.145766,-87.414143
2026-08-07 00:56:00,35,CLEAR,DAYLIGHT,ANGLE,NOT DIVIDED,STRAIGHT AND LEVEL,DRY,"RUT, HOLES",Y,FOLLOWING TOO CLOSELY,BEAT_117,1,8,0,5,42.128744,-87.431156
2026-08-07 03:47:00,25,RAIN,DAYLIGHT,REAR END,DIVIDED - W/MEDIAN,STRAIGHT AND LEVEL,ICE,NO DEFECTS,Y,DISREGARDING TRAFFIC SIGNALS,BEAT_105,2,8,0,5,41.950036,-87.572446
2026-08-07 04:48:00,30,SNOW,DAYLIGHT,ANGLE,ONE-WAY,STRAIGHT AND LEVEL,WET,NO DEFECTS,Y,IMPROPER OVERTAKING/PASSING,BEAT_105,2,8,0,5,41.951399,-87.576212
2026-08-07 11:45:00,30,RAIN,DAYLIGHT,ANGLE,NOT DIVIDED,STRAIGHT AND LEVEL,WET,NO DEFECTS,N,DRIVING SKILLS/KNOWLEDGE/EXPERIENCE,BEAT_109,1,8,3,5,42.013188,-87.525275
2026-08-07 12:35:00,30,CLEAR,"DARKNESS, LIGHTED ROAD",SIDESWIPE SAME DIRECTION,NOT DIVIDED,CURVE ON GRADE,DRY,"RUT, HOLES",Y,IMPROPER OVERTAKING/PASSING,BEAT_112,2,8,0,5,42.056055,-87.486797
2026-08-07 14:33:00,25,CLEAR,DAYLIGHT,REAR END,NOT DIVIDED,STRAIGHT AND LEVEL,DRY,NO DEFECTS,Y,FOLLOWING TOO CLOSELY,BEAT_111,2,8,0,5,42.041046,-87.497238
2026-08-07 16:11:00,25,CLEAR,DAYLIGHT,REAR END,DIVIDED - W/MEDIAN,STRAIGHT AND LEVEL,SNOW OR SLUSH,NO DEFECTS,Y,IMPROPER OVERTAKING/PASSING,BEAT_107,1,8,0,5,41.980614,-87.547788
2026-08-07 16:22:00,30,CLEAR,DAYLIGHT,TURNING,DIVIDED - W/MEDIAN,STRAIGHT AND LEVEL,DRY,NO DEFECTS,N,FOLLOWING TOO CLOSELY,BEAT_113,2,8,0,5,42.072511,-87.478255
2026-08-07 17:20:00,30,CLEAR,"DARKNESS, LIGHTED ROAD",SIDESWIPE SAME DIRECTION,DIVIDED - W/MEDIAN,STRAIGHT AND LEVEL,DRY,NO DEFECTS,Y,WEATHER,BEAT_101,2,8,3,5,41.89118,-87.619364
2026-08-08 01:08:00,35,CLEAR,DAYLIGHT,SIDESWIPE SAME DIRECTION,DIVIDED - W/MEDIAN,STRAIGHT AND LEVEL,DRY,NO DEFECTS,Y,WEATHER,BEAT_106,2,8,0,6,41.965114,-87.551662
2026-08-08 01:50:00,30,CLEAR,DAYLIGHT,REAR END,NOT DIVIDED,STRAIGHT AND LEVEL,WET,"RUT, HOLES",Y,DISREGARDING TRAFFIC SIGNALS,BEAT_119,2,8,1,6,42.161527,-87.401201
2026-08-08 05:45:00,25,CLEAR,"DARKNESS, LIGHTED ROAD",ANGLE,FOUR WAY INTERSECTION,STRAIGHT AND LEVEL,DRY,NO DEFECTS,Y,PHYSICAL CONDITION OF DRIVER,BEAT_111,2,8,0,6,42.041878,-87.499981
2026-08-08 05:56:00,25,CLEAR,DAYLIGHT,SIDESWIPE SAME DIRECTION,FOUR WAY INTERSECTION,STRAIGHT ON GRADE,DRY,NO DEFECTS,N,PHYSICAL CONDITION OF DRIVER,BEAT_104,1,8,0,6,41.932911,-87.581456
2026-08-08 06:33:00,40,CLEAR,DARKNESS,TURNING,DIVIDED - W/MEDIAN,STRAIGHT AND LEVEL,WET,NO DEFECTS,N,WEATHER,BEAT_119,2,8,0,6,42.16202,-87.398999
2026-08-08 06:56:00,35,CLEAR,DAYLIGHT,REAR END,NOT DIVIDED,STRAIGHT AND LEVEL,DRY,NO DEFECTS,N,FAILING TO YIELD RIGHT-OF-WAY,BEAT_117,2,8,1,6,42.137862,-87.423805
2026-08-08 07:04:00,30,RAIN,DAYLIGHT,SIDESWIPE SAME DIRECTION,ONE-WAY,STRAIGHT AND LEVEL,WET,NO DEFECTS,N,IMPROPER OVERTAKING/PASSING,BEAT_114,2,8,0,6,42.090468,-87.463488
2026-08-08 08:38:00,35,CLEAR,DAWN,REAR END,NOT DIVIDED,STRAIGHT AND LEVEL,DRY,"RUT, HOLES",N,DISREGARDING TRAFFIC SIGNALS,BEAT_115,2,8,1,6,42.10317,-87.451203
2026-08-08 11:43:00,30,RAIN,DAYLIGHT,ANGLE,NOT DIVIDED,STRAIGHT AND LEVEL,WET,WORN SURFACE,N,FOLLOWING TOO CLOSELY,BEAT_113,2,8,0,6,42.072078,-87.475375
2026-08-08 13:07:00,25,SNOW,"DARKNESS, LIGHTED ROAD",REAR END,ALLEY,STRAIGHT AND LEVEL,SNOW OR SLUSH,NO DEFECTS,Y,FOLLOWING TOO CLOSELY,BEAT_118,2,8,0,6,42.143472,-87.415393
2026-08-08 14:45:00,25,CLEAR,DAYLIGHT,ANGLE,NOT DIVIDED,STRAIGHT ON GRADE,WET,NO DEFECTS,N,FAILING TO YIELD RIGHT-OF-WAY,BEAT_111,3,8,0,6,42.046051,-87.49748
2026-08-08 19:37:00,35,CLEAR,DAWN,ANGLE,NOT DIVIDED,"CURVE, LEVEL",DRY,NO DEFECTS,N,PHYSICAL CONDITION OF DRIVER,BEAT_104,2,8,0,6,41.933742,-87.584222
2026-08-08 20:07:00,30,CLEAR,DAYLIGHT,SIDESWIPE SAME DIRECTION,NOT DIVIDED,STRAIGHT ON GRADE,DRY,NO DEFECTS,N,FAILING TO YIELD RIGHT-OF-WAY,BEAT_102,2,8,0,6,41.90247,-87.609275
2026-08-08 20:10:00,25,RAIN,DAYLIGHT,ANGLE,DIVIDED - W/MEDIAN,STRAIGHT AND LEVEL,WET,NO DEFECTS,Y,DRIVING SKILLS/KNOWLEDGE/EXPERIENCE,BEAT_109,4,8,0,6,42.014589,-87.519423
2026-08-08 21:41:00,30,CLEAR,DAYLIGHT,PEDESTRIAN,ONE-WAY,STRAIGHT AND LEVEL,DRY,NO DEFECTS,N,DRIVING SKILLS/KNOWLEDGE/EXPERIENCE,BEAT_116,2,8,0,6,42.118923,-87.431314
2026-08-08 23:35:00,25,RAIN,DAYLIGHT,REAR END,NOT DIVIDED,STRAIGHT AND LEVEL,WET,NO DEFECTS,Y,DRIVING SKILLS/KNOWLEDGE/EXPERIENCE,BEAT_116,2,8,1,6,42.116214,-87.441229
2026-08-09 03:19:00,30,RAIN,DAYLIGHT,SIDESWIPE SAME DIRECTION,DIVIDED - W/MEDIAN,STRAIGHT AND LEVEL,WET,NO DEFECTS,N,FOLLOWING TOO CLOSELY,BEAT_105,2,8,0,7,41.949142,-87.567052
2026-08-09 03:33:00,45,RAIN,"DARKNESS, LIGHTED ROAD",REAR END,DIVIDED - W/MEDIAN,STRAIGHT AND LEVEL,WET,NO DEFECTS,Y,FAILING TO YIELD RIGHT-OF-WAY,BEAT_110,2,8,0,7,42.027038,-87.50883
2026-08-09 04:06:00,25,RAIN,DAYLIGHT,SIDESWIPE SAME DIRECTION,DIVIDED - W/MEDIAN,STRAIGHT AND LEVEL,WET,NO DEFECTS,N,FAILING TO YIELD RIGHT-OF-WAY,BEAT_119,1,8,2,7,42.161044,-87.40245
2026-08-09 04:35:00,45,FOG/SMOKE/HAZE,DAYLIGHT,REAR END,DIVIDED - W/MEDIAN,STRAIGHT AND LEVEL,WET,NO DEFECTS,Y,WEATHER,BEAT_103,2,8,0,7,41.923862,-87.595504
2026-08-09 06:59:00,30,RAIN,DAYLIGHT,PARKED MOTOR VEHICLE,FOUR WAY INTERSECTION,STRAIGHT AND LEVEL,WET,WORN SURFACE,Y,FOLLOWING TOO CLOSELY,BEAT_102,2,8,0,7,41.907204,-87.604978
2026-08-09 13:10:00,40,CLEAR,DARKNESS,ANGLE,ONE-WAY,STRAIGHT AND LEVEL,DRY,NO DEFECTS,N,FAILING TO YIELD RIGHT-OF-WAY,BEAT_101,2,8,0,7,41.89361,-87.617049
2026-08-09 14:50:00,20,CLEAR,"DARKNESS, LIGHTED ROAD",SIDESWIPE SAME DIRECTION,NOT DIVIDED,STRAIGHT AND LEVEL,DRY,NO DEFECTS,Y,FOLLOWING TOO CLOSELY,BEAT_102,2,8,0,7,41.910702,-87.603708
2026-08-09 20:13:00,25,RAIN,DARKNESS,TURNING,ONE-WAY,STRAIGHT AND LEVEL,WET,NO DEFECTS,N,WEATHER,BEAT_110,2,8,0,7,42.030663,-87.505004
2026-08-09 23:03:00,45,CLEAR,DAYLIGHT,ANGLE,DIVIDED - W/MEDIAN,STRAIGHT AND LEVEL,DRY,NO DEFECTS,N,DRIVING SKILLS/KNOWLEDGE/EXPERIENCE,BEAT_110,2,8,0,7,42.024932,-87.509701
2026-08-09 23:35:00,30,CLEAR,DAYLIGHT,REAR END,ONE-WAY,STRAIGHT AND LEVEL,WET,WORN SURFACE,N,IMPROPER OVERTAKING/PASSING,BEAT_104,2,8,0,7,41.937427,-87.581142
2026-08-10 04:22:00,25,CLEAR,DAYLIGHT,PARKED MOTOR VEHICLE,DIVIDED - W/MEDIAN,STRAIGHT AND LEVEL,SNOW OR SLUSH,NO DEFECTS,N,WEATHER,BEAT_107,3,8,0,1,41.987534,-87.547355
2026-08-10 06:53:00,25,CLEAR,DAYLIGHT,REAR END,ONE-WAY,"CURVE, LEVEL",ICE,NO DEFECTS,Y,DISREGARDING TRAFFIC SIGNALS,BEAT_119,1,8,0,1,42.167699,-87.398162
2026-08-10 07:49:00,25,CLEAR,"DARKNESS, LIGHTED ROAD",ANGLE,FOUR WAY INTERSECTION,STRAIGHT AND LEVEL,WET,NO DEFECTS,N,FOLLOWING TOO CLOSELY,BEAT_107,1,8,0,1,41.982403,-87.542703
2026-08-10 07:50:00,50,RAIN,DAWN,SIDESWIPE SAME DIRECTION,NOT DIVIDED,STRAIGHT AND LEVEL,WET,NO DEFECTS,N,DISREGARDING TRAFFIC SIGNALS,BEAT_120,2,8,1,1,42.180942,-87.391913
2026-08-10 10:32:00,40,RAIN,"DARKNESS, LIGHTED ROAD",ANGLE,DIVIDED - W/MEDIAN,STRAIGHT AND LEVEL,SNOW OR SLUSH,NO DEFECTS,N,DRIVING SKILLS/KNOWLEDGE/EXPERIENCE,BEAT_106,2,8,0,1,41.96793,-87.555322
2026-08-10 10:40:00,25,CLEAR,DAYLIGHT,SIDESWIPE SAME DIRECTION,FOUR WAY INTERSECTION,STRAIGHT AND LEVEL,DRY,"RUT, HOLES",Y,FOLLOWING TOO CLOSELY,BEAT_120,3,8,0,1,42.176646,-87.38937
2026-08-10 15:18:00,20,SNOW,DAYLIGHT,FIXED OBJECT,DIVIDED - W/MEDIAN,STRAIGHT AND LEVEL,WET,NO DEFECTS,N,FOLLOWING TOO CLOSELY,BEAT_116,2,8,0,1,42.123142,-87.433246
2026-08-10 16:15:00,25,CLEAR,DAYLIGHT,SIDESWIPE SAME DIRECTION,NOT DIVIDED,STRAIGHT ON GRADE,DRY,NO DEFECTS,Y,WEATHER,BEAT_107,2,8,1,1,41.984559,-87.551648
2026-08-10 19:54:00,25,CLEAR,DAYLIGHT,TURNING,NOT DIVIDED,STRAIGHT AND LEVEL,SNOW OR SLUSH,WORN SURFACE,N,FAILING TO YIELD RIGHT-OF-WAY,BEAT_104,3,8,0,1,41.934862,-87.586221
2026-08-10 20:50:00,30,CLEAR,DARKNESS,REAR END,DIVIDED - W/MEDIAN,STRAIGHT AND LEVEL,WET,NO DEFECTS,Y,WEATHER,BEAT_108,2,8,1,1,42.001594,-87.534062
2026-08-10 20:54:00,30,CLEAR,DAYLIGHT,PARKED MOTOR VEHICLE,FOUR WAY INTERSECTION,STRAIGHT AND LEVEL,DRY,NO DEFECTS,Y,DRIVING SKILLS/KNOWLEDGE/EXPERIENCE,BEAT_111,2,8,0,1,42.040987,-87.495835
2026-08-11 02:40:00,30,RAIN,"DARKNESS, LIGHTED ROAD",SIDESWIPE SAME DIRECTION,NOT DIVIDED,STRAIGHT AND LEVEL,WET,"RUT, HOLES",N,WEATHER,BEAT_115,3,8,1,2,42.103698,-87.449716
2026-08-11 05:35:00,25,RAIN,"DARKNESS, LIGHTED ROAD",SIDESWIPE SAME DIRECTION,DIVIDED - W/MEDIAN,STRAIGHT AND LEVEL,WET,NO DEFECTS,N,FOLLOWING TOO CLOSELY,BEAT_108,1,8,0,2,41.993464,-87.531666
2026-08-11 07:39:00,50,CLEAR,"DARKNESS, LIGHTED ROAD",ANGLE,ONE-WAY,STRAIGHT AND LEVEL,DRY,NO DEFECTS,N,FOLLOWING TOO CLOSELY,BEAT_109,2,8,0,2,42.009342,-87.523307
2026-08-11 08:49:00,30,RAIN,DAYLIGHT,SIDESWIPE SAME DIRECTION,FOUR WAY INTERSECTION,STRAIGHT AND LEVEL,SNOW OR SLUSH,NO DEFECTS,N,DRIVING SKILLS/KNOWLEDGE/EXPERIENCE,BEAT_112,2,8,1,2,42.05928,-87.483756
2026-08-11 09:37:00,30,RAIN,"DARKNESS, LIGHTED ROAD",TURNING,FOUR WAY INTERSECTION,STRAIGHT AND LEVEL,WET,NO DEFECTS,N,WEATHER,BEAT_114,2,8,0,2,42.089943,-87.461757
2026-08-11 15:52:00,55,CLEAR,DAYLIGHT,TURNING,FOUR WAY INTERSECTION,STRAIGHT AND LEVEL,WET,NO DEFECTS,Y,DISREGARDING TRAFFIC SIGNALS,BEAT_114,2,8,0,2,42.088444,-87.459354
2026-08-11 16:22:00,30,CLEAR,DAYLIGHT,PEDESTRIAN,FOUR WAY INTERSECTION,STRAIGHT AND LEVEL,DRY,NO DEFECTS,N,WEATHER,BEAT_110,2,8,0,2,42.02581,-87.506979
2026-08-11 21:04:00,25,SNOW,DARKNESS,REAR END,ONE-WAY,STRAIGHT AND LEVEL,WET,NO DEFECTS,Y,FAILING TO YIELD RIGHT-OF-WAY,BEAT_102,2,8,0,2,41.904792,-87.604992
2026-08-12 00:33:00,25,CLEAR,DAYLIGHT,SIDESWIPE SAME DIRECTION,NOT DIVIDED,STRAIGHT AND LEVEL,WET,NO DEFECTS,N,FAILING TO YIELD RIGHT-OF-WAY,BEAT_113,2,8,0,3,42.068167,-87.46772
2026-08-12 05:54:00,30,CLEAR,DAYLIGHT,REAR END,ONE-WAY,"CURVE, LEVEL",DRY,DEBRIS ON ROAD,Y,FOLLOWING TOO CLOSELY,BEAT_119,2,8,0,3,42.166067,-87.398078
2026-08-12 06:38:00,25,RAIN,DAYLIGHT,PARKED MOTOR VEHICLE,DIVIDED - W/MEDIAN,STRAIGHT AND LEVEL,WET,"RUT, HOLES",Y,FOLLOWING TOO CLOSELY,BEAT_118,2,8,0,3,42.152758,-87.413164
2026-08-12 09:10:00,25,CLEAR,"DARKNESS, LIGHTED ROAD",TURNING,DIVIDED - W/MEDIAN,STRAIGHT AND LEVEL,DRY,NO DEFECTS,Y,DISREGARDING TRAFFIC SIGNALS,BEAT_104,3,8,0,3,41.933866,-87.579334
2026-08-12 09:27:00,30,RAIN,DAYLIGHT,ANGLE,FOUR WAY INTERSECTION,STRAIGHT AND LEVEL,WET,NO DEFECTS,N,FOLLOWING TOO CLOSELY,BEAT_109,2,8,0,3,42.019101,-87.515394
2026-08-12 11:12:00,45,RAIN,DARKNESS,REAR END,ONE-WAY,STRAIGHT AND LEVEL,WET,NO DEFECTS,Y,FAILING TO YIELD RIGHT-OF-WAY,BEAT_108,2,8,0,3,42.001046,-87.536106
2026-08-12 13:19:00,30,CLEAR,DAYLIGHT,FIXED OBJECT,NOT DIVIDED,STRAIGHT AND LEVEL,"SAND, MUD, DIRT",NO DEFECTS,Y,FAILING TO YIELD RIGHT-OF-WAY,BEAT_113,2,8,1,3,42.071911,-87.470373
2026-08-12 14:32:00,30,CLEAR,DAYLIGHT,TURNING,DIVIDED - W/MEDIAN,STRAIGHT AND LEVEL,DRY,NO DEFECTS,N,FAILING TO YIELD RIGHT-OF-WAY,BEAT_117,2,8,0,3,42.138139,-87.426701
2026-08-12 15:27:00,30,CLEAR,DARKNESS,REAR END,NOT DIVIDED,STRAIGHT AND LEVEL,WET,"RUT, HOLES",N,FOLLOWING TOO CLOSELY,BEAT_102,2,8,0,3,41.913983,-87.60437
2026-08-12 16:22:00,55,CLEAR,"DARKNESS, LIGHTED ROAD",REAR END,ONE-WAY,STRAIGHT AND LEVEL,WET,NO DEFECTS,N,FOLLOWING TOO CLOSELY,BEAT_116,3,8,0,3,42.119027,-87.440187
2026-08-12 18:24:00,20,CLEAR,"DARKNESS, LIGHTED ROAD",REAR END,ONE-WAY,STRAIGHT AND LEVEL,WET,NO DEFECTS,N,FOLLOWING TOO CLOSELY,BEAT_105,3,8,0,3,41.952957,-87.571027
2026-08-12 19:03:00,30,CLEAR,DAYLIGHT,FIXED OBJECT,ONE-WAY,STRAIGHT AND LEVEL,DRY,NO DEFECTS,Y,FAILING TO YIELD RIGHT-OF-WAY,BEAT_101,2,8,0,3,41.893523,-87.619558
2026-08-12 19:34:00,30,CLEAR,"DARKNESS, LIGHTED ROAD",REAR END,FOUR WAY INTERSECTION,STRAIGHT AND LEVEL,DRY,WORN SURFACE,N,FOLLOWING TOO CLOSELY,BEAT_102,2,8,0,3,41.908976,-87.609188
2026-08-12 23:41:00,25,RAIN,DAYLIGHT,SIDESWIPE SAME DIRECTION,DIVIDED - W/MEDIAN,STRAIGHT AND LEVEL,ICE,NO DEFECTS,N,PHYSICAL CONDITION OF DRIVER,BEAT_109,2,8,0,3,42.015493,-87.522456
2026-08-12 23:50:00,30,CLEAR,DAYLIGHT,REAR END,T-INTERSECTION,STRAIGHT AND LEVEL,WET,NO DEFECTS,Y,FOLLOWING TOO CLOSELY,BEAT_115,2,8,0,3,42.103914,-87.451155
2026-08-13 02:54:00,45,CLEAR,DAWN,ANGLE,ONE-WAY,STRAIGHT AND LEVEL,SNOW OR SLUSH,NO DEFECTS,Y,FAILING TO YIELD RIGHT-OF-WAY,BEAT_120,2,8,0,4,42.177662,-87.388704
2026-08-13 04:57:00,30,CLEAR,DAYLIGHT,SIDESWIPE SAME DIRECTION,NOT DIVIDED,STRAIGHT AND LEVEL,DRY,NO DEFECTS,Y,FOLLOWING TOO CLOSELY,BEAT_103,3,8,0,4,41.927166,-87.591036
2026-08-13 05:16:00,45,CLEAR,DAYLIGHT,SIDESWIPE SAME DIRECTION,DIVIDED - W/MEDIAN,"CURVE, LEVEL",DRY,DEBRIS ON ROAD,N,FAILING TO YIELD RIGHT-OF-WAY,BEAT_113,2,8,1,4,42.073251,-87.470048
2026-08-13 08:43:00,35,SEVERE RAIN,DUSK,ANGLE,ONE-WAY,STRAIGHT AND LEVEL,WET,NO DEFECTS,N,DRIVING SKILLS/KNOWLEDGE/EXPERIENCE,BEAT_104,2,8,0,4,41.943181,-87.57923
2026-08-13 08:47:00,20,CLEAR,"DARKNESS, LIGHTED ROAD",TURNING,NOT DIVIDED,STRAIGHT AND LEVEL,"SAND, MUD, DIRT",NO DEFECTS,N,DRIVING SKILLS/KNOWLEDGE/EXPERIENCE,BEAT_117,2,8,0,4,42.12996,-87.429421
2026-08-13 09:54:00,30,CLEAR,DARKNESS,REAR END,DIVIDED - W/MEDIAN,STRAIGHT AND LEVEL,WET,NO DEFECTS,N,FAILING TO YIELD RIGHT-OF-WAY,BEAT_108,2,8,1,4,42.001579,-87.530343
2026-08-13 15:33:00,30,SNOW,"DARKNESS, LIGHTED ROAD",TURNING,ONE-WAY,CURVE ON GRADE,SNOW OR SLUSH,NO DEFECTS,N,WEATHER,BEAT_106,2,8,0,4,41.965805,-87.556561
2026-08-13 15:53:00,25,CLEAR,"DARKNESS, LIGHTED ROAD",REAR END,FOUR WAY INTERSECTION,STRAIGHT AND LEVEL,DRY,NO DEFECTS,Y,FAILING TO YIELD RIGHT-OF-WAY,BEAT_106,2,8,0,4,41.960985,-87.551674
2026-08-13 16:45:00,30,CLEAR,"DARKNESS, LIGHTED ROAD",ANGLE,NOT DIVIDED,STRAIGHT AND LEVEL,DRY,"RUT, HOLES",N,IMPROPER OVERTAKING/PASSING,BEAT_112,1,8,0,4,42.057877,-87.486083
2026-08-13 19:35:00,20,CLEAR,DAYLIGHT,PARKED MOTOR VEHICLE,NOT DIVIDED,STRAIGHT AND LEVEL,DRY,"RUT, HOLES",Y,FOLLOWING TOO CLOSELY,BEAT_110,2,8,1,4,42.027695,-87.509282
2026-08-13 19:40:00,25,CLEAR,DARKNESS,ANGLE,DIVIDED - W/MEDIAN,STRAIGHT AND LEVEL,WET,WORN SURFACE,Y,DRIVING SKILLS/KNOWLEDGE/EXPERIENCE,BEAT_114,2,8,0,4,42.081884,-87.460535
2026-08-14 00:46:00,30,SNOW,DAYLIGHT,FIXED OBJECT,NOT DIVIDED,STRAIGHT AND LEVEL,SNOW OR SLUSH,"RUT, HOLES",Y,PHYSICAL CONDITION OF DRIVER,BEAT_104,2,8,0,5,41.941537,-87.583097
2026-08-14 00:49:00,25,CLEAR,DAYLIGHT,SIDESWIPE SAME DIRECTION,DIVIDED - W/MEDIAN,STRAIGHT AND LEVEL,WET,NO DEFECTS,N,FOLLOWING TOO CLOSELY,BEAT_109,2,8,1,5,42.009137,-87.519486
2026-08-14 00:54:00,30,CLEAR,DAYLIGHT,REAR END,NOT DIVIDED,STRAIGHT AND LEVEL,DRY,NO DEFECTS,Y,DRIVING SKILLS/KNOWLEDGE/EXPERIENCE,BEAT_117,2,8,0,5,42.131458,-87.428613
2026-08-14 03:19:00,40,CLEAR,DUSK,TURNING,FOUR WAY INTERSECTION,STRAIGHT AND LEVEL,WET,NO DEFECTS,N,DRIVING SKILLS/KNOWLEDGE/EXPERIENCE,BEAT_106,2,8,0,5,41.968463,-87.558923
2026-08-14 04:52:00,25,RAIN,DAYLIGHT,ANGLE,FOUR WAY INTERSECTION,STRAIGHT AND LEVEL,WET,NO DEFECTS,N,DRIVING SKILLS/KNOWLEDGE/EXPERIENCE,BEAT_105,2,8,0,5,41.955269,-87.568808
2026-08-14 07:30:00,35,RAIN,"DARKNESS, LIGHTED ROAD",ANGLE,FOUR WAY INTERSECTION,STRAIGHT AND LEVEL,WET,NO DEFECTS,Y,DRIVING SKILLS/KNOWLEDGE/EXPERIENCE,BEAT_107,2,8,0,5,41.980103,-87.545945
2026-08-14 07:44:00,25,CLEAR,DUSK,SIDESWIPE SAME DIRECTION,DIVIDED - W/MEDIAN,STRAIGHT ON GRADE,DRY,NO DEFECTS,N,DRIVING SKILLS/KNOWLEDGE/EXPERIENCE,BEAT_114,2,8,0,5,42.087383,-87.46386
2026-08-14 07:58:00,25,CLEAR,DAYLIGHT,SIDESWIPE SAME DIRECTION,NOT DIVIDED,STRAIGHT AND LEVEL,DRY,NO DEFECTS,Y,DRIVING SKILLS/KNOWLEDGE/EXPERIENCE,BEAT_112,2,8,0,5,42.065719,-87.483715
2026-08-14 09:49:00,30,SNOW,DARKNESS,REAR END,NOT DIVIDED,STRAIGHT AND LEVEL,WET,NO DEFECTS,N,DISREGARDING TRAFFIC SIGNALS,BEAT_120,1,8,0,5,42.178204,-87.390603