CRASH_DATE,POSTED_SPEED_LIMIT,WEATHER_CONDITION,LIGHTING_CONDITION,FIRST_CRASH_TYPE,TRAFFICWAY_TYPE,ALIGNMENT,ROADWAY_SURFACE_COND,ROAD_DEFECT,INTERSECTION_RELATED_I,PRIM_CONTRIBUTORY_CAUSE,BEAT_OF_OCCURRENCE,NUM_UNITS,CRASH_MONTH,INJURIES_TOTAL,CRASH_DAY_OF_WEEK,LATITUDE,LONGITUDE
2026-08-14 12:43:00,35,CLEAR,DAYLIGHT,PEDESTRIAN,T-INTERSECTION,STRAIGHT AND LEVEL,WET,NO DEFECTS,Y,DISREGARDING TRAFFIC SIGNALS,BEAT_117,2,8,0,5,42.130182,-87.425984
2026-08-14 18:51:00,25,CLEAR,"DARKNESS, LIGHTED ROAD",PARKED MOTOR VEHICLE,DIVIDED - W/MEDIAN,STRAIGHT AND LEVEL,WET,NO DEFECTS,N,FAILING TO YIELD RIGHT-OF-WAY,BEAT_106,2,8,0,5,41.969913,-87.557614
2026-08-14 20:00:00,30,CLEAR,DAYLIGHT,TURNING,DIVIDED - W/MEDIAN,STRAIGHT AND LEVEL,DRY,NO DEFECTS,N,DRIVING SKILLS/KNOWLEDGE/EXPERIENCE,BEAT_118,2,8,0,5,42.148299,-87.415356
2026-08-14 20:14:00,35,CLEAR,"DARKNESS, LIGHTED ROAD",REAR END,DIVIDED - W/MEDIAN,CURVE ON GRADE,DRY,NO DEFECTS,N,DRIVING SKILLS/KNOWLEDGE/EXPERIENCE,BEAT_116,2,8,0,5,42.119073,-87.439398
2026-08-14 21:55:00,30,CLEAR,"DARKNESS, LIGHTED ROAD",TURNING,ONE-WAY,STRAIGHT AND LEVEL,WET,NO DEFECTS,Y,FAILING TO YIELD RIGHT-OF-WAY,BEAT_120,2,8,0,5,42.177486,-87.39138
2026-08-15 00:21:00,30,RAIN,"DARKNESS, LIGHTED ROAD",ANGLE,DIVIDED - W/MEDIAN,STRAIGHT AND LEVEL,SNOW OR SLUSH,NO DEFECTS,N,FAILING TO YIELD RIGHT-OF-WAY,BEAT_118,2,8,0,6,42.143661,-87.410157
2026-08-15 00:34:00,25,RAIN,DAYLIGHT,SIDESWIPE SAME DIRECTION,DIVIDED - W/MEDIAN,STRAIGHT AND LEVEL,WET,NO DEFECTS,N,DRIVING SKILLS/KNOWLEDGE/EXPERIENCE,BEAT_104,2,8,1,6,41.935294,-87.579759
2026-08-15 00:53:00,35,CLEAR,DAYLIGHT,ANGLE,NOT DIVIDED,STRAIGHT AND LEVEL,WET,NO DEFECTS,N,FAILING TO YIELD RIGHT-OF-WAY,BEAT_115,2,8,0,6,42.099814,-87.448339
2026-08-15 01:38:00,40,CLEAR,DAYLIGHT,TURNING,ONE-WAY,STRAIGHT AND LEVEL,WET,NO DEFECTS,Y,FAILING TO YIELD RIGHT-OF-WAY,BEAT_105,2,8,3,6,41.947001,-87.563463
2026-08-15 04:15:00,25,CLEAR,DAYLIGHT,SIDESWIPE SAME DIRECTION,DIVIDED - W/MEDIAN,STRAIGHT AND LEVEL,DRY,NO DEFECTS,N,FOLLOWING TOO CLOSELY,BEAT_117,2,8,0,6,42.140088,-87.425295
2026-08-15 07:19:00,30,SEVERE RAIN,DAYLIGHT,SIDESWIPE SAME DIRECTION,NOT DIVIDED,STRAIGHT AND LEVEL,SNOW OR SLUSH,NO DEFECTS,N,FAILING TO YIELD RIGHT-OF-WAY,BEAT_108,2,8,0,6,41.99531,-87.532505
2026-08-15 08:56:00,25,CLEAR,DAYLIGHT,ANGLE,NOT DIVIDED,STRAIGHT ON GRADE,DRY,NO DEFECTS,Y,FOLLOWING TOO CLOSELY,BEAT_110,2,8,0,6,42.028146,-87.513063
2026-08-15 10:19:00,25,CLEAR,DAYLIGHT,TURNING,NOT DIVIDED,STRAIGHT AND LEVEL,WET,NO DEFECTS,Y,FAILING TO YIELD RIGHT-OF-WAY,BEAT_119,2,8,1,6,42.166036,-87.401501
2026-08-15 10:42:00,30,SNOW,DAYLIGHT,REAR END,DIVIDED - W/MEDIAN,STRAIGHT AND LEVEL,WET,NO DEFECTS,N,FAILING TO YIELD RIGHT-OF-WAY,BEAT_108,2,8,0,6,41.996742,-87.534501
2026-08-15 11:53:00,25,SNOW,"DARKNESS, LIGHTED ROAD",TURNING,DIVIDED - W/MEDIAN,STRAIGHT ON GRADE,SNOW OR SLUSH,NO DEFECTS,N,FAILING TO YIELD RIGHT-OF-WAY,BEAT_109,2,8,0,6,42.008785,-87.5286
2026-08-15 14:01:00,25,CLEAR,DAYLIGHT,REAR END,NOT DIVIDED,STRAIGHT AND LEVEL,DRY,NO DEFECTS,Y,PHYSICAL CONDITION OF DRIVER,BEAT_119,2,8,0,6,42.167405,-87.397418
2026-08-15 17:49:00,30,SEVERE RAIN,DAWN,ANGLE,ONE-WAY,STRAIGHT AND LEVEL,WET,NO DEFECTS,N,PHYSICAL CONDITION OF DRIVER,BEAT_102,2,8,0,6,41.907531,-87.604281
2026-08-16 01:14:00,30,SEVERE RAIN,DAYLIGHT,ANGLE,NOT DIVIDED,STRAIGHT AND LEVEL,WET,"RUT, HOLES",Y,FOLLOWING TOO CLOSELY,BEAT_102,2,8,0,7,41.909899,-87.602399
2026-08-16 02:06:00,40,CLEAR,DAYLIGHT,REAR END,ONE-WAY,STRAIGHT AND LEVEL,DRY,NO DEFECTS,N,WEATHER,BEAT_116,2,8,0,7,42.117785,-87.440721
2026-08-16 02:42:00,30,CLEAR,"DARKNESS, LIGHTED ROAD",FIXED OBJECT,FOUR WAY INTERSECTION,STRAIGHT AND LEVEL,DRY,NO DEFECTS,Y,WEATHER,BEAT_103,2,8,0,7,41.919387,-87.591833
2026-08-16 05:00:00,25,CLEAR,DAYLIGHT,REAR END,FOUR WAY INTERSECTION,STRAIGHT AND LEVEL,DRY,NO DEFECTS,Y,FOLLOWING TOO CLOSELY,BEAT_120,2,8,0,7,42.173011,-87.390786
2026-08-16 05:12:00,30,CLEAR,"DARKNESS, LIGHTED ROAD",PEDESTRIAN,DIVIDED - W/MEDIAN,STRAIGHT AND LEVEL,DRY,NO DEFECTS,N,FAILING TO YIELD RIGHT-OF-WAY,BEAT_109,1,8,0,7,42.013219,-87.52446
2026-08-16 08:23:00,30,CLEAR,DUSK,PEDESTRIAN,T-INTERSECTION,STRAIGHT AND LEVEL,DRY,"RUT, HOLES",Y,FOLLOWING TOO CLOSELY,BEAT_106,2,8,0,7,41.967264,-87.559
2026-08-16 08:27:00,25,RAIN,DARKNESS,REAR END,DIVIDED - W/MEDIAN,STRAIGHT AND LEVEL,WET,DEBRIS ON ROAD,Y,FOLLOWING TOO CLOSELY,BEAT_116,1,8,0,7,42.116196,-87.442639
2026-08-16 09:29:00,35,RAIN,"DARKNESS, LIGHTED ROAD",FIXED OBJECT,NOT DIVIDED,STRAIGHT AND LEVEL,SNOW OR SLUSH,DEBRIS ON ROAD,N,DRIVING SKILLS/KNOWLEDGE/EXPERIENCE,BEAT_109,2,8,0,7,42.010189,-87.525717
2026-08-16 11:40:00,30,CLEAR,"DARKNESS, LIGHTED ROAD",SIDESWIPE SAME DIRECTION,DIVIDED - W/MEDIAN,STRAIGHT ON GRADE,WET,NO DEFECTS,N,DISREGARDING TRAFFIC SIGNALS,BEAT_102,2,8,0,7,41.90353,-87.605259
2026-08-16 13:57:00,25,CLEAR,DARKNESS,SIDESWIPE SAME DIRECTION,NOT DIVIDED,STRAIGHT AND LEVEL,DRY,NO DEFECTS,Y,FOLLOWING TOO CLOSELY,BEAT_112,4,8,0,7,42.055294,-87.486363
2026-08-16 14:45:00,20,RAIN,"DARKNESS, LIGHTED ROAD",TURNING,DIVIDED - W/MEDIAN,STRAIGHT AND LEVEL,WET,NO DEFECTS,Y,FAILING TO YIELD RIGHT-OF-WAY,BEAT_120,2,8,0,7,42.178857,-87.393358
2026-08-16 15:38:00,45,CLEAR,DAYLIGHT,PARKED MOTOR VEHICLE,NOT DIVIDED,STRAIGHT ON GRADE,SNOW OR SLUSH,NO DEFECTS,Y,DISREGARDING TRAFFIC SIGNALS,BEAT_120,2,8,1,7,42.177976,-87.393032
2026-08-16 16:48:00,35,CLEAR,"DARKNESS, LIGHTED ROAD",SIDESWIPE SAME DIRECTION,NOT DIVIDED,STRAIGHT AND LEVEL,DRY,NO DEFECTS,Y,DRIVING SKILLS/KNOWLEDGE/EXPERIENCE,BEAT_109,2,8,0,7,42.014668,-87.523473
2026-08-16 17:07:00,25,CLEAR,DAYLIGHT,REAR END,NOT DIVIDED,STRAIGHT AND LEVEL,DRY,NO DEFECTS,Y,WEATHER,BEAT_120,1,8,0,7,42.18096,-87.387433
2026-08-16 17:24:00,25,CLEAR,DAYLIGHT,SIDESWIPE SAME DIRECTION,T-INTERSECTION,STRAIGHT AND LEVEL,DRY,NO DEFECTS,Y,DRIVING SKILLS/KNOWLEDGE/EXPERIENCE,BEAT_113,2,8,0,7,42.073806,-87.472313
2026-08-16 18:57:00,30,CLEAR,DAYLIGHT,REAR END,FOUR WAY INTERSECTION,STRAIGHT AND LEVEL,DRY,NO DEFECTS,N,IMPROPER OVERTAKING/PASSING,BEAT_117,2,8,1,7,42.134237,-87.423714
2026-08-16 18:59:00,30,SEVERE RAIN,DAYLIGHT,REAR END,DIVIDED - W/MEDIAN,STRAIGHT AND LEVEL,WET,WORN SURFACE,N,FOLLOWING TOO CLOSELY,BEAT_105,3,8,0,7,41.953003,-87.56506
2026-08-16 19:03:00,45,CLEAR,DAYLIGHT,PEDESTRIAN,FOUR WAY INTERSECTION,STRAIGHT AND LEVEL,WET,WORN SURFACE,Y,FAILING TO YIELD RIGHT-OF-WAY,BEAT_114,2,8,0,7,42.091352,-87.464468
2026-08-16 19:50:00,30,RAIN,DAYLIGHT,TURNING,T-INTERSECTION,STRAIGHT AND LEVEL,WET,NO DEFECTS,N,IMPROPER OVERTAKING/PASSING,BEAT_108,2,8,2,7,42.001388,-87.535991
2026-08-16 20:39:00,20,CLEAR,"DARKNESS, LIGHTED ROAD",REAR END,NOT DIVIDED,STRAIGHT ON GRADE,DRY,WORN SURFACE,N,PHYSICAL CONDITION OF DRIVER,BEAT_111,2,8,0,7,42.04956,-87.494677
2026-08-16 20:49:00,25,RAIN,DAYLIGHT,SIDESWIPE SAME DIRECTION,NOT DIVIDED,STRAIGHT AND LEVEL,WET,NO DEFECTS,N,FAILING TO YIELD RIGHT-OF-WAY,BEAT_108,2,8,1,7,41.99282,-87.533237
2026-08-16 21:37:00,30,CLEAR,DAYLIGHT,TURNING,NOT DIVIDED,STRAIGHT AND LEVEL,DRY,NO DEFECTS,N,DRIVING SKILLS/KNOWLEDGE/EXPERIENCE,BEAT_116,2,8,0,7,42.121157,-87.440869
2026-08-16 21:49:00,30,CLEAR,DARKNESS,ANGLE,NOT DIVIDED,STRAIGHT AND LEVEL,DRY,NO DEFECTS,Y,WEATHER,BEAT_111,2,8,1,7,42.04408,-87.49748
2026-08-17 01:02:00,40,RAIN,DAYLIGHT,REAR END,DIVIDED - W/MEDIAN,STRAIGHT AND LEVEL,WET,NO DEFECTS,N,IMPROPER OVERTAKING/PASSING,BEAT_111,2,8,1,1,42.044664,-87.497548
2026-08-17 01:40:00,25,CLEAR,DARKNESS,REAR END,NOT DIVIDED,STRAIGHT AND LEVEL,DRY,NO DEFECTS,N,FOLLOWING TOO CLOSELY,BEAT_111,2,8,0,1,42.042727,-87.498434
2026-08-17 03:51:00,30,CLEAR,DARKNESS,TURNING,ONE-WAY,STRAIGHT AND LEVEL,DRY,NO DEFECTS,Y,DRIVING SKILLS/KNOWLEDGE/EXPERIENCE,BEAT_104,2,8,1,1,41.936887,-87.579857
2026-08-17 05:18:00,25,CLEAR,DAYLIGHT,REAR END,NOT DIVIDED,STRAIGHT AND LEVEL,DRY,NO DEFECTS,N,FAILING TO YIELD RIGHT-OF-WAY,BEAT_113,2,8,0,1,42.072046,-87.465746
2026-08-17 08:17:00,25,RAIN,DAYLIGHT,REAR END,NOT DIVIDED,STRAIGHT AND LEVEL,WET,NO DEFECTS,N,DRIVING SKILLS/KNOWLEDGE/EXPERIENCE,BEAT_109,2,8,0,1,42.007492,-87.517282
2026-08-17 11:06:00,45,RAIN,DAYLIGHT,ANGLE,FOUR WAY INTERSECTION,STRAIGHT AND LEVEL,WET,NO DEFECTS,N,IMPROPER OVERTAKING/PASSING,BEAT_115,2,8,1,1,42.104574,-87.454441
2026-08-17 11:08:00,25,RAIN,DAYLIGHT,TURNING,NOT DIVIDED,STRAIGHT AND LEVEL,WET,NO DEFECTS,Y,FAILING TO YIELD RIGHT-OF-WAY,BEAT_109,2,8,0,1,42.013209,-87.523975
2026-08-17 11:24:00,30,RAIN,DAYLIGHT,REAR END,DIVIDED - W/MEDIAN,STRAIGHT ON GRADE,WET,NO DEFECTS,Y,FOLLOWING TOO CLOSELY,BEAT_115,2,8,1,1,42.103528,-87.449008
2026-08-17 12:43:00,55,RAIN,DAYLIGHT,PARKED MOTOR VEHICLE,NOT DIVIDED,STRAIGHT AND LEVEL,SNOW OR SLUSH,NO DEFECTS,Y,IMPROPER OVERTAKING/PASSING,BEAT_110,2,8,0,1,42.031181,-87.507375
2026-08-17 13:05:00,30,RAIN,"DARKNESS, LIGHTED ROAD",PEDESTRIAN,ONE-WAY,STRAIGHT AND LEVEL,SNOW OR SLUSH,NO DEFECTS,Y,PHYSICAL CONDITION OF DRIVER,BEAT_109,2,8,0,1,42.011594,-87.526434
2026-08-17 15:54:00,40,CLEAR,"DARKNESS, LIGHTED ROAD",ANGLE,DIVIDED - W/MEDIAN,STRAIGHT AND LEVEL,DRY,NO DEFECTS,Y,FAILING TO YIELD RIGHT-OF-WAY,BEAT_112,2,8,0,1,42.054575,-87.491153
2026-08-17 16:27:00,30,CLEAR,"DARKNESS, LIGHTED ROAD",ANGLE,T-INTERSECTION,STRAIGHT AND LEVEL,DRY,NO DEFECTS,N,FAILING TO YIELD RIGHT-OF-WAY,BEAT_116,2,8,0,1,42.122216,-87.435978
2026-08-17 21:16:00,25,RAIN,DAYLIGHT,REAR END,FOUR WAY INTERSECTION,STRAIGHT AND LEVEL,SNOW OR SLUSH,NO DEFECTS,Y,WEATHER,BEAT_104,2,8,0,1,41.94404,-87.582328
2026-08-17 21:56:00,45,CLEAR,"DARKNESS, LIGHTED ROAD",FIXED OBJECT,ONE-WAY,STRAIGHT AND LEVEL,DRY,NO DEFECTS,Y,FOLLOWING TOO CLOSELY,BEAT_119,3,8,0,1,42.160557,-87.400872
2026-08-18 00:29:00,25,RAIN,DAYLIGHT,PEDESTRIAN,DIVIDED - W/MEDIAN,STRAIGHT AND LEVEL,WET,NO DEFECTS,N,FAILING TO YIELD RIGHT-OF-WAY,BEAT_117,2,8,0,2,42.135719,-87.426877
2026-08-18 01:08:00,30,CLEAR,DAYLIGHT,ANGLE,DIVIDED - W/MEDIAN,STRAIGHT AND LEVEL,DRY,NO DEFECTS,Y,WEATHER,BEAT_113,1,8,0,2,42.069669,-87.474126
2026-08-18 02:19:00,25,CLEAR,"DARKNESS, LIGHTED ROAD",REAR END,FOUR WAY INTERSECTION,STRAIGHT AND LEVEL,WET,NO DEFECTS,N,FAILING TO YIELD RIGHT-OF-WAY,BEAT_112,2,8,1,2,42.058302,-87.481258
2026-08-18 04:50:00,30,CLEAR,DAWN,SIDESWIPE SAME DIRECTION,NOT DIVIDED,STRAIGHT AND LEVEL,DRY,NO DEFECTS,Y,WEATHER,BEAT_119,1,8,0,2,42.166413,-87.40334
2026-08-18 04:58:00,30,CLEAR,DARKNESS,ANGLE,NOT DIVIDED,STRAIGHT AND LEVEL,DRY,NO DEFECTS,N,DRIVING SKILLS/KNOWLEDGE/EXPERIENCE,BEAT_106,2,8,0,2,41.971995,-87.561998
2026-08-18 07:35:00,45,CLEAR,"DARKNESS, LIGHTED ROAD",REAR END,DIVIDED - W/MEDIAN,STRAIGHT AND LEVEL,DRY,NO DEFECTS,N,FOLLOWING TOO CLOSELY,BEAT_118,1,8,0,2,42.149715,-87.413247
2026-08-18 10:04:00,30,CLEAR,DAYLIGHT,REAR END,ONE-WAY,STRAIGHT AND LEVEL,DRY,WORN SURFACE,Y,DRIVING SKILLS/KNOWLEDGE/EXPERIENCE,BEAT_112,2,8,1,2,42.057489,-87.488164
2026-08-18 18:48:00,40,CLEAR,DAYLIGHT,PARKED MOTOR VEHICLE,DIVIDED - W/MEDIAN,STRAIGHT AND LEVEL,WET,NO DEFECTS,Y,FAILING TO YIELD RIGHT-OF-WAY,BEAT_118,2,8,0,2,42.14548,-87.41415
2026-08-18 22:49:00,40,RAIN,"DARKNESS, LIGHTED ROAD",REAR END,FOUR WAY INTERSECTION,STRAIGHT AND LEVEL,WET,"RUT, HOLES",Y,DRIVING SKILLS/KNOWLEDGE/EXPERIENCE,BEAT_120,3,8,0,2,42.185413,-87.390571
2026-08-19 02:22:00,30,CLEAR,DARKNESS,ANGLE,DIVIDED - W/MEDIAN,STRAIGHT AND LEVEL,DRY,NO DEFECTS,Y,FAILING TO YIELD RIGHT-OF-WAY,BEAT_108,2,8,0,3,41.991625,-87.531146
2026-08-19 03:28:00,30,RAIN,DAYLIGHT,TURNING,DIVIDED - W/MEDIAN,STRAIGHT AND LEVEL,WET,NO DEFECTS,Y,FOLLOWING TOO CLOSELY,BEAT_106,2,8,0,3,41.970584,-87.55477
2026-08-19 03:57:00,25,RAIN,"DARKNESS, LIGHTED ROAD",PARKED MOTOR VEHICLE,NOT DIVIDED,STRAIGHT AND LEVEL,SNOW OR SLUSH,NO DEFECTS,Y,FOLLOWING TOO CLOSELY,BEAT_109,2,8,0,3,42.014732,-87.519335
2026-08-19 04:14:00,25,CLEAR,DAYLIGHT,TURNING,NOT DIVIDED,"CURVE, LEVEL",DRY,NO DEFECTS,N,FAILING TO YIELD RIGHT-OF-WAY,BEAT_102,2,8,0,3,41.907116,-87.5979
2026-08-19 06:33:00,25,SEVERE RAIN,DAYLIGHT,REAR END,T-INTERSECTION,STRAIGHT AND LEVEL,SNOW OR SLUSH,NO DEFECTS,N,IMPROPER OVERTAKING/PASSING,BEAT_104,2,8,0,3,41.938461,-87.5855
2026-08-19 11:01:00,20,CLEAR,DUSK,REAR END,DIVIDED - W/MEDIAN,STRAIGHT AND LEVEL,DRY,NO DEFECTS,N,PHYSICAL CONDITION OF DRIVER,BEAT_114,2,8,1,3,42.089329,-87.460729
2026-08-19 11:57:00,45,CLEAR,DAYLIGHT,SIDESWIPE SAME DIRECTION,NOT DIVIDED,STRAIGHT AND LEVEL,DRY,NO DEFECTS,Y,IMPROPER OVERTAKING/PASSING,BEAT_102,2,8,1,3,41.910002,-87.608784
2026-08-19 18:45:00,35,CLEAR,DAYLIGHT,ANGLE,DIVIDED - W/MEDIAN,STRAIGHT AND LEVEL,SNOW OR SLUSH,NO DEFECTS,N,PHYSICAL CONDITION OF DRIVER,BEAT_111,2,8,1,3,42.043859,-87.492073
2026-08-20 02:17:00,40,CLEAR,"DARKNESS, LIGHTED ROAD",REAR END,DIVIDED - W/MEDIAN,STRAIGHT AND LEVEL,DRY,NO DEFECTS,N,FOLLOWING TOO CLOSELY,BEAT_117,2,8,0,4,42.133876,-87.427778
2026-08-20 02:56:00,30,CLEAR,"DARKNESS, LIGHTED ROAD",REAR END,DIVIDED - W/MEDIAN,STRAIGHT AND LEVEL,DRY,WORN SURFACE,Y,FOLLOWING TOO CLOSELY,BEAT_116,2,8,0,4,42.117797,-87.440289
2026-08-20 05:31:00,25,CLEAR,DAYLIGHT,ANGLE,DIVIDED - W/MEDIAN,STRAIGHT ON GRADE,DRY,NO DEFECTS,Y,FOLLOWING TOO CLOSELY,BEAT_116,1,8,0,4,42.116759,-87.440087
2026-08-20 06:36:00,20,CLEAR,DAYLIGHT,REAR END,NOT DIVIDED,STRAIGHT AND LEVEL,DRY,NO DEFECTS,N,FAILING TO YIELD RIGHT-OF-WAY,BEAT_103,2,8,0,4,41.918857,-87.590286
2026-08-20 06:39:00,55,CLEAR,DAYLIGHT,ANGLE,DIVIDED - W/MEDIAN,STRAIGHT AND LEVEL,"SAND, MUD, DIRT",NO DEFECTS,N,DISREGARDING TRAFFIC SIGNALS,BEAT_113,2,8,1,4,42.074105,-87.472852
2026-08-20 06:56:00,30,RAIN,"DARKNESS, LIGHTED ROAD",PARKED MOTOR VEHICLE,DIVIDED - W/MEDIAN,STRAIGHT AND LEVEL,SNOW OR SLUSH,NO DEFECTS,Y,FOLLOWING TOO CLOSELY,BEAT_109,4,8,0,4,42.010447,-87.513317
2026-08-20 17:50:00,20,RAIN,"DARKNESS, LIGHTED ROAD",REAR END,NOT DIVIDED,CURVE ON GRADE,WET,NO DEFECTS,N,IMPROPER OVERTAKING/PASSING,BEAT_116,2,8,1,4,42.114086,-87.438062
2026-08-20 20:14:00,25,CLEAR,DAWN,TURNING,ONE-WAY,STRAIGHT AND LEVEL,DRY,NO DEFECTS,N,FOLLOWING TOO CLOSELY,BEAT_120,2,8,0,4,42.177019,-87.388266
2026-08-21 02:44:00,25,CLEAR,"DARKNESS, LIGHTED ROAD",SIDESWIPE SAME DIRECTION,DIVIDED - W/MEDIAN,STRAIGHT AND LEVEL,WET,NO DEFECTS,N,IMPROPER OVERTAKING/PASSING,BEAT_113,1,8,0,5,42.075194,-87.482064
2026-08-21 07:51:00,25,SEVERE RAIN,DAYLIGHT,REAR END,ONE-WAY,STRAIGHT AND LEVEL,WET,NO DEFECTS,N,DRIVING SKILLS/KNOWLEDGE/EXPERIENCE,BEAT_106,2,8,0,5,41.967161,-87.554538
2026-08-21 08:41:00,40,CLEAR,DARKNESS,PARKED MOTOR VEHICLE,NOT DIVIDED,"CURVE, LEVEL",ICE,NO DEFECTS,N,FAILING TO YIELD RIGHT-OF-WAY,BEAT_101,2,8,0,5,41.896415,-87.619503
2026-08-21 09:06:00,25,CLEAR,"DARKNESS, LIGHTED ROAD",PEDESTRIAN,DIVIDED - W/MEDIAN,STRAIGHT AND LEVEL,WET,NO DEFECTS,Y,PHYSICAL CONDITION OF DRIVER,BEAT_103,2,8,0,5,41.923339,-87.595389
2026-08-21 09:28:00,30,FOG/SMOKE/HAZE,"DARKNESS, LIGHTED ROAD",REAR END,DIVIDED - W/MEDIAN,STRAIGHT AND LEVEL,WET,"RUT, HOLES",N,DRIVING SKILLS/KNOWLEDGE/EXPERIENCE,BEAT_106,2,8,0,5,41.963374,-87.558541
2026-08-21 12:13:00,40,CLEAR,"DARKNESS, LIGHTED ROAD",TURNING,ONE-WAY,STRAIGHT AND LEVEL,DRY,"RUT, HOLES",Y,FAILING TO YIELD RIGHT-OF-WAY,BEAT_101,2,8,0,5,41.895443,-87.613771
2026-08-21 12:17:00,25,CLEAR,"DARKNESS, LIGHTED ROAD",REAR END,NOT DIVIDED,STRAIGHT AND LEVEL,DRY,"RUT, HOLES",N,FOLLOWING TOO CLOSELY,BEAT_115,3,8,1,5,42.107788,-87.448133
2026-08-21 12:29:00,40,CLEAR,DAWN,PEDESTRIAN,DIVIDED - W/MEDIAN,STRAIGHT AND LEVEL,WET,NO DEFECTS,N,FAILING TO YIELD RIGHT-OF-WAY,BEAT_101,2,8,0,5,41.891687,-87.614575
2026-08-21 16:11:00,35,CLEAR,DAYLIGHT,REAR END,DIVIDED - W/MEDIAN,STRAIGHT AND LEVEL,WET,WORN SURFACE,N,FAILING TO YIELD RIGHT-OF-WAY,BEAT_101,3,8,0,5,41.894164,-87.614614
2026-08-21 18:19:00,25,CLEAR,"DARKNESS, LIGHTED ROAD",TURNING,ONE-WAY,STRAIGHT AND LEVEL,WET,NO DEFECTS,Y,DRIVING SKILLS/KNOWLEDGE/EXPERIENCE,BEAT_103,2,8,0,5,41.923361,-87.5886
2026-08-21 18:50:00,40,CLEAR,DAYLIGHT,REAR END,ONE-WAY,STRAIGHT AND LEVEL,DRY,NO DEFECTS,N,FOLLOWING TOO CLOSELY,BEAT_109,2,8,0,5,42.017839,-87.518406
2026-08-21 19:00:00,25,CLEAR,"DARKNESS, LIGHTED ROAD",REAR END,DIVIDED - W/MEDIAN,STRAIGHT AND LEVEL,DRY,NO DEFECTS,N,FAILING TO YIELD RIGHT-OF-WAY,BEAT_103,2,8,1,5,41.922591,-87.596874
2026-08-21 20:35:00,30,CLEAR,DAYLIGHT,REAR END,DIVIDED - W/MEDIAN,STRAIGHT AND LEVEL,DRY,NO DEFECTS,N,WEATHER,BEAT_101,2,8,0,5,41.890487,-87.621822
2026-08-21 21:58:00,25,SEVERE RAIN,"DARKNESS, LIGHTED ROAD",REAR END,DIVIDED - W/MEDIAN,STRAIGHT AND LEVEL,WET,NO DEFECTS,Y,FAILING TO YIELD RIGHT-OF-WAY,BEAT_111,2,8,0,5,42.041234,-87.493149
2026-08-22 01:37:00,35,RAIN,DAYLIGHT,REAR END,DIVIDED - W/MEDIAN,STRAIGHT AND LEVEL,WET,NO DEFECTS,N,FOLLOWING TOO CLOSELY,BEAT_119,2,8,0,6,42.165253,-87.404777
2026-08-22 02:04:00,25,CLEAR,"DARKNESS, LIGHTED ROAD",REAR END,DIVIDED - W/MEDIAN,STRAIGHT AND LEVEL,DRY,NO DEFECTS,Y,DRIVING SKILLS/KNOWLEDGE/EXPERIENCE,BEAT_119,2,8,0,6,42.162206,-87.40044
2026-08-22 02:51:00,25,RAIN,DUSK,REAR END,DIVIDED - W/MEDIAN,STRAIGHT AND LEVEL,WET,NO DEFECTS,Y,FAILING TO YIELD RIGHT-OF-WAY,BEAT_117,2,8,0,6,42.130786,-87.423967
2026-08-22 03:14:00,55,SEVERE RAIN,"DARKNESS, LIGHTED ROAD",ANGLE,DIVIDED - W/MEDIAN,STRAIGHT AND LEVEL,WET,NO DEFECTS,Y,DRIVING SKILLS/KNOWLEDGE/EXPERIENCE,BEAT_109,3,8,0,6,42.018918,-87.524313
2026-08-22 06:30:00,45,CLEAR,DAYLIGHT,REAR END,DIVIDED - W/MEDIAN,STRAIGHT AND LEVEL,DRY,WORN SURFACE,Y,IMPROPER OVERTAKING/PASSING,BEAT_114,2,8,0,6,42.08567,-87.465452
2026-08-22 07:17:00,30,CLEAR,DAYLIGHT,REAR END,ONE-WAY,STRAIGHT AND LEVEL,DRY,NO DEFECTS,Y,DISREGARDING TRAFFIC SIGNALS,BEAT_106,2,8,1,6,41.971587,-87.545973
2026-08-22 11:26:00,25,RAIN,"DARKNESS, LIGHTED ROAD",PEDESTRIAN,DIVIDED - W/MEDIAN,STRAIGHT AND LEVEL,WET,NO DEFECTS,N,WEATHER,BEAT_103,2,8,0,6,41.924521,-87.593359
2026-08-22 15:01:00,25,CLEAR,DAYLIGHT,TURNING,DIVIDED - W/MEDIAN,STRAIGHT AND LEVEL,DRY,NO DEFECTS,N,WEATHER,BEAT_117,2,8,0,6,42.136138,-87.427148
2026-08-22 17:13:00,35,SNOW,DARKNESS,REAR END,T-INTERSECTION,STRAIGHT ON GRADE,WET,NO DEFECTS,N,FAILING TO YIELD RIGHT-OF-WAY,BEAT_102,2,8,0,6,41.90972,-87.604213