CRASH_DATE,POSTED_SPEED_LIMIT,WEATHER_CONDITION,LIGHTING_CONDITION,FIRST_CRASH_TYPE,TRAFFICWAY_TYPE,ALIGNMENT,ROADWAY_SURFACE_COND,ROAD_DEFECT,INTERSECTION_RELATED_I,PRIM_CONTRIBUTORY_CAUSE,BEAT_OF_OCCURRENCE,NUM_UNITS,CRASH_MONTH,INJURIES_TOTAL,CRASH_DAY_OF_WEEK,LATITUDE,LONGITUDE
2026-08-22 20:59:00,35,CLEAR,DAYLIGHT,REAR END,DIVIDED - W/MEDIAN,STRAIGHT AND LEVEL,DRY,NO DEFECTS,Y,WEATHER,BEAT_107,2,8,0,6,41.986405,-87.544324
2026-08-22 22:07:00,40,CLEAR,DAYLIGHT,REAR END,T-INTERSECTION,STRAIGHT AND LEVEL,DRY,SHOULDER DEFECT,Y,FAILING TO YIELD RIGHT-OF-WAY,BEAT_118,2,8,0,6,42.1499,-87.41623
2026-08-23 00:19:00,20,RAIN,DAYLIGHT,PARKED MOTOR VEHICLE,DIVIDED - W/MEDIAN,STRAIGHT AND LEVEL,WET,DEBRIS ON ROAD,Y,DRIVING SKILLS/KNOWLEDGE/EXPERIENCE,BEAT_111,3,8,0,7,42.040353,-87.492444
2026-08-23 00:41:00,25,RAIN,DAYLIGHT,TURNING,DIVIDED - W/MEDIAN,STRAIGHT AND LEVEL,WET,NO DEFECTS,N,DRIVING SKILLS/KNOWLEDGE/EXPERIENCE,BEAT_118,1,8,2,7,42.15044,-87.41224
2026-08-23 04:01:00,25,CLEAR,DAYLIGHT,FIXED OBJECT,DIVIDED - W/MEDIAN,STRAIGHT AND LEVEL,DRY,NO DEFECTS,Y,FAILING TO YIELD RIGHT-OF-WAY,BEAT_110,2,8,2,7,42.023808,-87.51123
2026-08-23 05:33:00,40,FOG/SMOKE/HAZE,"DARKNESS, LIGHTED ROAD",ANGLE,DIVIDED - W/MEDIAN,STRAIGHT ON GRADE,SNOW OR SLUSH,NO DEFECTS,Y,IMPROPER OVERTAKING/PASSING,BEAT_114,2,8,1,7,42.085385,-87.461809
2026-08-23 05:44:00,30,CLEAR,"DARKNESS, LIGHTED ROAD",PEDESTRIAN,DIVIDED - W/MEDIAN,STRAIGHT AND LEVEL,DRY,NO DEFECTS,Y,FOLLOWING TOO CLOSELY,BEAT_112,3,8,0,7,42.054869,-87.483631
2026-08-23 11:36:00,25,CLEAR,DAYLIGHT,REAR END,DIVIDED - W/MEDIAN,"CURVE, LEVEL",DRY,NO DEFECTS,Y,WEATHER,BEAT_110,2,8,0,7,42.023689,-87.504406
2026-08-23 16:50:00,25,SNOW,"DARKNESS, LIGHTED ROAD",SIDESWIPE SAME DIRECTION,DIVIDED - W/MEDIAN,STRAIGHT AND LEVEL,ICE,NO DEFECTS,N,PHYSICAL CONDITION OF DRIVER,BEAT_114,1,8,0,7,42.088609,-87.462319
2026-08-23 17:01:00,25,CLEAR,"DARKNESS, LIGHTED ROAD",SIDESWIPE SAME DIRECTION,NOT DIVIDED,STRAIGHT AND LEVEL,WET,NO DEFECTS,N,IMPROPER OVERTAKING/PASSING,BEAT_111,2,8,0,7,42.043516,-87.49584
2026-08-23 20:14:00,30,CLEAR,"DARKNESS, LIGHTED ROAD",PARKED MOTOR VEHICLE,FOUR WAY INTERSECTION,STRAIGHT AND LEVEL,DRY,NO DEFECTS,Y,DISREGARDING TRAFFIC SIGNALS,BEAT_102,2,8,0,7,41.904306,-87.601212
2026-08-23 22:00:00,30,CLEAR,DAYLIGHT,REAR END,DIVIDED - W/MEDIAN,STRAIGHT AND LEVEL,SNOW OR SLUSH,"RUT, HOLES",N,FOLLOWING TOO CLOSELY,BEAT_107,2,8,0,7,41.982103,-87.541034
2026-08-23 22:05:00,25,RAIN,DUSK,PARKED MOTOR VEHICLE,DIVIDED - W/MEDIAN,"CURVE, LEVEL",WET,NO DEFECTS,N,FOLLOWING TOO CLOSELY,BEAT_116,2,8,0,7,42.120339,-87.43637
2026-08-24 01:16:00,40,RAIN,DAYLIGHT,PEDESTRIAN,ONE-WAY,STRAIGHT AND LEVEL,WET,SHOULDER DEFECT,N,DRIVING SKILLS/KNOWLEDGE/EXPERIENCE,BEAT_113,2,8,1,1,42.074865,-87.476977
2026-08-24 01:25:00,25,CLEAR,DARKNESS,REAR END,DIVIDED - W/MEDIAN,STRAIGHT AND LEVEL,DRY,NO DEFECTS,N,WEATHER,BEAT_115,2,8,0,1,42.104892,-87.444268
2026-08-24 04:04:00,25,CLEAR,"DARKNESS, LIGHTED ROAD",SIDESWIPE SAME DIRECTION,NOT DIVIDED,STRAIGHT AND LEVEL,DRY,NO DEFECTS,N,DRIVING SKILLS/KNOWLEDGE/EXPERIENCE,BEAT_114,2,8,2,1,42.085202,-87.46244
2026-08-24 07:36:00,25,SNOW,DUSK,PEDESTRIAN,ONE-WAY,STRAIGHT AND LEVEL,WET,NO DEFECTS,Y,DRIVING SKILLS/KNOWLEDGE/EXPERIENCE,BEAT_117,2,8,1,1,42.128539,-87.42719
2026-08-24 19:28:00,25,CLEAR,DAYLIGHT,REAR END,DIVIDED - W/MEDIAN,STRAIGHT AND LEVEL,DRY,NO DEFECTS,Y,IMPROPER OVERTAKING/PASSING,BEAT_105,2,8,0,1,41.961086,-87.568405
2026-08-24 19:35:00,30,CLEAR,"DARKNESS, LIGHTED ROAD",REAR END,DIVIDED - W/MEDIAN,STRAIGHT AND LEVEL,DRY,NO DEFECTS,Y,FOLLOWING TOO CLOSELY,BEAT_109,2,8,0,1,42.01298,-87.526092
2026-08-24 20:59:00,30,CLEAR,DAYLIGHT,REAR END,DIVIDED - W/MEDIAN,STRAIGHT AND LEVEL,DRY,NO DEFECTS,Y,DRIVING SKILLS/KNOWLEDGE/EXPERIENCE,BEAT_102,2,8,1,1,41.908426,-87.607054
2026-08-25 00:20:00,25,CLEAR,"DARKNESS, LIGHTED ROAD",TURNING,ONE-WAY,STRAIGHT AND LEVEL,ICE,NO DEFECTS,N,FAILING TO YIELD RIGHT-OF-WAY,BEAT_102,3,8,0,2,41.90567,-87.612777
2026-08-25 05:19:00,50,CLEAR,"DARKNESS, LIGHTED ROAD",FIXED OBJECT,DIVIDED - W/MEDIAN,STRAIGHT AND LEVEL,DRY,"RUT, HOLES",Y,WEATHER,BEAT_117,2,8,0,2,42.129569,-87.421113
2026-08-25 15:21:00,50,CLEAR,DAYLIGHT,SIDESWIPE SAME DIRECTION,NOT DIVIDED,STRAIGHT AND LEVEL,DRY,WORN SURFACE,Y,FOLLOWING TOO CLOSELY,BEAT_116,2,8,0,2,42.119514,-87.432882
2026-08-25 16:52:00,25,CLEAR,DAYLIGHT,REAR END,NOT DIVIDED,STRAIGHT ON GRADE,DRY,NO DEFECTS,N,PHYSICAL CONDITION OF DRIVER,BEAT_106,3,8,0,2,41.964185,-87.555501
2026-08-25 17:30:00,30,CLEAR,DAYLIGHT,ANGLE,NOT DIVIDED,STRAIGHT AND LEVEL,DRY,DEBRIS ON ROAD,Y,FAILING TO YIELD RIGHT-OF-WAY,BEAT_119,1,8,0,2,42.16872,-87.400037
2026-08-25 18:30:00,30,SNOW,DAYLIGHT,SIDESWIPE SAME DIRECTION,NOT DIVIDED,STRAIGHT AND LEVEL,WET,DEBRIS ON ROAD,N,DISREGARDING TRAFFIC SIGNALS,BEAT_115,2,8,0,2,42.103278,-87.456448
2026-08-26 00:08:00,40,SNOW,"DARKNESS, LIGHTED ROAD",PARKED MOTOR VEHICLE,DIVIDED - W/MEDIAN,STRAIGHT AND LEVEL,WET,SHOULDER DEFECT,N,FOLLOWING TOO CLOSELY,BEAT_101,1,8,0,3,41.889136,-87.61484
2026-08-26 00:38:00,30,CLEAR,DAYLIGHT,TURNING,NOT DIVIDED,STRAIGHT AND LEVEL,DRY,NO DEFECTS,Y,FAILING TO YIELD RIGHT-OF-WAY,BEAT_102,2,8,0,3,41.916776,-87.604041
2026-08-26 00:48:00,35,CLEAR,DAYLIGHT,REAR END,NOT DIVIDED,STRAIGHT AND LEVEL,DRY,NO DEFECTS,N,DRIVING SKILLS/KNOWLEDGE/EXPERIENCE,BEAT_111,2,8,0,3,42.041871,-87.49545
2026-08-26 02:28:00,30,CLEAR,"DARKNESS, LIGHTED ROAD",REAR END,DIVIDED - W/MEDIAN,STRAIGHT AND LEVEL,WET,NO DEFECTS,Y,DISREGARDING TRAFFIC SIGNALS,BEAT_115,2,8,0,3,42.106722,-87.447954
2026-08-26 08:02:00,25,CLEAR,"DARKNESS, LIGHTED ROAD",PEDESTRIAN,DIVIDED - W/MEDIAN,STRAIGHT AND LEVEL,DRY,NO DEFECTS,Y,FOLLOWING TOO CLOSELY,BEAT_101,2,8,1,3,41.89245,-87.620343
2026-08-26 10:46:00,25,CLEAR,DAYLIGHT,TURNING,ONE-WAY,STRAIGHT AND LEVEL,DRY,"RUT, HOLES",Y,FAILING TO YIELD RIGHT-OF-WAY,BEAT_113,2,8,0,3,42.072025,-87.471094
2026-08-26 10:49:00,50,CLEAR,DAYLIGHT,SIDESWIPE SAME DIRECTION,ONE-WAY,STRAIGHT AND LEVEL,DRY,NO DEFECTS,Y,FAILING TO YIELD RIGHT-OF-WAY,BEAT_118,2,8,0,3,42.14533,-87.416902
2026-08-26 22:38:00,30,CLEAR,DAYLIGHT,REAR END,T-INTERSECTION,STRAIGHT AND LEVEL,DRY,NO DEFECTS,Y,IMPROPER OVERTAKING/PASSING,BEAT_118,2,8,0,3,42.151902,-87.414959
2026-08-27 00:47:00,25,CLEAR,"DARKNESS, LIGHTED ROAD",SIDESWIPE SAME DIRECTION,DIVIDED - W/MEDIAN,STRAIGHT AND LEVEL,DRY,"RUT, HOLES",N,FOLLOWING TOO CLOSELY,BEAT_103,3,8,1,4,41.927105,-87.592325
2026-08-27 02:26:00,35,SNOW,"DARKNESS, LIGHTED ROAD",REAR END,NOT DIVIDED,STRAIGHT AND LEVEL,WET,NO DEFECTS,N,FOLLOWING TOO CLOSELY,BEAT_103,2,8,0,4,41.923056,-87.594745
2026-08-27 02:29:00,30,RAIN,"DARKNESS, LIGHTED ROAD",REAR END,ONE-WAY,STRAIGHT AND LEVEL,ICE,NO DEFECTS,Y,DRIVING SKILLS/KNOWLEDGE/EXPERIENCE,BEAT_104,1,8,0,4,41.936931,-87.579604
2026-08-27 05:12:00,25,CLEAR,DAYLIGHT,TURNING,ONE-WAY,STRAIGHT AND LEVEL,DRY,"RUT, HOLES",N,PHYSICAL CONDITION OF DRIVER,BEAT_120,2,8,0,4,42.177545,-87.390083
2026-08-27 10:49:00,35,CLEAR,DAYLIGHT,SIDESWIPE SAME DIRECTION,DIVIDED - W/MEDIAN,STRAIGHT AND LEVEL,SNOW OR SLUSH,NO DEFECTS,Y,DRIVING SKILLS/KNOWLEDGE/EXPERIENCE,BEAT_110,2,8,0,4,42.029437,-87.509254
2026-08-27 11:20:00,25,CLEAR,DAYLIGHT,SIDESWIPE SAME DIRECTION,NOT DIVIDED,STRAIGHT ON GRADE,WET,NO DEFECTS,Y,DRIVING SKILLS/KNOWLEDGE/EXPERIENCE,BEAT_110,1,8,0,4,42.026604,-87.51181
2026-08-27 14:06:00,25,CLEAR,"DARKNESS, LIGHTED ROAD",TURNING,DIVIDED - W/MEDIAN,CURVE ON GRADE,WET,NO DEFECTS,N,FOLLOWING TOO CLOSELY,BEAT_108,3,8,0,4,42.001352,-87.538921
2026-08-27 14:39:00,30,SNOW,"DARKNESS, LIGHTED ROAD",SIDESWIPE SAME DIRECTION,NOT DIVIDED,STRAIGHT AND LEVEL,SNOW OR SLUSH,NO DEFECTS,Y,PHYSICAL CONDITION OF DRIVER,BEAT_116,1,8,0,4,42.1183,-87.44594
2026-08-27 16:00:00,25,CLEAR,"DARKNESS, LIGHTED ROAD",TURNING,DIVIDED - W/MEDIAN,STRAIGHT AND LEVEL,DRY,NO DEFECTS,Y,FOLLOWING TOO CLOSELY,BEAT_114,2,8,3,4,42.085961,-87.461027
2026-08-27 16:28:00,30,CLEAR,DAYLIGHT,REAR END,NOT DIVIDED,STRAIGHT AND LEVEL,WET,"RUT, HOLES",Y,FOLLOWING TOO CLOSELY,BEAT_117,1,8,0,4,42.131524,-87.426893
2026-08-27 18:49:00,30,CLEAR,"DARKNESS, LIGHTED ROAD",SIDESWIPE SAME DIRECTION,ONE-WAY,STRAIGHT AND LEVEL,WET,NO DEFECTS,Y,IMPROPER OVERTAKING/PASSING,BEAT_117,2,8,0,4,42.132817,-87.428086
2026-08-27 19:43:00,40,CLEAR,"DARKNESS, LIGHTED ROAD",REAR END,DIVIDED - W/MEDIAN,STRAIGHT AND LEVEL,WET,NO DEFECTS,N,DISREGARDING TRAFFIC SIGNALS,BEAT_105,3,8,0,4,41.95656,-87.571903
2026-08-27 22:35:00,25,CLEAR,DAYLIGHT,REAR END,DIVIDED - W/MEDIAN,STRAIGHT AND LEVEL,WET,NO DEFECTS,Y,DRIVING SKILLS/KNOWLEDGE/EXPERIENCE,BEAT_113,2,8,0,4,42.073628,-87.479213
2026-08-27 23:47:00,45,SEVERE RAIN,DAYLIGHT,ANGLE,FOUR WAY INTERSECTION,STRAIGHT AND LEVEL,WET,NO DEFECTS,N,DISREGARDING TRAFFIC SIGNALS,BEAT_109,1,8,0,4,42.013859,-87.519339
2026-08-28 00:07:00,40,CLEAR,"DARKNESS, LIGHTED ROAD",TURNING,ONE-WAY,STRAIGHT AND LEVEL,WET,NO DEFECTS,N,FAILING TO YIELD RIGHT-OF-WAY,BEAT_101,2,8,0,5,41.895867,-87.618189
2026-08-28 02:02:00,40,RAIN,DARKNESS,TURNING,DIVIDED - W/MEDIAN,STRAIGHT AND LEVEL,WET,"RUT, HOLES",Y,FOLLOWING TOO CLOSELY,BEAT_107,2,8,0,5,41.980678,-87.537816
2026-08-28 02:06:00,25,CLEAR,"DARKNESS, LIGHTED ROAD",ANGLE,DIVIDED - W/MEDIAN,STRAIGHT AND LEVEL,DRY,NO DEFECTS,N,DRIVING SKILLS/KNOWLEDGE/EXPERIENCE,BEAT_110,3,8,0,5,42.030193,-87.514653
2026-08-28 05:03:00,25,CLEAR,DAYLIGHT,TURNING,ONE-WAY,STRAIGHT AND LEVEL,DRY,NO DEFECTS,Y,DRIVING SKILLS/KNOWLEDGE/EXPERIENCE,BEAT_110,2,8,0,5,42.024664,-87.510741
2026-08-28 09:37:00,35,CLEAR,"DARKNESS, LIGHTED ROAD",TURNING,NOT DIVIDED,STRAIGHT AND LEVEL,DRY,NO DEFECTS,N,FOLLOWING TOO CLOSELY,BEAT_108,2,8,0,5,41.999654,-87.538629
2026-08-28 11:46:00,30,FOG/SMOKE/HAZE,DAYLIGHT,REAR END,DIVIDED - W/MEDIAN,STRAIGHT AND LEVEL,WET,NO DEFECTS,Y,DRIVING SKILLS/KNOWLEDGE/EXPERIENCE,BEAT_110,2,8,0,5,42.032422,-87.511732
2026-08-28 13:11:00,25,CLEAR,"DARKNESS, LIGHTED ROAD",ANGLE,DIVIDED - W/MEDIAN,STRAIGHT AND LEVEL,DRY,NO DEFECTS,Y,DRIVING SKILLS/KNOWLEDGE/EXPERIENCE,BEAT_117,2,8,0,5,42.131098,-87.432526
2026-08-28 20:12:00,50,CLEAR,DAYLIGHT,SIDESWIPE SAME DIRECTION,FOUR WAY INTERSECTION,STRAIGHT AND LEVEL,DRY,NO DEFECTS,N,FOLLOWING TOO CLOSELY,BEAT_109,2,8,1,5,42.010799,-87.523612
2026-08-28 22:55:00,25,CLEAR,DAYLIGHT,SIDESWIPE SAME DIRECTION,DIVIDED - W/MEDIAN,STRAIGHT AND LEVEL,DRY,"RUT, HOLES",Y,FOLLOWING TOO CLOSELY,BEAT_110,2,8,0,5,42.027165,-87.512909
2026-08-29 02:19:00,25,FOG/SMOKE/HAZE,DAYLIGHT,TURNING,NOT DIVIDED,STRAIGHT AND LEVEL,WET,NO DEFECTS,Y,FAILING TO YIELD RIGHT-OF-WAY,BEAT_120,3,8,1,6,42.178843,-87.389349
2026-08-29 02:55:00,30,CLEAR,DAYLIGHT,FIXED OBJECT,NOT DIVIDED,STRAIGHT AND LEVEL,DRY,NO DEFECTS,N,DISREGARDING TRAFFIC SIGNALS,BEAT_106,2,8,0,6,41.969646,-87.554217
2026-08-29 04:28:00,30,SNOW,DAYLIGHT,SIDESWIPE SAME DIRECTION,ONE-WAY,STRAIGHT AND LEVEL,WET,NO DEFECTS,N,FAILING TO YIELD RIGHT-OF-WAY,BEAT_102,2,8,0,6,41.910013,-87.615175
2026-08-29 07:03:00,45,CLEAR,DAYLIGHT,REAR END,DIVIDED - W/MEDIAN,STRAIGHT ON GRADE,DRY,"RUT, HOLES",N,FOLLOWING TOO CLOSELY,BEAT_115,2,8,0,6,42.104781,-87.445288
2026-08-29 09:51:00,45,CLEAR,DAYLIGHT,REAR END,DIVIDED - W/MEDIAN,STRAIGHT AND LEVEL,DRY,NO DEFECTS,N,FOLLOWING TOO CLOSELY,BEAT_109,2,8,0,6,42.015686,-87.525336
2026-08-29 10:38:00,25,CLEAR,DAYLIGHT,REAR END,DIVIDED - W/MEDIAN,STRAIGHT AND LEVEL,WET,NO DEFECTS,Y,FOLLOWING TOO CLOSELY,BEAT_114,2,8,2,6,42.089008,-87.463402
2026-08-29 11:44:00,30,CLEAR,"DARKNESS, LIGHTED ROAD",ANGLE,NOT DIVIDED,STRAIGHT AND LEVEL,WET,NO DEFECTS,N,FAILING TO YIELD RIGHT-OF-WAY,BEAT_113,2,8,0,6,42.068311,-87.478685
2026-08-29 13:28:00,40,RAIN,DAYLIGHT,REAR END,ONE-WAY,STRAIGHT AND LEVEL,WET,SHOULDER DEFECT,N,DRIVING SKILLS/KNOWLEDGE/EXPERIENCE,BEAT_105,3,8,0,6,41.948331,-87.57258
2026-08-29 16:23:00,25,CLEAR,DAYLIGHT,TURNING,NOT DIVIDED,STRAIGHT AND LEVEL,ICE,NO DEFECTS,N,DISREGARDING TRAFFIC SIGNALS,BEAT_115,2,8,0,6,42.102219,-87.453665
2026-08-29 16:35:00,30,CLEAR,DUSK,REAR END,DIVIDED - W/MEDIAN,STRAIGHT AND LEVEL,DRY,NO DEFECTS,N,FOLLOWING TOO CLOSELY,BEAT_114,2,8,1,6,42.093515,-87.463953
2026-08-29 16:44:00,40,CLEAR,DAYLIGHT,ANGLE,NOT DIVIDED,"CURVE, LEVEL",DRY,NO DEFECTS,N,FAILING TO YIELD RIGHT-OF-WAY,BEAT_112,1,8,0,6,42.060384,-87.481227
2026-08-29 20:13:00,40,RAIN,DARKNESS,SIDESWIPE SAME DIRECTION,ALLEY,STRAIGHT ON GRADE,WET,NO DEFECTS,Y,DISREGARDING TRAFFIC SIGNALS,BEAT_116,2,8,0,6,42.116532,-87.442153
2026-08-29 21:35:00,30,CLEAR,DARKNESS,PARKED MOTOR VEHICLE,NOT DIVIDED,STRAIGHT AND LEVEL,ICE,NO DEFECTS,N,DRIVING SKILLS/KNOWLEDGE/EXPERIENCE,BEAT_103,2,8,1,6,41.928448,-87.596313
2026-08-30 00:37:00,30,RAIN,DUSK,REAR END,ONE-WAY,STRAIGHT AND LEVEL,SNOW OR SLUSH,NO DEFECTS,N,IMPROPER OVERTAKING/PASSING,BEAT_106,2,8,1,7,41.968227,-87.560812
2026-08-30 03:57:00,30,CLEAR,DAYLIGHT,REAR END,DIVIDED - W/MEDIAN,STRAIGHT AND LEVEL,DRY,WORN SURFACE,N,FOLLOWING TOO CLOSELY,BEAT_117,1,8,0,7,42.136868,-87.429819
2026-08-30 06:26:00,25,CLEAR,"DARKNESS, LIGHTED ROAD",SIDESWIPE SAME DIRECTION,DIVIDED - W/MEDIAN,"CURVE, LEVEL",DRY,NO DEFECTS,Y,IMPROPER OVERTAKING/PASSING,BEAT_103,2,8,0,7,41.919361,-87.593825
2026-08-30 06:36:00,25,CLEAR,DAYLIGHT,REAR END,T-INTERSECTION,"CURVE, LEVEL",SNOW OR SLUSH,NO DEFECTS,Y,IMPROPER OVERTAKING/PASSING,BEAT_104,2,8,0,7,41.936695,-87.582622
2026-08-30 08:55:00,25,CLEAR,"DARKNESS, LIGHTED ROAD",PEDESTRIAN,DIVIDED - W/MEDIAN,STRAIGHT AND LEVEL,DRY,NO DEFECTS,N,DRIVING SKILLS/KNOWLEDGE/EXPERIENCE,BEAT_118,2,8,0,7,42.150476,-87.414273
2026-08-30 09:24:00,30,CLEAR,DAYLIGHT,ANGLE,DIVIDED - W/MEDIAN,CURVE ON GRADE,DRY,NO DEFECTS,N,FAILING TO YIELD RIGHT-OF-WAY,BEAT_120,2,8,1,7,42.177732,-87.38952
2026-08-30 11:00:00,30,CLEAR,DAYLIGHT,REAR END,DIVIDED - W/MEDIAN,STRAIGHT AND LEVEL,DRY,NO DEFECTS,N,FOLLOWING TOO CLOSELY,BEAT_119,1,8,0,7,42.157684,-87.403211
2026-08-30 17:22:00,40,CLEAR,DAYLIGHT,SIDESWIPE SAME DIRECTION,DIVIDED - W/MEDIAN,STRAIGHT AND LEVEL,DRY,NO DEFECTS,Y,FAILING TO YIELD RIGHT-OF-WAY,BEAT_120,2,8,0,7,42.174959,-87.386688
2026-08-30 18:39:00,30,SEVERE RAIN,"DARKNESS, LIGHTED ROAD",PARKED MOTOR VEHICLE,DIVIDED - W/MEDIAN,STRAIGHT AND LEVEL,WET,NO DEFECTS,N,DRIVING SKILLS/KNOWLEDGE/EXPERIENCE,BEAT_103,2,8,0,7,41.919836,-87.595853
2026-08-30 22:56:00,25,CLEAR,DAWN,ANGLE,ONE-WAY,STRAIGHT AND LEVEL,DRY,NO DEFECTS,N,DRIVING SKILLS/KNOWLEDGE/EXPERIENCE,BEAT_108,2,8,1,7,41.998482,-87.534323
2026-08-31 05:20:00,35,CLEAR,"DARKNESS, LIGHTED ROAD",SIDESWIPE SAME DIRECTION,FOUR WAY INTERSECTION,STRAIGHT AND LEVEL,DRY,"RUT, HOLES",N,DRIVING SKILLS/KNOWLEDGE/EXPERIENCE,BEAT_108,2,8,0,1,41.997373,-87.532244
2026-08-31 06:24:00,40,CLEAR,DAYLIGHT,REAR END,DIVIDED - W/MEDIAN,STRAIGHT AND LEVEL,WET,DEBRIS ON ROAD,N,FOLLOWING TOO CLOSELY,BEAT_104,2,8,0,1,41.93387,-87.578951
2026-08-31 10:03:00,25,SEVERE RAIN,DAYLIGHT,REAR END,NOT DIVIDED,STRAIGHT AND LEVEL,SNOW OR SLUSH,NO DEFECTS,N,FOLLOWING TOO CLOSELY,BEAT_115,3,8,1,1,42.106087,-87.444922
2026-08-31 12:26:00,25,CLEAR,DAYLIGHT,TURNING,DIVIDED - W/MEDIAN,STRAIGHT AND LEVEL,WET,NO DEFECTS,N,DISREGARDING TRAFFIC SIGNALS,BEAT_106,2,8,0,1,41.967815,-87.560073
2026-08-31 13:42:00,35,CLEAR,DAYLIGHT,SIDESWIPE SAME DIRECTION,DIVIDED - W/MEDIAN,STRAIGHT AND LEVEL,DRY,NO DEFECTS,Y,FOLLOWING TOO CLOSELY,BEAT_111,2,8,0,1,42.047317,-87.493687
2026-08-31 14:29:00,30,SNOW,DAYLIGHT,REAR END,ONE-WAY,STRAIGHT AND LEVEL,SNOW OR SLUSH,"RUT, HOLES",N,FAILING TO YIELD RIGHT-OF-WAY,BEAT_117,2,8,0,1,42.129744,-87.428538
2026-08-31 17:34:00,30,CLEAR,DAYLIGHT,PARKED MOTOR VEHICLE,ALLEY,STRAIGHT AND LEVEL,DRY,NO DEFECTS,Y,FOLLOWING TOO CLOSELY,BEAT_116,1,8,0,1,42.117832,-87.437913
2026-08-31 19:00:00,30,RAIN,"DARKNESS, LIGHTED ROAD",SIDESWIPE SAME DIRECTION,NOT DIVIDED,STRAIGHT AND LEVEL,WET,DEBRIS ON ROAD,N,WEATHER,BEAT_104,2,8,0,1,41.937524,-87.579448
2026-08-31 19:55:00,35,CLEAR,DARKNESS,TURNING,NOT DIVIDED,STRAIGHT AND LEVEL,DRY,SHOULDER DEFECT,N,DISREGARDING TRAFFIC SIGNALS,BEAT_113,3,8,0,1,42.079343,-87.470297
2026-08-31 20:17:00,25,CLEAR,DAYLIGHT,REAR END,ONE-WAY,STRAIGHT AND LEVEL,DRY,NO DEFECTS,N,DISREGARDING TRAFFIC SIGNALS,BEAT_107,2,8,0,1,41.984548,-87.546143
2026-08-31 21:53:00,35,CLEAR,DARKNESS,TURNING,NOT DIVIDED,STRAIGHT AND LEVEL,DRY,NO DEFECTS,N,FAILING TO YIELD RIGHT-OF-WAY,BEAT_111,2,8,0,1,42.043999,-87.495269
2026-08-31 21:56:00,25,SNOW,"DARKNESS, LIGHTED ROAD",PEDESTRIAN,DIVIDED - W/MEDIAN,STRAIGHT AND LEVEL,ICE,"RUT, HOLES",Y,PHYSICAL CONDITION OF DRIVER,BEAT_112,3,8,0,1,42.050118,-87.486006
2026-09-01 04:26:00,30,CLEAR,DAYLIGHT,TURNING,NOT DIVIDED,STRAIGHT AND LEVEL,DRY,NO DEFECTS,Y,DISREGARDING TRAFFIC SIGNALS,BEAT_105,2,9,0,2,41.956059,-87.568632
2026-09-01 06:02:00,25,RAIN,"DARKNESS, LIGHTED ROAD",REAR END,NOT DIVIDED,STRAIGHT AND LEVEL,SNOW OR SLUSH,NO DEFECTS,Y,FOLLOWING TOO CLOSELY,BEAT_117,2,9,0,2,42.135876,-87.430445
2026-09-01 09:38:00,25,RAIN,"DARKNESS, LIGHTED ROAD",REAR END,DIVIDED - W/MEDIAN,STRAIGHT AND LEVEL,WET,NO DEFECTS,N,FAILING TO YIELD RIGHT-OF-WAY,BEAT_120,2,9,0,2,42.182355,-87.386104
2026-09-01 10:05:00,25,CLEAR,DAYLIGHT,ANGLE,NOT DIVIDED,CURVE ON GRADE,DRY,NO DEFECTS,Y,WEATHER,BEAT_114,1,9,1,2,42.089977,-87.457346
2026-09-01 11:36:00,30,CLEAR,DUSK,ANGLE,NOT DIVIDED,STRAIGHT AND LEVEL,WET,NO DEFECTS,Y,IMPROPER OVERTAKING/PASSING,BEAT_114,2,9,0,2,42.086147,-87.462751
2026-09-01 12:22:00,25,CLEAR,DAYLIGHT,SIDESWIPE SAME DIRECTION,DIVIDED - W/MEDIAN,STRAIGHT AND LEVEL,DRY,WORN SURFACE,Y,PHYSICAL CONDITION OF DRIVER,BEAT_104,2,9,0,2,41.938762,-87.57844
2026-09-01 14:38:00,30,CLEAR,DAYLIGHT,TURNING,FOUR WAY INTERSECTION,STRAIGHT AND LEVEL,DRY,"RUT, HOLES",Y,FAILING TO YIELD RIGHT-OF-WAY,BEAT_118,1,9,0,2,42.153848,-87.4191
2026-09-01 16:36:00,40,CLEAR,DAYLIGHT,SIDESWIPE SAME DIRECTION,DIVIDED - W/MEDIAN,STRAIGHT AND LEVEL,DRY,NO DEFECTS,N,DISREGARDING TRAFFIC SIGNALS,BEAT_108,2,9,0,2,42.003614,-87.532457
2026-09-01 17:01:00,25,RAIN,DAYLIGHT,TURNING,DIVIDED - W/MEDIAN,STRAIGHT AND LEVEL,ICE,NO DEFECTS,Y,FOLLOWING TOO CLOSELY,BEAT_105,3,9,0,2,41.953416,-87.567367
2026-09-01 17:54:00,35,CLEAR,"DARKNESS, LIGHTED ROAD",SIDESWIPE SAME DIRECTION,NOT DIVIDED,STRAIGHT AND LEVEL,WET,SHOULDER DEFECT,Y,FOLLOWING TOO CLOSELY,BEAT_103,1,9,0,2,41.925499,-87.593894