CRASH_DATE,POSTED_SPEED_LIMIT,WEATHER_CONDITION,LIGHTING_CONDITION,FIRST_CRASH_TYPE,TRAFFICWAY_TYPE,ALIGNMENT,ROADWAY_SURFACE_COND,ROAD_DEFECT,INTERSECTION_RELATED_I,PRIM_CONTRIBUTORY_CAUSE,BEAT_OF_OCCURRENCE,NUM_UNITS,CRASH_MONTH,INJURIES_TOTAL,CRASH_DAY_OF_WEEK,LATITUDE,LONGITUDE
2026-09-01 18:32:00,40,CLEAR,"DARKNESS, LIGHTED ROAD",ANGLE,DIVIDED - W/MEDIAN,STRAIGHT AND LEVEL,DRY,NO DEFECTS,Y,DRIVING SKILLS/KNOWLEDGE/EXPERIENCE,BEAT_101,2,9,0,2,41.89278,-87.61768
2026-09-01 19:55:00,30,CLEAR,DUSK,TURNING,NOT DIVIDED,STRAIGHT AND LEVEL,DRY,"RUT, HOLES",N,FAILING TO YIELD RIGHT-OF-WAY,BEAT_106,2,9,0,2,41.963301,-87.564988
2026-09-01 20:24:00,40,RAIN,DAYLIGHT,REAR END,NOT DIVIDED,STRAIGHT AND LEVEL,WET,NO DEFECTS,N,FAILING TO YIELD RIGHT-OF-WAY,BEAT_115,2,9,1,2,42.10179,-87.45462
2026-09-01 20:49:00,30,RAIN,"DARKNESS, LIGHTED ROAD",TURNING,NOT DIVIDED,STRAIGHT AND LEVEL,SNOW OR SLUSH,"RUT, HOLES",N,DRIVING SKILLS/KNOWLEDGE/EXPERIENCE,BEAT_120,4,9,1,2,42.183267,-87.392191
2026-09-01 21:06:00,30,CLEAR,DAYLIGHT,FIXED OBJECT,NOT DIVIDED,STRAIGHT AND LEVEL,SNOW OR SLUSH,NO DEFECTS,N,FAILING TO YIELD RIGHT-OF-WAY,BEAT_110,3,9,0,2,42.027899,-87.509477
2026-09-02 01:19:00,35,RAIN,"DARKNESS, LIGHTED ROAD",PARKED MOTOR VEHICLE,ALLEY,STRAIGHT AND LEVEL,SNOW OR SLUSH,NO DEFECTS,N,IMPROPER OVERTAKING/PASSING,BEAT_111,2,9,0,3,42.038148,-87.500641
2026-09-02 05:23:00,35,FOG/SMOKE/HAZE,"DARKNESS, LIGHTED ROAD",ANGLE,ONE-WAY,"CURVE, LEVEL",WET,NO DEFECTS,N,FOLLOWING TOO CLOSELY,BEAT_108,2,9,0,3,42.001668,-87.5298
2026-09-02 10:46:00,30,CLEAR,DAYLIGHT,PARKED MOTOR VEHICLE,ONE-WAY,STRAIGHT AND LEVEL,DRY,NO DEFECTS,N,WEATHER,BEAT_107,2,9,0,3,41.986538,-87.548481
2026-09-02 12:39:00,30,CLEAR,DARKNESS,REAR END,NOT DIVIDED,STRAIGHT AND LEVEL,DRY,NO DEFECTS,Y,DRIVING SKILLS/KNOWLEDGE/EXPERIENCE,BEAT_106,2,9,0,3,41.965982,-87.556391
2026-09-02 14:01:00,25,CLEAR,"DARKNESS, LIGHTED ROAD",PARKED MOTOR VEHICLE,FOUR WAY INTERSECTION,STRAIGHT AND LEVEL,DRY,NO DEFECTS,Y,DRIVING SKILLS/KNOWLEDGE/EXPERIENCE,BEAT_115,2,9,0,3,42.104815,-87.44766
2026-09-02 16:36:00,30,RAIN,DAYLIGHT,TURNING,T-INTERSECTION,STRAIGHT AND LEVEL,WET,NO DEFECTS,N,FAILING TO YIELD RIGHT-OF-WAY,BEAT_112,2,9,0,3,42.056614,-87.483579
2026-09-02 19:26:00,25,SEVERE RAIN,DAYLIGHT,ANGLE,DIVIDED - W/MEDIAN,STRAIGHT ON GRADE,WET,NO DEFECTS,N,PHYSICAL CONDITION OF DRIVER,BEAT_109,2,9,0,3,42.014663,-87.52484
2026-09-02 21:34:00,45,CLEAR,DAYLIGHT,FIXED OBJECT,DIVIDED - W/MEDIAN,STRAIGHT AND LEVEL,DRY,NO DEFECTS,N,FOLLOWING TOO CLOSELY,BEAT_105,2,9,1,3,41.954591,-87.566591
2026-09-03 01:28:00,30,CLEAR,"DARKNESS, LIGHTED ROAD",REAR END,NOT DIVIDED,STRAIGHT AND LEVEL,DRY,NO DEFECTS,N,DISREGARDING TRAFFIC SIGNALS,BEAT_110,2,9,0,4,42.036003,-87.509219
2026-09-03 03:07:00,30,SNOW,"DARKNESS, LIGHTED ROAD",SIDESWIPE SAME DIRECTION,DIVIDED - W/MEDIAN,STRAIGHT AND LEVEL,WET,NO DEFECTS,N,DRIVING SKILLS/KNOWLEDGE/EXPERIENCE,BEAT_101,2,9,0,4,41.891518,-87.616034
2026-09-03 09:35:00,25,CLEAR,DAYLIGHT,REAR END,DIVIDED - W/MEDIAN,STRAIGHT AND LEVEL,DRY,WORN SURFACE,N,WEATHER,BEAT_110,2,9,1,4,42.028001,-87.510315
2026-09-03 12:56:00,30,CLEAR,DARKNESS,SIDESWIPE SAME DIRECTION,FOUR WAY INTERSECTION,STRAIGHT AND LEVEL,DRY,NO DEFECTS,N,FAILING TO YIELD RIGHT-OF-WAY,BEAT_108,2,9,0,4,41.999175,-87.531915
2026-09-03 17:45:00,30,CLEAR,"DARKNESS, LIGHTED ROAD",REAR END,T-INTERSECTION,STRAIGHT ON GRADE,WET,NO DEFECTS,N,DRIVING SKILLS/KNOWLEDGE/EXPERIENCE,BEAT_108,2,9,0,4,41.997271,-87.536248
2026-09-03 20:14:00,45,SEVERE RAIN,DAYLIGHT,PARKED MOTOR VEHICLE,T-INTERSECTION,STRAIGHT AND LEVEL,WET,NO DEFECTS,N,FAILING TO YIELD RIGHT-OF-WAY,BEAT_103,1,9,0,4,41.92579,-87.593344
2026-09-03 21:19:00,30,SNOW,DAYLIGHT,REAR END,ONE-WAY,"CURVE, LEVEL",SNOW OR SLUSH,NO DEFECTS,Y,FOLLOWING TOO CLOSELY,BEAT_105,2,9,0,4,41.949535,-87.575442
2026-09-04 01:03:00,30,CLEAR,DAYLIGHT,TURNING,ONE-WAY,STRAIGHT AND LEVEL,DRY,NO DEFECTS,N,DISREGARDING TRAFFIC SIGNALS,BEAT_112,2,9,0,5,42.059689,-87.490119
2026-09-04 03:18:00,35,CLEAR,DAYLIGHT,PARKED MOTOR VEHICLE,DIVIDED - W/MEDIAN,STRAIGHT AND LEVEL,DRY,NO DEFECTS,N,DRIVING SKILLS/KNOWLEDGE/EXPERIENCE,BEAT_120,2,9,0,5,42.179846,-87.389787
2026-09-04 04:19:00,25,SNOW,DAWN,PARKED MOTOR VEHICLE,ONE-WAY,STRAIGHT AND LEVEL,SNOW OR SLUSH,NO DEFECTS,Y,FAILING TO YIELD RIGHT-OF-WAY,BEAT_115,2,9,0,5,42.106878,-87.446361
2026-09-04 04:48:00,35,CLEAR,"DARKNESS, LIGHTED ROAD",PARKED MOTOR VEHICLE,FOUR WAY INTERSECTION,STRAIGHT AND LEVEL,DRY,NO DEFECTS,Y,WEATHER,BEAT_102,2,9,0,5,41.907847,-87.605587
2026-09-04 05:54:00,20,CLEAR,DAYLIGHT,TURNING,DIVIDED - W/MEDIAN,STRAIGHT ON GRADE,SNOW OR SLUSH,WORN SURFACE,N,FAILING TO YIELD RIGHT-OF-WAY,BEAT_102,1,9,0,5,41.905131,-87.611189
2026-09-04 07:12:00,25,CLEAR,"DARKNESS, LIGHTED ROAD",REAR END,ONE-WAY,STRAIGHT AND LEVEL,DRY,NO DEFECTS,N,FAILING TO YIELD RIGHT-OF-WAY,BEAT_110,3,9,0,5,42.033513,-87.510373
2026-09-04 13:35:00,25,CLEAR,"DARKNESS, LIGHTED ROAD",ANGLE,NOT DIVIDED,STRAIGHT AND LEVEL,SNOW OR SLUSH,NO DEFECTS,Y,FOLLOWING TOO CLOSELY,BEAT_114,2,9,1,5,42.084976,-87.458126
2026-09-04 13:48:00,30,CLEAR,DUSK,SIDESWIPE SAME DIRECTION,ONE-WAY,STRAIGHT AND LEVEL,WET,NO DEFECTS,Y,DRIVING SKILLS/KNOWLEDGE/EXPERIENCE,BEAT_102,2,9,0,5,41.90745,-87.60605
2026-09-04 16:21:00,25,RAIN,DAYLIGHT,TURNING,T-INTERSECTION,STRAIGHT AND LEVEL,WET,NO DEFECTS,N,DISREGARDING TRAFFIC SIGNALS,BEAT_111,2,9,1,5,42.045441,-87.501323
2026-09-04 17:15:00,30,RAIN,DARKNESS,PARKED MOTOR VEHICLE,DIVIDED - W/MEDIAN,STRAIGHT AND LEVEL,ICE,"RUT, HOLES",Y,DRIVING SKILLS/KNOWLEDGE/EXPERIENCE,BEAT_110,2,9,0,5,42.027869,-87.501376
2026-09-04 19:06:00,30,RAIN,DAYLIGHT,ANGLE,ONE-WAY,STRAIGHT AND LEVEL,WET,WORN SURFACE,N,WEATHER,BEAT_109,2,9,0,5,42.019295,-87.516909
2026-09-04 20:22:00,35,SEVERE RAIN,DAYLIGHT,FIXED OBJECT,ALLEY,"CURVE, LEVEL",SNOW OR SLUSH,NO DEFECTS,N,PHYSICAL CONDITION OF DRIVER,BEAT_106,1,9,0,5,41.965196,-87.55672
2026-09-04 21:10:00,30,CLEAR,DUSK,ANGLE,NOT DIVIDED,STRAIGHT AND LEVEL,DRY,NO DEFECTS,Y,FAILING TO YIELD RIGHT-OF-WAY,BEAT_110,2,9,0,5,42.029508,-87.50895
2026-09-04 21:15:00,25,SEVERE RAIN,DAYLIGHT,REAR END,DIVIDED - W/MEDIAN,STRAIGHT AND LEVEL,WET,NO DEFECTS,Y,DRIVING SKILLS/KNOWLEDGE/EXPERIENCE,BEAT_102,2,9,2,5,41.901716,-87.607846
2026-09-04 22:42:00,30,CLEAR,"DARKNESS, LIGHTED ROAD",ANGLE,ONE-WAY,STRAIGHT AND LEVEL,DRY,NO DEFECTS,N,IMPROPER OVERTAKING/PASSING,BEAT_116,2,9,2,5,42.118348,-87.438662
2026-09-04 22:45:00,55,CLEAR,DAYLIGHT,TURNING,NOT DIVIDED,STRAIGHT AND LEVEL,DRY,"RUT, HOLES",Y,FAILING TO YIELD RIGHT-OF-WAY,BEAT_101,1,9,0,5,41.895793,-87.618933
2026-09-04 23:22:00,30,CLEAR,DAYLIGHT,TURNING,FOUR WAY INTERSECTION,STRAIGHT AND LEVEL,WET,NO DEFECTS,N,DRIVING SKILLS/KNOWLEDGE/EXPERIENCE,BEAT_111,2,9,0,5,42.043173,-87.495059
2026-09-05 02:14:00,25,CLEAR,DAYLIGHT,PARKED MOTOR VEHICLE,ALLEY,STRAIGHT AND LEVEL,DRY,NO DEFECTS,N,FAILING TO YIELD RIGHT-OF-WAY,BEAT_118,2,9,0,6,42.149367,-87.417186
2026-09-05 03:20:00,25,CLEAR,DAYLIGHT,PARKED MOTOR VEHICLE,NOT DIVIDED,STRAIGHT AND LEVEL,WET,NO DEFECTS,Y,FOLLOWING TOO CLOSELY,BEAT_116,2,9,0,6,42.113075,-87.436768
2026-09-05 10:39:00,25,CLEAR,"DARKNESS, LIGHTED ROAD",SIDESWIPE SAME DIRECTION,DIVIDED - W/MEDIAN,STRAIGHT AND LEVEL,DRY,"RUT, HOLES",Y,IMPROPER OVERTAKING/PASSING,BEAT_119,2,9,0,6,42.1647,-87.401419
2026-09-05 13:33:00,40,CLEAR,DAYLIGHT,SIDESWIPE SAME DIRECTION,ONE-WAY,STRAIGHT AND LEVEL,DRY,WORN SURFACE,Y,PHYSICAL CONDITION OF DRIVER,BEAT_110,2,9,2,6,42.024774,-87.511156
2026-09-05 15:03:00,30,RAIN,"DARKNESS, LIGHTED ROAD",FIXED OBJECT,DIVIDED - W/MEDIAN,STRAIGHT AND LEVEL,WET,NO DEFECTS,N,FAILING TO YIELD RIGHT-OF-WAY,BEAT_114,2,9,0,6,42.091533,-87.462037
2026-09-05 22:11:00,30,CLEAR,DARKNESS,SIDESWIPE SAME DIRECTION,ONE-WAY,STRAIGHT AND LEVEL,DRY,NO DEFECTS,N,FAILING TO YIELD RIGHT-OF-WAY,BEAT_113,2,9,1,6,42.071567,-87.475189
2026-09-06 00:18:00,35,SEVERE RAIN,DUSK,REAR END,DIVIDED - W/MEDIAN,STRAIGHT ON GRADE,WET,DEBRIS ON ROAD,N,WEATHER,BEAT_115,2,9,0,7,42.098289,-87.446159
2026-09-06 06:46:00,30,CLEAR,DAYLIGHT,SIDESWIPE SAME DIRECTION,FOUR WAY INTERSECTION,"CURVE, LEVEL",WET,WORN SURFACE,N,PHYSICAL CONDITION OF DRIVER,BEAT_107,2,9,0,7,41.985109,-87.542778
2026-09-06 07:36:00,35,CLEAR,DAYLIGHT,SIDESWIPE SAME DIRECTION,ONE-WAY,STRAIGHT AND LEVEL,DRY,NO DEFECTS,N,IMPROPER OVERTAKING/PASSING,BEAT_105,2,9,0,7,41.950703,-87.573017
2026-09-06 10:30:00,20,CLEAR,"DARKNESS, LIGHTED ROAD",SIDESWIPE SAME DIRECTION,DIVIDED - W/MEDIAN,STRAIGHT AND LEVEL,WET,SHOULDER DEFECT,N,DRIVING SKILLS/KNOWLEDGE/EXPERIENCE,BEAT_105,3,9,0,7,41.948019,-87.567858
2026-09-06 11:08:00,35,CLEAR,"DARKNESS, LIGHTED ROAD",REAR END,DIVIDED - W/MEDIAN,"CURVE, LEVEL",WET,NO DEFECTS,N,FOLLOWING TOO CLOSELY,BEAT_104,2,9,0,7,41.937479,-87.584893
2026-09-06 16:57:00,35,CLEAR,DAYLIGHT,ANGLE,NOT DIVIDED,STRAIGHT AND LEVEL,DRY,NO DEFECTS,N,FAILING TO YIELD RIGHT-OF-WAY,BEAT_113,2,9,1,7,42.078048,-87.471217
2026-09-06 19:57:00,30,CLEAR,DAYLIGHT,REAR END,DIVIDED - W/MEDIAN,STRAIGHT AND LEVEL,DRY,NO DEFECTS,N,FAILING TO YIELD RIGHT-OF-WAY,BEAT_104,3,9,0,7,41.937089,-87.580789
2026-09-06 21:53:00,25,CLEAR,DAYLIGHT,SIDESWIPE SAME DIRECTION,ONE-WAY,STRAIGHT AND LEVEL,DRY,NO DEFECTS,N,FOLLOWING TOO CLOSELY,BEAT_109,2,9,0,7,42.011102,-87.520303
2026-09-07 01:34:00,30,CLEAR,DAYLIGHT,REAR END,DIVIDED - W/MEDIAN,STRAIGHT AND LEVEL,DRY,NO DEFECTS,N,DRIVING SKILLS/KNOWLEDGE/EXPERIENCE,BEAT_104,2,9,0,1,41.937501,-87.578164
2026-09-07 02:13:00,25,CLEAR,DAYLIGHT,REAR END,DIVIDED - W/MEDIAN,STRAIGHT AND LEVEL,WET,NO DEFECTS,N,FAILING TO YIELD RIGHT-OF-WAY,BEAT_110,2,9,0,1,42.027649,-87.512335
2026-09-07 04:56:00,30,RAIN,DAYLIGHT,ANGLE,NOT DIVIDED,STRAIGHT ON GRADE,WET,"RUT, HOLES",Y,FOLLOWING TOO CLOSELY,BEAT_113,2,9,0,1,42.072559,-87.470343
2026-09-07 05:16:00,30,CLEAR,"DARKNESS, LIGHTED ROAD",ANGLE,FOUR WAY INTERSECTION,STRAIGHT AND LEVEL,WET,NO DEFECTS,Y,FAILING TO YIELD RIGHT-OF-WAY,BEAT_117,2,9,0,1,42.13347,-87.429087
2026-09-07 10:17:00,30,CLEAR,"DARKNESS, LIGHTED ROAD",SIDESWIPE SAME DIRECTION,NOT DIVIDED,"CURVE, LEVEL",DRY,NO DEFECTS,N,FAILING TO YIELD RIGHT-OF-WAY,BEAT_113,2,9,1,1,42.074392,-87.478227
2026-09-07 11:19:00,55,CLEAR,DAYLIGHT,SIDESWIPE SAME DIRECTION,FOUR WAY INTERSECTION,STRAIGHT AND LEVEL,ICE,NO DEFECTS,N,DRIVING SKILLS/KNOWLEDGE/EXPERIENCE,BEAT_119,2,9,0,1,42.15654,-87.398185
2026-09-07 12:33:00,25,CLEAR,DAYLIGHT,REAR END,FOUR WAY INTERSECTION,STRAIGHT AND LEVEL,DRY,"RUT, HOLES",Y,WEATHER,BEAT_114,2,9,1,1,42.08682,-87.464608
2026-09-07 13:15:00,25,CLEAR,"DARKNESS, LIGHTED ROAD",TURNING,ONE-WAY,STRAIGHT AND LEVEL,WET,NO DEFECTS,N,FAILING TO YIELD RIGHT-OF-WAY,BEAT_114,2,9,0,1,42.093342,-87.469092
2026-09-07 13:45:00,35,CLEAR,DAYLIGHT,SIDESWIPE SAME DIRECTION,T-INTERSECTION,STRAIGHT ON GRADE,DRY,NO DEFECTS,N,FAILING TO YIELD RIGHT-OF-WAY,BEAT_118,2,9,0,1,42.146876,-87.416104
2026-09-07 13:55:00,25,CLEAR,"DARKNESS, LIGHTED ROAD",REAR END,NOT DIVIDED,"CURVE, LEVEL",WET,NO DEFECTS,Y,FAILING TO YIELD RIGHT-OF-WAY,BEAT_107,1,9,0,1,41.983677,-87.544538
2026-09-07 13:57:00,25,RAIN,"DARKNESS, LIGHTED ROAD",SIDESWIPE SAME DIRECTION,NOT DIVIDED,STRAIGHT AND LEVEL,WET,SHOULDER DEFECT,Y,WEATHER,BEAT_103,2,9,1,1,41.926127,-87.592216
2026-09-07 16:52:00,25,RAIN,DAYLIGHT,TURNING,DIVIDED - W/MEDIAN,CURVE ON GRADE,WET,NO DEFECTS,Y,WEATHER,BEAT_113,2,9,0,1,42.070006,-87.471795
2026-09-07 18:06:00,35,CLEAR,"DARKNESS, LIGHTED ROAD",ANGLE,DIVIDED - W/MEDIAN,STRAIGHT AND LEVEL,"SAND, MUD, DIRT","RUT, HOLES",Y,DRIVING SKILLS/KNOWLEDGE/EXPERIENCE,BEAT_115,2,9,0,1,42.099791,-87.453875
2026-09-07 18:15:00,25,RAIN,DAYLIGHT,REAR END,NOT DIVIDED,STRAIGHT AND LEVEL,WET,NO DEFECTS,N,DRIVING SKILLS/KNOWLEDGE/EXPERIENCE,BEAT_102,2,9,1,1,41.908257,-87.60554
2026-09-07 20:07:00,30,CLEAR,DARKNESS,FIXED OBJECT,ONE-WAY,STRAIGHT AND LEVEL,SNOW OR SLUSH,NO DEFECTS,Y,DISREGARDING TRAFFIC SIGNALS,BEAT_109,2,9,0,1,42.011586,-87.521265
2026-09-07 21:28:00,20,CLEAR,DAYLIGHT,SIDESWIPE SAME DIRECTION,ONE-WAY,STRAIGHT AND LEVEL,DRY,NO DEFECTS,N,DRIVING SKILLS/KNOWLEDGE/EXPERIENCE,BEAT_114,2,9,0,1,42.088199,-87.458884
2026-09-07 22:32:00,30,CLEAR,DAYLIGHT,SIDESWIPE SAME DIRECTION,NOT DIVIDED,STRAIGHT AND LEVEL,DRY,NO DEFECTS,Y,FAILING TO YIELD RIGHT-OF-WAY,BEAT_118,2,9,0,1,42.148023,-87.417634
2026-09-08 05:59:00,25,CLEAR,"DARKNESS, LIGHTED ROAD",TURNING,T-INTERSECTION,STRAIGHT AND LEVEL,DRY,NO DEFECTS,Y,FOLLOWING TOO CLOSELY,BEAT_101,2,9,0,2,41.89002,-87.615141
2026-09-08 06:06:00,25,CLEAR,DAYLIGHT,REAR END,NOT DIVIDED,STRAIGHT AND LEVEL,DRY,NO DEFECTS,N,FAILING TO YIELD RIGHT-OF-WAY,BEAT_103,2,9,0,2,41.927202,-87.593234
2026-09-08 07:43:00,25,CLEAR,DAYLIGHT,ANGLE,NOT DIVIDED,STRAIGHT AND LEVEL,DRY,"RUT, HOLES",N,WEATHER,BEAT_102,2,9,0,2,41.914717,-87.602202
2026-09-08 08:34:00,25,CLEAR,"DARKNESS, LIGHTED ROAD",PEDESTRIAN,DIVIDED - W/MEDIAN,STRAIGHT AND LEVEL,WET,WORN SURFACE,N,FOLLOWING TOO CLOSELY,BEAT_118,2,9,2,2,42.147638,-87.410028
2026-09-08 09:10:00,30,CLEAR,DAYLIGHT,SIDESWIPE SAME DIRECTION,T-INTERSECTION,STRAIGHT AND LEVEL,DRY,NO DEFECTS,Y,DRIVING SKILLS/KNOWLEDGE/EXPERIENCE,BEAT_104,2,9,0,2,41.939572,-87.584678
2026-09-08 09:25:00,55,RAIN,DARKNESS,SIDESWIPE SAME DIRECTION,NOT DIVIDED,STRAIGHT AND LEVEL,WET,NO DEFECTS,Y,DRIVING SKILLS/KNOWLEDGE/EXPERIENCE,BEAT_115,2,9,1,2,42.106888,-87.445167
2026-09-08 10:05:00,30,CLEAR,DAWN,REAR END,NOT DIVIDED,STRAIGHT AND LEVEL,DRY,NO DEFECTS,N,WEATHER,BEAT_103,2,9,2,2,41.922576,-87.594368
2026-09-08 14:55:00,30,CLEAR,DAYLIGHT,TURNING,T-INTERSECTION,STRAIGHT AND LEVEL,DRY,NO DEFECTS,Y,DRIVING SKILLS/KNOWLEDGE/EXPERIENCE,BEAT_104,1,9,0,2,41.936938,-87.579763
2026-09-08 15:25:00,30,CLEAR,DAYLIGHT,PARKED MOTOR VEHICLE,T-INTERSECTION,STRAIGHT AND LEVEL,DRY,NO DEFECTS,N,WEATHER,BEAT_107,2,9,0,2,41.98181,-87.544229
2026-09-08 16:36:00,25,CLEAR,"DARKNESS, LIGHTED ROAD",REAR END,NOT DIVIDED,STRAIGHT AND LEVEL,DRY,NO DEFECTS,Y,FAILING TO YIELD RIGHT-OF-WAY,BEAT_104,2,9,0,2,41.939452,-87.576828
2026-09-08 18:42:00,25,RAIN,"DARKNESS, LIGHTED ROAD",SIDESWIPE SAME DIRECTION,FOUR WAY INTERSECTION,STRAIGHT AND LEVEL,WET,NO DEFECTS,N,FAILING TO YIELD RIGHT-OF-WAY,BEAT_116,2,9,0,2,42.116714,-87.434533
2026-09-08 18:55:00,55,CLEAR,DAYLIGHT,TURNING,DIVIDED - W/MEDIAN,STRAIGHT AND LEVEL,DRY,NO DEFECTS,Y,FAILING TO YIELD RIGHT-OF-WAY,BEAT_116,2,9,1,2,42.118254,-87.441485
2026-09-08 19:59:00,30,RAIN,DAYLIGHT,REAR END,ALLEY,STRAIGHT AND LEVEL,WET,NO DEFECTS,N,FAILING TO YIELD RIGHT-OF-WAY,BEAT_111,2,9,0,2,42.04905,-87.500201
2026-09-08 20:18:00,40,RAIN,"DARKNESS, LIGHTED ROAD",SIDESWIPE SAME DIRECTION,DIVIDED - W/MEDIAN,"CURVE, LEVEL",WET,NO DEFECTS,Y,PHYSICAL CONDITION OF DRIVER,BEAT_103,2,9,0,2,41.920549,-87.594727
2026-09-08 22:21:00,35,CLEAR,DAYLIGHT,SIDESWIPE SAME DIRECTION,DIVIDED - W/MEDIAN,STRAIGHT AND LEVEL,SNOW OR SLUSH,NO DEFECTS,Y,FAILING TO YIELD RIGHT-OF-WAY,BEAT_104,2,9,0,2,41.938489,-87.577142
2026-09-09 03:52:00,30,RAIN,"DARKNESS, LIGHTED ROAD",REAR END,FOUR WAY INTERSECTION,"CURVE, LEVEL",WET,NO DEFECTS,N,FAILING TO YIELD RIGHT-OF-WAY,BEAT_109,2,9,1,3,42.015968,-87.524863
2026-09-09 05:38:00,35,CLEAR,"DARKNESS, LIGHTED ROAD",REAR END,NOT DIVIDED,STRAIGHT AND LEVEL,ICE,NO DEFECTS,N,DRIVING SKILLS/KNOWLEDGE/EXPERIENCE,BEAT_106,2,9,0,3,41.968838,-87.556986
2026-09-09 06:10:00,35,RAIN,DAYLIGHT,ANGLE,NOT DIVIDED,STRAIGHT AND LEVEL,ICE,WORN SURFACE,N,WEATHER,BEAT_111,2,9,0,3,42.046934,-87.498918
2026-09-09 06:19:00,20,CLEAR,"DARKNESS, LIGHTED ROAD",TURNING,DIVIDED - W/MEDIAN,STRAIGHT AND LEVEL,DRY,NO DEFECTS,N,FAILING TO YIELD RIGHT-OF-WAY,BEAT_113,2,9,0,3,42.075469,-87.473652
2026-09-09 08:25:00,25,RAIN,DARKNESS,SIDESWIPE SAME DIRECTION,FOUR WAY INTERSECTION,STRAIGHT AND LEVEL,SNOW OR SLUSH,"RUT, HOLES",Y,DRIVING SKILLS/KNOWLEDGE/EXPERIENCE,BEAT_104,2,9,0,3,41.939283,-87.586124
2026-09-09 11:54:00,35,CLEAR,DAYLIGHT,PARKED MOTOR VEHICLE,FOUR WAY INTERSECTION,STRAIGHT AND LEVEL,WET,NO DEFECTS,Y,PHYSICAL CONDITION OF DRIVER,BEAT_102,2,9,0,3,41.907665,-87.601991
2026-09-09 12:29:00,25,CLEAR,DARKNESS,REAR END,T-INTERSECTION,STRAIGHT AND LEVEL,DRY,WORN SURFACE,Y,FAILING TO YIELD RIGHT-OF-WAY,BEAT_111,2,9,0,3,42.042331,-87.499741
2026-09-09 14:06:00,45,CLEAR,DAYLIGHT,TURNING,T-INTERSECTION,STRAIGHT ON GRADE,SNOW OR SLUSH,NO DEFECTS,Y,DRIVING SKILLS/KNOWLEDGE/EXPERIENCE,BEAT_111,2,9,1,3,42.044781,-87.496225
2026-09-09 14:08:00,25,CLEAR,DAWN,REAR END,DIVIDED - W/MEDIAN,"CURVE, LEVEL",DRY,WORN SURFACE,N,FOLLOWING TOO CLOSELY,BEAT_106,4,9,0,3,41.967621,-87.559649
2026-09-09 15:12:00,30,SNOW,"DARKNESS, LIGHTED ROAD",ANGLE,DIVIDED - W/MEDIAN,STRAIGHT AND LEVEL,SNOW OR SLUSH,NO DEFECTS,Y,DRIVING SKILLS/KNOWLEDGE/EXPERIENCE,BEAT_114,2,9,0,3,42.090528,-87.463487
2026-09-09 19:35:00,25,CLEAR,DAYLIGHT,REAR END,ALLEY,STRAIGHT AND LEVEL,SNOW OR SLUSH,NO DEFECTS,N,WEATHER,BEAT_106,2,9,1,3,41.963131,-87.560265
2026-09-09 23:15:00,25,CLEAR,"DARKNESS, LIGHTED ROAD",PARKED MOTOR VEHICLE,DIVIDED - W/MEDIAN,STRAIGHT AND LEVEL,DRY,NO DEFECTS,N,WEATHER,BEAT_114,2,9,0,3,42.091636,-87.462554
2026-09-10 02:02:00,25,CLEAR,"DARKNESS, LIGHTED ROAD",FIXED OBJECT,NOT DIVIDED,STRAIGHT AND LEVEL,WET,"RUT, HOLES",Y,FAILING TO YIELD RIGHT-OF-WAY,BEAT_109,3,9,0,4,42.018822,-87.518576
2026-09-10 06:12:00,45,CLEAR,DAYLIGHT,SIDESWIPE SAME DIRECTION,ONE-WAY,STRAIGHT AND LEVEL,WET,"RUT, HOLES",Y,DRIVING SKILLS/KNOWLEDGE/EXPERIENCE,BEAT_104,2,9,0,4,41.942322,-87.580773
2026-09-10 16:58:00,40,CLEAR,DAYLIGHT,PEDESTRIAN,DIVIDED - W/MEDIAN,STRAIGHT ON GRADE,DRY,NO DEFECTS,Y,PHYSICAL CONDITION OF DRIVER,BEAT_101,2,9,0,4,41.898033,-87.624773
2026-09-10 22:07:00,30,CLEAR,DARKNESS,ANGLE,DIVIDED - W/MEDIAN,"CURVE, LEVEL",ICE,"RUT, HOLES",N,DRIVING SKILLS/KNOWLEDGE/EXPERIENCE,BEAT_105,2,9,0,4,41.953343,-87.56721
2026-09-11 00:15:00,45,CLEAR,DAYLIGHT,SIDESWIPE SAME DIRECTION,DIVIDED - W/MEDIAN,STRAIGHT AND LEVEL,DRY,NO DEFECTS,Y,FAILING TO YIELD RIGHT-OF-WAY,BEAT_105,3,9,0,5,41.955274,-87.568455
2026-09-11 00:31:00,30,CLEAR,"DARKNESS, LIGHTED ROAD",FIXED OBJECT,NOT DIVIDED,STRAIGHT ON GRADE,DRY,NO DEFECTS,N,DISREGARDING TRAFFIC SIGNALS,BEAT_104,2,9,0,5,41.937064,-87.57805