CRASH_DATE,POSTED_SPEED_LIMIT,WEATHER_CONDITION,LIGHTING_CONDITION,FIRST_CRASH_TYPE,TRAFFICWAY_TYPE,ALIGNMENT,ROADWAY_SURFACE_COND,ROAD_DEFECT,INTERSECTION_RELATED_I,PRIM_CONTRIBUTORY_CAUSE,BEAT_OF_OCCURRENCE,NUM_UNITS,CRASH_MONTH,INJURIES_TOTAL,CRASH_DAY_OF_WEEK,LATITUDE,LONGITUDE
2026-09-11 05:44:00,30,CLEAR,DUSK,REAR END,DIVIDED - W/MEDIAN,STRAIGHT AND LEVEL,DRY,NO DEFECTS,Y,FAILING TO YIELD RIGHT-OF-WAY,BEAT_118,2,9,0,5,42.149093,-87.414325
2026-09-11 07:50:00,30,CLEAR,DAYLIGHT,REAR END,ONE-WAY,STRAIGHT AND LEVEL,DRY,NO DEFECTS,N,WEATHER,BEAT_115,2,9,0,5,42.10281,-87.454295
2026-09-11 09:39:00,35,CLEAR,DAYLIGHT,REAR END,NOT DIVIDED,STRAIGHT AND LEVEL,WET,NO DEFECTS,N,FOLLOWING TOO CLOSELY,BEAT_108,2,9,0,5,41.998025,-87.534362
2026-09-11 10:16:00,30,SNOW,DAYLIGHT,ANGLE,NOT DIVIDED,STRAIGHT AND LEVEL,SNOW OR SLUSH,NO DEFECTS,Y,FAILING TO YIELD RIGHT-OF-WAY,BEAT_117,2,9,0,5,42.135007,-87.427446
2026-09-11 11:24:00,30,CLEAR,DAYLIGHT,TURNING,NOT DIVIDED,STRAIGHT AND LEVEL,DRY,NO DEFECTS,N,DRIVING SKILLS/KNOWLEDGE/EXPERIENCE,BEAT_101,2,9,0,5,41.895686,-87.618135
2026-09-11 13:36:00,50,CLEAR,DAYLIGHT,SIDESWIPE SAME DIRECTION,ONE-WAY,STRAIGHT AND LEVEL,DRY,"RUT, HOLES",Y,FOLLOWING TOO CLOSELY,BEAT_105,2,9,0,5,41.94863,-87.571763
2026-09-11 14:09:00,30,RAIN,"DARKNESS, LIGHTED ROAD",PARKED MOTOR VEHICLE,DIVIDED - W/MEDIAN,STRAIGHT AND LEVEL,ICE,NO DEFECTS,N,DISREGARDING TRAFFIC SIGNALS,BEAT_112,2,9,0,5,42.061398,-87.486355
2026-09-11 14:54:00,35,CLEAR,DAYLIGHT,SIDESWIPE SAME DIRECTION,DIVIDED - W/MEDIAN,STRAIGHT AND LEVEL,DRY,NO DEFECTS,Y,PHYSICAL CONDITION OF DRIVER,BEAT_120,2,9,0,5,42.179537,-87.392661
2026-09-11 15:26:00,30,RAIN,DAYLIGHT,REAR END,DIVIDED - W/MEDIAN,STRAIGHT AND LEVEL,SNOW OR SLUSH,NO DEFECTS,N,DRIVING SKILLS/KNOWLEDGE/EXPERIENCE,BEAT_113,3,9,0,5,42.074997,-87.46874
2026-09-11 15:59:00,25,CLEAR,"DARKNESS, LIGHTED ROAD",REAR END,ONE-WAY,STRAIGHT ON GRADE,DRY,NO DEFECTS,N,DISREGARDING TRAFFIC SIGNALS,BEAT_102,2,9,0,5,41.909522,-87.607962
2026-09-11 16:04:00,30,RAIN,DAYLIGHT,REAR END,DIVIDED - W/MEDIAN,STRAIGHT AND LEVEL,SNOW OR SLUSH,NO DEFECTS,Y,FAILING TO YIELD RIGHT-OF-WAY,BEAT_115,1,9,1,5,42.104067,-87.449572
2026-09-11 18:19:00,35,CLEAR,"DARKNESS, LIGHTED ROAD",ANGLE,DIVIDED - W/MEDIAN,STRAIGHT AND LEVEL,WET,NO DEFECTS,Y,DISREGARDING TRAFFIC SIGNALS,BEAT_118,2,9,2,5,42.147861,-87.414576
2026-09-11 22:25:00,25,CLEAR,DAYLIGHT,TURNING,ONE-WAY,STRAIGHT AND LEVEL,DRY,NO DEFECTS,N,FAILING TO YIELD RIGHT-OF-WAY,BEAT_116,2,9,0,5,42.11298,-87.440315
2026-09-12 00:06:00,45,CLEAR,DAYLIGHT,SIDESWIPE SAME DIRECTION,ONE-WAY,STRAIGHT AND LEVEL,DRY,NO DEFECTS,Y,WEATHER,BEAT_113,2,9,1,6,42.079564,-87.475864
2026-09-12 01:36:00,30,RAIN,DAYLIGHT,TURNING,T-INTERSECTION,STRAIGHT ON GRADE,SNOW OR SLUSH,DEBRIS ON ROAD,N,DISREGARDING TRAFFIC SIGNALS,BEAT_108,2,9,0,6,41.997739,-87.535164
2026-09-12 01:46:00,30,CLEAR,DAYLIGHT,REAR END,NOT DIVIDED,STRAIGHT AND LEVEL,WET,NO DEFECTS,Y,DISREGARDING TRAFFIC SIGNALS,BEAT_109,2,9,0,6,42.017716,-87.515488
2026-09-12 08:27:00,25,CLEAR,DAYLIGHT,REAR END,ALLEY,STRAIGHT AND LEVEL,DRY,NO DEFECTS,Y,FAILING TO YIELD RIGHT-OF-WAY,BEAT_116,1,9,2,6,42.11429,-87.438456
2026-09-12 11:07:00,30,CLEAR,DAYLIGHT,PARKED MOTOR VEHICLE,NOT DIVIDED,STRAIGHT AND LEVEL,DRY,SHOULDER DEFECT,Y,FOLLOWING TOO CLOSELY,BEAT_102,2,9,0,6,41.908182,-87.61081
2026-09-12 12:11:00,25,CLEAR,"DARKNESS, LIGHTED ROAD",REAR END,T-INTERSECTION,STRAIGHT AND LEVEL,WET,NO DEFECTS,Y,WEATHER,BEAT_109,2,9,0,6,42.012918,-87.521724
2026-09-12 14:47:00,25,CLEAR,"DARKNESS, LIGHTED ROAD",REAR END,DIVIDED - W/MEDIAN,STRAIGHT AND LEVEL,DRY,NO DEFECTS,N,FAILING TO YIELD RIGHT-OF-WAY,BEAT_104,2,9,0,6,41.93761,-87.576941
2026-09-12 15:01:00,30,CLEAR,DAYLIGHT,PARKED MOTOR VEHICLE,NOT DIVIDED,STRAIGHT AND LEVEL,DRY,NO DEFECTS,Y,PHYSICAL CONDITION OF DRIVER,BEAT_107,2,9,0,6,41.982013,-87.543575
2026-09-12 20:09:00,35,RAIN,DAYLIGHT,SIDESWIPE SAME DIRECTION,DIVIDED - W/MEDIAN,STRAIGHT AND LEVEL,WET,NO DEFECTS,N,FAILING TO YIELD RIGHT-OF-WAY,BEAT_119,2,9,0,6,42.161407,-87.401251
2026-09-12 22:14:00,45,CLEAR,"DARKNESS, LIGHTED ROAD",SIDESWIPE SAME DIRECTION,DIVIDED - W/MEDIAN,STRAIGHT AND LEVEL,DRY,NO DEFECTS,N,DRIVING SKILLS/KNOWLEDGE/EXPERIENCE,BEAT_113,2,9,0,6,42.070003,-87.471978
2026-09-12 22:39:00,35,CLEAR,"DARKNESS, LIGHTED ROAD",PARKED MOTOR VEHICLE,DIVIDED - W/MEDIAN,STRAIGHT AND LEVEL,DRY,NO DEFECTS,N,FAILING TO YIELD RIGHT-OF-WAY,BEAT_120,2,9,0,6,42.178335,-87.392338
2026-09-13 03:00:00,25,CLEAR,DAYLIGHT,TURNING,DIVIDED - W/MEDIAN,STRAIGHT AND LEVEL,DRY,NO DEFECTS,Y,FAILING TO YIELD RIGHT-OF-WAY,BEAT_112,2,9,1,7,42.056767,-87.488338
2026-09-13 03:57:00,25,CLEAR,DAYLIGHT,SIDESWIPE SAME DIRECTION,ONE-WAY,STRAIGHT AND LEVEL,WET,NO DEFECTS,Y,DRIVING SKILLS/KNOWLEDGE/EXPERIENCE,BEAT_114,2,9,0,7,42.087866,-87.459919
2026-09-13 15:28:00,25,CLEAR,"DARKNESS, LIGHTED ROAD",ANGLE,DIVIDED - W/MEDIAN,CURVE ON GRADE,WET,NO DEFECTS,Y,FAILING TO YIELD RIGHT-OF-WAY,BEAT_111,2,9,0,7,42.03934,-87.50053
2026-09-13 16:51:00,35,CLEAR,DARKNESS,SIDESWIPE SAME DIRECTION,T-INTERSECTION,STRAIGHT AND LEVEL,DRY,NO DEFECTS,Y,IMPROPER OVERTAKING/PASSING,BEAT_102,1,9,2,7,41.911099,-87.60318
2026-09-13 17:30:00,35,CLEAR,DAYLIGHT,TURNING,ONE-WAY,STRAIGHT AND LEVEL,DRY,NO DEFECTS,N,DRIVING SKILLS/KNOWLEDGE/EXPERIENCE,BEAT_111,1,9,0,7,42.047915,-87.495961
2026-09-13 19:17:00,35,CLEAR,DAYLIGHT,TURNING,ONE-WAY,STRAIGHT AND LEVEL,SNOW OR SLUSH,NO DEFECTS,Y,FOLLOWING TOO CLOSELY,BEAT_107,3,9,0,7,41.980486,-87.544073
2026-09-13 19:22:00,30,CLEAR,"DARKNESS, LIGHTED ROAD",SIDESWIPE SAME DIRECTION,NOT DIVIDED,STRAIGHT AND LEVEL,WET,NO DEFECTS,N,FAILING TO YIELD RIGHT-OF-WAY,BEAT_105,2,9,0,7,41.950407,-87.569623
2026-09-13 21:19:00,40,CLEAR,DAYLIGHT,REAR END,NOT DIVIDED,STRAIGHT AND LEVEL,WET,NO DEFECTS,N,DRIVING SKILLS/KNOWLEDGE/EXPERIENCE,BEAT_114,2,9,0,7,42.090626,-87.458898
2026-09-13 21:41:00,25,CLEAR,"DARKNESS, LIGHTED ROAD",SIDESWIPE SAME DIRECTION,DIVIDED - W/MEDIAN,STRAIGHT AND LEVEL,DRY,NO DEFECTS,Y,WEATHER,BEAT_110,2,9,0,7,42.034051,-87.507528
2026-09-13 21:56:00,25,CLEAR,DAYLIGHT,REAR END,T-INTERSECTION,STRAIGHT AND LEVEL,DRY,NO DEFECTS,N,FAILING TO YIELD RIGHT-OF-WAY,BEAT_117,2,9,0,7,42.129434,-87.42349
2026-09-13 23:47:00,35,CLEAR,"DARKNESS, LIGHTED ROAD",SIDESWIPE SAME DIRECTION,T-INTERSECTION,"CURVE, LEVEL",DRY,NO DEFECTS,Y,WEATHER,BEAT_115,2,9,0,7,42.100315,-87.450167
2026-09-14 00:03:00,25,CLEAR,DAYLIGHT,ANGLE,DIVIDED - W/MEDIAN,"CURVE, LEVEL",DRY,NO DEFECTS,N,DRIVING SKILLS/KNOWLEDGE/EXPERIENCE,BEAT_114,1,9,0,1,42.086708,-87.46273
2026-09-14 00:48:00,30,CLEAR,"DARKNESS, LIGHTED ROAD",REAR END,DIVIDED - W/MEDIAN,"CURVE, LEVEL",DRY,NO DEFECTS,N,FOLLOWING TOO CLOSELY,BEAT_115,2,9,1,1,42.098269,-87.445915
2026-09-14 06:20:00,30,CLEAR,"DARKNESS, LIGHTED ROAD",REAR END,T-INTERSECTION,"CURVE, LEVEL",DRY,NO DEFECTS,Y,FAILING TO YIELD RIGHT-OF-WAY,BEAT_101,2,9,0,1,41.888476,-87.615773
2026-09-14 16:04:00,45,CLEAR,"DARKNESS, LIGHTED ROAD",ANGLE,DIVIDED - W/MEDIAN,STRAIGHT AND LEVEL,DRY,NO DEFECTS,N,IMPROPER OVERTAKING/PASSING,BEAT_118,2,9,0,1,42.14718,-87.411366
2026-09-14 16:15:00,35,CLEAR,DAWN,FIXED OBJECT,T-INTERSECTION,"CURVE, LEVEL",DRY,NO DEFECTS,N,FAILING TO YIELD RIGHT-OF-WAY,BEAT_109,2,9,0,1,42.01536,-87.521399
2026-09-14 21:00:00,25,RAIN,DAYLIGHT,PEDESTRIAN,DIVIDED - W/MEDIAN,STRAIGHT AND LEVEL,WET,NO DEFECTS,Y,FOLLOWING TOO CLOSELY,BEAT_119,2,9,1,1,42.161099,-87.406131
2026-09-14 23:23:00,25,RAIN,"DARKNESS, LIGHTED ROAD",ANGLE,NOT DIVIDED,STRAIGHT AND LEVEL,WET,"RUT, HOLES",N,FOLLOWING TOO CLOSELY,BEAT_104,2,9,0,1,41.9361,-87.586904
2026-09-14 23:32:00,55,CLEAR,DAYLIGHT,REAR END,NOT DIVIDED,STRAIGHT AND LEVEL,DRY,"RUT, HOLES",Y,FOLLOWING TOO CLOSELY,BEAT_105,2,9,1,1,41.955157,-87.568649
2026-09-14 23:53:00,50,CLEAR,"DARKNESS, LIGHTED ROAD",SIDESWIPE SAME DIRECTION,FOUR WAY INTERSECTION,"CURVE, LEVEL",DRY,NO DEFECTS,N,FOLLOWING TOO CLOSELY,BEAT_120,2,9,0,1,42.174656,-87.387278
2026-09-15 04:06:00,45,RAIN,DAYLIGHT,SIDESWIPE SAME DIRECTION,FOUR WAY INTERSECTION,STRAIGHT AND LEVEL,SNOW OR SLUSH,NO DEFECTS,Y,FAILING TO YIELD RIGHT-OF-WAY,BEAT_112,2,9,0,2,42.058762,-87.488831
2026-09-15 06:48:00,25,RAIN,DAYLIGHT,PARKED MOTOR VEHICLE,NOT DIVIDED,STRAIGHT AND LEVEL,WET,NO DEFECTS,N,DRIVING SKILLS/KNOWLEDGE/EXPERIENCE,BEAT_114,1,9,0,2,42.088118,-87.458822
2026-09-15 08:18:00,35,CLEAR,DAYLIGHT,ANGLE,NOT DIVIDED,"CURVE, LEVEL",DRY,NO DEFECTS,Y,FAILING TO YIELD RIGHT-OF-WAY,BEAT_106,2,9,1,2,41.962463,-87.557269
2026-09-15 10:22:00,35,CLEAR,"DARKNESS, LIGHTED ROAD",TURNING,NOT DIVIDED,STRAIGHT AND LEVEL,ICE,NO DEFECTS,Y,DISREGARDING TRAFFIC SIGNALS,BEAT_108,2,9,0,2,41.997253,-87.533246
2026-09-15 12:18:00,30,RAIN,DAYLIGHT,REAR END,DIVIDED - W/MEDIAN,STRAIGHT AND LEVEL,WET,NO DEFECTS,Y,DRIVING SKILLS/KNOWLEDGE/EXPERIENCE,BEAT_116,2,9,0,2,42.118541,-87.442949
2026-09-15 14:22:00,55,CLEAR,DAYLIGHT,REAR END,DIVIDED - W/MEDIAN,STRAIGHT AND LEVEL,DRY,NO DEFECTS,Y,FAILING TO YIELD RIGHT-OF-WAY,BEAT_117,1,9,0,2,42.130107,-87.425807
2026-09-15 14:28:00,40,CLEAR,DAYLIGHT,ANGLE,NOT DIVIDED,STRAIGHT AND LEVEL,DRY,NO DEFECTS,Y,FAILING TO YIELD RIGHT-OF-WAY,BEAT_103,2,9,0,2,41.921156,-87.592916
2026-09-15 20:14:00,40,CLEAR,"DARKNESS, LIGHTED ROAD",TURNING,ONE-WAY,STRAIGHT AND LEVEL,DRY,NO DEFECTS,Y,DRIVING SKILLS/KNOWLEDGE/EXPERIENCE,BEAT_120,2,9,0,2,42.176514,-87.388041
2026-09-15 22:39:00,20,SEVERE RAIN,"DARKNESS, LIGHTED ROAD",SIDESWIPE SAME DIRECTION,ONE-WAY,STRAIGHT AND LEVEL,SNOW OR SLUSH,"RUT, HOLES",N,WEATHER,BEAT_114,2,9,0,2,42.087354,-87.461107
2026-09-16 00:43:00,30,CLEAR,"DARKNESS, LIGHTED ROAD",TURNING,NOT DIVIDED,STRAIGHT AND LEVEL,WET,NO DEFECTS,N,FOLLOWING TOO CLOSELY,BEAT_115,2,9,1,3,42.10345,-87.44936
2026-09-16 03:04:00,30,CLEAR,DAYLIGHT,REAR END,FOUR WAY INTERSECTION,STRAIGHT AND LEVEL,WET,NO DEFECTS,N,IMPROPER OVERTAKING/PASSING,BEAT_120,2,9,0,3,42.184409,-87.387361
2026-09-16 03:56:00,35,CLEAR,DAYLIGHT,SIDESWIPE SAME DIRECTION,ONE-WAY,"CURVE, LEVEL",WET,NO DEFECTS,N,FAILING TO YIELD RIGHT-OF-WAY,BEAT_105,1,9,0,3,41.952509,-87.571194
2026-09-16 04:35:00,25,SNOW,"DARKNESS, LIGHTED ROAD",REAR END,FOUR WAY INTERSECTION,STRAIGHT AND LEVEL,WET,NO DEFECTS,N,DRIVING SKILLS/KNOWLEDGE/EXPERIENCE,BEAT_106,1,9,0,3,41.971388,-87.561693
2026-09-16 05:39:00,30,CLEAR,DAYLIGHT,PARKED MOTOR VEHICLE,NOT DIVIDED,STRAIGHT AND LEVEL,SNOW OR SLUSH,NO DEFECTS,Y,DRIVING SKILLS/KNOWLEDGE/EXPERIENCE,BEAT_113,2,9,1,3,42.072839,-87.474719
2026-09-16 08:05:00,25,CLEAR,DUSK,TURNING,DIVIDED - W/MEDIAN,STRAIGHT ON GRADE,WET,NO DEFECTS,N,FAILING TO YIELD RIGHT-OF-WAY,BEAT_116,2,9,0,3,42.118292,-87.443169
2026-09-16 10:28:00,25,CLEAR,"DARKNESS, LIGHTED ROAD",PARKED MOTOR VEHICLE,FOUR WAY INTERSECTION,STRAIGHT AND LEVEL,WET,WORN SURFACE,Y,FAILING TO YIELD RIGHT-OF-WAY,BEAT_116,3,9,0,3,42.11663,-87.436516
2026-09-16 17:42:00,35,CLEAR,DAYLIGHT,PARKED MOTOR VEHICLE,ONE-WAY,STRAIGHT AND LEVEL,DRY,NO DEFECTS,N,FAILING TO YIELD RIGHT-OF-WAY,BEAT_108,2,9,0,3,42.005731,-87.533252
2026-09-16 19:09:00,25,RAIN,DAYLIGHT,TURNING,T-INTERSECTION,"CURVE, LEVEL",ICE,NO DEFECTS,Y,DRIVING SKILLS/KNOWLEDGE/EXPERIENCE,BEAT_101,2,9,1,3,41.895318,-87.619622
2026-09-16 20:07:00,30,CLEAR,DAYLIGHT,SIDESWIPE SAME DIRECTION,NOT DIVIDED,STRAIGHT AND LEVEL,ICE,NO DEFECTS,Y,WEATHER,BEAT_115,2,9,0,3,42.095086,-87.449835
2026-09-16 20:33:00,20,CLEAR,DAYLIGHT,REAR END,NOT DIVIDED,STRAIGHT AND LEVEL,SNOW OR SLUSH,NO DEFECTS,Y,WEATHER,BEAT_117,3,9,0,3,42.130295,-87.428203
2026-09-16 21:43:00,30,CLEAR,DARKNESS,SIDESWIPE SAME DIRECTION,DIVIDED - W/MEDIAN,STRAIGHT AND LEVEL,WET,WORN SURFACE,Y,PHYSICAL CONDITION OF DRIVER,BEAT_110,2,9,0,3,42.024179,-87.51728
2026-09-17 03:05:00,25,CLEAR,"DARKNESS, LIGHTED ROAD",PARKED MOTOR VEHICLE,NOT DIVIDED,STRAIGHT AND LEVEL,DRY,NO DEFECTS,N,FAILING TO YIELD RIGHT-OF-WAY,BEAT_120,3,9,0,4,42.179084,-87.392217
2026-09-17 06:59:00,30,RAIN,DAYLIGHT,REAR END,ONE-WAY,STRAIGHT AND LEVEL,WET,NO DEFECTS,N,DISREGARDING TRAFFIC SIGNALS,BEAT_117,1,9,1,4,42.133702,-87.425529
2026-09-17 07:04:00,30,CLEAR,DAYLIGHT,REAR END,ONE-WAY,STRAIGHT AND LEVEL,DRY,NO DEFECTS,Y,WEATHER,BEAT_112,2,9,1,4,42.056655,-87.488727
2026-09-17 08:03:00,30,CLEAR,DARKNESS,ANGLE,NOT DIVIDED,STRAIGHT AND LEVEL,DRY,NO DEFECTS,N,FAILING TO YIELD RIGHT-OF-WAY,BEAT_103,2,9,0,4,41.919158,-87.600821
2026-09-17 12:03:00,35,CLEAR,DAYLIGHT,SIDESWIPE SAME DIRECTION,NOT DIVIDED,STRAIGHT AND LEVEL,WET,NO DEFECTS,Y,DRIVING SKILLS/KNOWLEDGE/EXPERIENCE,BEAT_107,2,9,0,4,41.989113,-87.548215
2026-09-17 14:46:00,30,CLEAR,DAYLIGHT,REAR END,NOT DIVIDED,STRAIGHT AND LEVEL,ICE,NO DEFECTS,Y,WEATHER,BEAT_106,2,9,0,4,41.965324,-87.562708
2026-09-17 17:02:00,25,CLEAR,DAYLIGHT,PEDESTRIAN,ONE-WAY,STRAIGHT AND LEVEL,DRY,NO DEFECTS,N,WEATHER,BEAT_116,2,9,0,4,42.11849,-87.434596
2026-09-17 17:50:00,30,CLEAR,"DARKNESS, LIGHTED ROAD",REAR END,NOT DIVIDED,STRAIGHT AND LEVEL,DRY,NO DEFECTS,N,DRIVING SKILLS/KNOWLEDGE/EXPERIENCE,BEAT_107,2,9,0,4,41.985297,-87.541893
2026-09-17 21:21:00,30,CLEAR,"DARKNESS, LIGHTED ROAD",PARKED MOTOR VEHICLE,DIVIDED - W/MEDIAN,STRAIGHT AND LEVEL,DRY,NO DEFECTS,Y,FOLLOWING TOO CLOSELY,BEAT_105,2,9,0,4,41.954718,-87.56257
2026-09-17 21:30:00,30,CLEAR,"DARKNESS, LIGHTED ROAD",REAR END,DIVIDED - W/MEDIAN,"CURVE, LEVEL",WET,WORN SURFACE,Y,FOLLOWING TOO CLOSELY,BEAT_102,3,9,0,4,41.915137,-87.606123
2026-09-17 23:04:00,30,CLEAR,DAYLIGHT,PEDESTRIAN,DIVIDED - W/MEDIAN,STRAIGHT AND LEVEL,DRY,NO DEFECTS,Y,FAILING TO YIELD RIGHT-OF-WAY,BEAT_103,1,9,0,4,41.918586,-87.59237
2026-09-18 06:12:00,25,CLEAR,DAYLIGHT,SIDESWIPE SAME DIRECTION,NOT DIVIDED,STRAIGHT AND LEVEL,DRY,NO DEFECTS,Y,DISREGARDING TRAFFIC SIGNALS,BEAT_108,1,9,0,5,41.999946,-87.534959
2026-09-18 13:03:00,25,CLEAR,DAYLIGHT,REAR END,DIVIDED - W/MEDIAN,STRAIGHT AND LEVEL,DRY,NO DEFECTS,N,WEATHER,BEAT_114,2,9,0,5,42.084335,-87.461942
2026-09-18 15:47:00,30,RAIN,DAYLIGHT,REAR END,NOT DIVIDED,STRAIGHT ON GRADE,ICE,SHOULDER DEFECT,Y,DRIVING SKILLS/KNOWLEDGE/EXPERIENCE,BEAT_102,1,9,2,5,41.909018,-87.60635
2026-09-18 16:46:00,30,CLEAR,DAYLIGHT,SIDESWIPE SAME DIRECTION,DIVIDED - W/MEDIAN,STRAIGHT AND LEVEL,WET,NO DEFECTS,N,DISREGARDING TRAFFIC SIGNALS,BEAT_104,2,9,0,5,41.937698,-87.58901
2026-09-18 16:53:00,35,CLEAR,DAYLIGHT,TURNING,ONE-WAY,STRAIGHT AND LEVEL,DRY,NO DEFECTS,N,DRIVING SKILLS/KNOWLEDGE/EXPERIENCE,BEAT_107,2,9,0,5,41.986468,-87.54633
2026-09-18 20:02:00,30,CLEAR,DAYLIGHT,SIDESWIPE SAME DIRECTION,DIVIDED - W/MEDIAN,STRAIGHT AND LEVEL,DRY,NO DEFECTS,N,FOLLOWING TOO CLOSELY,BEAT_107,1,9,0,5,41.983041,-87.546967
2026-09-18 20:16:00,25,CLEAR,DAYLIGHT,SIDESWIPE SAME DIRECTION,DIVIDED - W/MEDIAN,STRAIGHT ON GRADE,DRY,NO DEFECTS,N,IMPROPER OVERTAKING/PASSING,BEAT_116,2,9,0,5,42.112875,-87.440965
2026-09-19 01:15:00,30,CLEAR,DAYLIGHT,ANGLE,ALLEY,STRAIGHT AND LEVEL,WET,NO DEFECTS,N,IMPROPER OVERTAKING/PASSING,BEAT_105,2,9,0,6,41.957041,-87.570645
2026-09-19 01:27:00,25,SNOW,DAYLIGHT,TURNING,NOT DIVIDED,STRAIGHT AND LEVEL,WET,NO DEFECTS,N,DRIVING SKILLS/KNOWLEDGE/EXPERIENCE,BEAT_112,2,9,0,6,42.058903,-87.487762
2026-09-19 03:26:00,30,CLEAR,"DARKNESS, LIGHTED ROAD",ANGLE,ONE-WAY,STRAIGHT AND LEVEL,DRY,WORN SURFACE,Y,DRIVING SKILLS/KNOWLEDGE/EXPERIENCE,BEAT_115,2,9,0,6,42.106356,-87.450865
2026-09-19 03:58:00,40,CLEAR,DAYLIGHT,TURNING,NOT DIVIDED,STRAIGHT AND LEVEL,WET,NO DEFECTS,N,DISREGARDING TRAFFIC SIGNALS,BEAT_117,2,9,0,6,42.132665,-87.418942
2026-09-19 05:13:00,25,CLEAR,"DARKNESS, LIGHTED ROAD",SIDESWIPE SAME DIRECTION,NOT DIVIDED,STRAIGHT AND LEVEL,DRY,NO DEFECTS,Y,FOLLOWING TOO CLOSELY,BEAT_105,2,9,1,6,41.955057,-87.565036
2026-09-19 05:55:00,25,SNOW,DAYLIGHT,TURNING,NOT DIVIDED,STRAIGHT AND LEVEL,WET,NO DEFECTS,N,DISREGARDING TRAFFIC SIGNALS,BEAT_105,2,9,0,6,41.945569,-87.569916
2026-09-19 09:38:00,25,CLEAR,DAWN,REAR END,NOT DIVIDED,STRAIGHT AND LEVEL,DRY,WORN SURFACE,Y,WEATHER,BEAT_119,2,9,0,6,42.168341,-87.402076
2026-09-19 11:28:00,25,CLEAR,DARKNESS,ANGLE,FOUR WAY INTERSECTION,STRAIGHT ON GRADE,DRY,NO DEFECTS,N,FAILING TO YIELD RIGHT-OF-WAY,BEAT_113,3,9,0,6,42.07248,-87.474526
2026-09-19 12:09:00,30,RAIN,DAYLIGHT,REAR END,DIVIDED - W/MEDIAN,STRAIGHT ON GRADE,WET,NO DEFECTS,Y,FAILING TO YIELD RIGHT-OF-WAY,BEAT_119,2,9,0,6,42.160221,-87.399607
2026-09-19 12:22:00,55,CLEAR,DAYLIGHT,FIXED OBJECT,DIVIDED - W/MEDIAN,STRAIGHT AND LEVEL,DRY,NO DEFECTS,Y,FAILING TO YIELD RIGHT-OF-WAY,BEAT_107,1,9,1,6,41.983865,-87.548331
2026-09-19 16:22:00,30,CLEAR,"DARKNESS, LIGHTED ROAD",SIDESWIPE SAME DIRECTION,FOUR WAY INTERSECTION,STRAIGHT AND LEVEL,WET,NO DEFECTS,Y,FOLLOWING TOO CLOSELY,BEAT_103,2,9,1,6,41.925741,-87.600109
2026-09-19 18:30:00,20,CLEAR,"DARKNESS, LIGHTED ROAD",PARKED MOTOR VEHICLE,DIVIDED - W/MEDIAN,STRAIGHT AND LEVEL,DRY,NO DEFECTS,Y,DRIVING SKILLS/KNOWLEDGE/EXPERIENCE,BEAT_102,2,9,2,6,41.911308,-87.605812
2026-09-19 19:25:00,30,CLEAR,DAYLIGHT,ANGLE,DIVIDED - W/MEDIAN,STRAIGHT AND LEVEL,DRY,NO DEFECTS,Y,DRIVING SKILLS/KNOWLEDGE/EXPERIENCE,BEAT_107,2,9,0,6,41.981452,-87.548306
2026-09-19 19:51:00,35,CLEAR,DAYLIGHT,PARKED MOTOR VEHICLE,NOT DIVIDED,STRAIGHT AND LEVEL,DRY,NO DEFECTS,Y,FAILING TO YIELD RIGHT-OF-WAY,BEAT_103,2,9,0,6,41.924035,-87.595146
2026-09-20 00:31:00,25,RAIN,DAYLIGHT,SIDESWIPE SAME DIRECTION,NOT DIVIDED,STRAIGHT AND LEVEL,WET,SHOULDER DEFECT,Y,WEATHER,BEAT_113,2,9,1,7,42.064784,-87.468063
2026-09-20 09:56:00,35,CLEAR,DAYLIGHT,TURNING,DIVIDED - W/MEDIAN,STRAIGHT AND LEVEL,DRY,NO DEFECTS,Y,DRIVING SKILLS/KNOWLEDGE/EXPERIENCE,BEAT_116,2,9,0,7,42.119718,-87.437697
2026-09-20 10:26:00,20,CLEAR,DAYLIGHT,REAR END,FOUR WAY INTERSECTION,STRAIGHT AND LEVEL,WET,NO DEFECTS,N,FAILING TO YIELD RIGHT-OF-WAY,BEAT_107,2,9,0,7,41.982837,-87.54426
2026-09-20 16:36:00,25,RAIN,DAYLIGHT,SIDESWIPE SAME DIRECTION,DIVIDED - W/MEDIAN,STRAIGHT ON GRADE,WET,NO DEFECTS,Y,DRIVING SKILLS/KNOWLEDGE/EXPERIENCE,BEAT_114,2,9,1,7,42.090679,-87.463884
2026-09-20 19:06:00,25,CLEAR,DAYLIGHT,ANGLE,DIVIDED - W/MEDIAN,STRAIGHT AND LEVEL,DRY,NO DEFECTS,N,DISREGARDING TRAFFIC SIGNALS,BEAT_117,1,9,2,7,42.13169,-87.421906