CRASH_DATE,POSTED_SPEED_LIMIT,WEATHER_CONDITION,LIGHTING_CONDITION,FIRST_CRASH_TYPE,TRAFFICWAY_TYPE,ALIGNMENT,ROADWAY_SURFACE_COND,ROAD_DEFECT,INTERSECTION_RELATED_I,PRIM_CONTRIBUTORY_CAUSE,BEAT_OF_OCCURRENCE,NUM_UNITS,CRASH_MONTH,INJURIES_TOTAL,CRASH_DAY_OF_WEEK,LATITUDE,LONGITUDE
2026-09-21 06:36:00,25,FOG/SMOKE/HAZE,DAYLIGHT,ANGLE,NOT DIVIDED,CURVE ON GRADE,WET,NO DEFECTS,Y,FOLLOWING TOO CLOSELY,BEAT_105,3,9,0,1,41.948382,-87.567528
2026-09-21 09:33:00,30,FOG/SMOKE/HAZE,DAYLIGHT,SIDESWIPE SAME DIRECTION,FOUR WAY INTERSECTION,"CURVE, LEVEL",WET,NO DEFECTS,N,WEATHER,BEAT_109,2,9,0,1,42.012144,-87.524889
2026-09-21 09:45:00,25,CLEAR,DAYLIGHT,REAR END,FOUR WAY INTERSECTION,STRAIGHT AND LEVEL,DRY,NO DEFECTS,N,FAILING TO YIELD RIGHT-OF-WAY,BEAT_119,1,9,0,1,42.16264,-87.402064
2026-09-21 12:07:00,30,CLEAR,"DARKNESS, LIGHTED ROAD",REAR END,FOUR WAY INTERSECTION,STRAIGHT AND LEVEL,DRY,NO DEFECTS,N,DISREGARDING TRAFFIC SIGNALS,BEAT_102,2,9,0,1,41.904014,-87.604602
2026-09-21 20:59:00,25,RAIN,DAYLIGHT,ANGLE,NOT DIVIDED,STRAIGHT AND LEVEL,WET,NO DEFECTS,N,FAILING TO YIELD RIGHT-OF-WAY,BEAT_112,2,9,0,1,42.057957,-87.484244
2026-09-22 02:03:00,25,CLEAR,DAWN,SIDESWIPE SAME DIRECTION,NOT DIVIDED,STRAIGHT AND LEVEL,DRY,NO DEFECTS,N,FAILING TO YIELD RIGHT-OF-WAY,BEAT_106,2,9,0,2,41.96784,-87.556171
2026-09-22 04:57:00,30,CLEAR,"DARKNESS, LIGHTED ROAD",REAR END,ALLEY,STRAIGHT AND LEVEL,DRY,NO DEFECTS,Y,PHYSICAL CONDITION OF DRIVER,BEAT_117,2,9,2,2,42.134347,-87.4219
2026-09-22 05:57:00,30,CLEAR,DARKNESS,REAR END,T-INTERSECTION,STRAIGHT AND LEVEL,DRY,WORN SURFACE,Y,FAILING TO YIELD RIGHT-OF-WAY,BEAT_104,2,9,1,2,41.940683,-87.578016
2026-09-22 06:17:00,25,CLEAR,DAYLIGHT,PARKED MOTOR VEHICLE,NOT DIVIDED,STRAIGHT AND LEVEL,DRY,NO DEFECTS,N,FOLLOWING TOO CLOSELY,BEAT_109,1,9,0,2,42.019562,-87.524717
2026-09-22 06:47:00,25,CLEAR,DAYLIGHT,ANGLE,NOT DIVIDED,STRAIGHT AND LEVEL,DRY,"RUT, HOLES",Y,FOLLOWING TOO CLOSELY,BEAT_103,3,9,0,2,41.925933,-87.595873
2026-09-22 08:17:00,25,CLEAR,DAYLIGHT,REAR END,ONE-WAY,STRAIGHT AND LEVEL,DRY,NO DEFECTS,N,FOLLOWING TOO CLOSELY,BEAT_105,2,9,2,2,41.957513,-87.573934
2026-09-22 13:59:00,30,CLEAR,DAYLIGHT,REAR END,DIVIDED - W/MEDIAN,STRAIGHT AND LEVEL,DRY,NO DEFECTS,Y,DRIVING SKILLS/KNOWLEDGE/EXPERIENCE,BEAT_118,2,9,0,2,42.147681,-87.41198
2026-09-22 17:37:00,55,RAIN,"DARKNESS, LIGHTED ROAD",ANGLE,DIVIDED - W/MEDIAN,STRAIGHT AND LEVEL,WET,NO DEFECTS,N,DRIVING SKILLS/KNOWLEDGE/EXPERIENCE,BEAT_119,2,9,0,2,42.165433,-87.407814
2026-09-22 19:19:00,25,CLEAR,DAYLIGHT,ANGLE,DIVIDED - W/MEDIAN,STRAIGHT AND LEVEL,WET,NO DEFECTS,Y,DISREGARDING TRAFFIC SIGNALS,BEAT_108,2,9,0,2,41.997767,-87.534202
2026-09-22 19:55:00,25,CLEAR,DAYLIGHT,REAR END,NOT DIVIDED,STRAIGHT AND LEVEL,DRY,NO DEFECTS,N,FAILING TO YIELD RIGHT-OF-WAY,BEAT_103,2,9,0,2,41.9205,-87.594318
2026-09-22 20:02:00,30,CLEAR,"DARKNESS, LIGHTED ROAD",ANGLE,NOT DIVIDED,STRAIGHT AND LEVEL,SNOW OR SLUSH,NO DEFECTS,N,WEATHER,BEAT_113,1,9,0,2,42.072888,-87.472265
2026-09-23 00:44:00,25,RAIN,"DARKNESS, LIGHTED ROAD",SIDESWIPE SAME DIRECTION,NOT DIVIDED,STRAIGHT AND LEVEL,SNOW OR SLUSH,NO DEFECTS,N,WEATHER,BEAT_109,2,9,0,3,42.011595,-87.517382
2026-09-23 00:58:00,45,CLEAR,"DARKNESS, LIGHTED ROAD",TURNING,DIVIDED - W/MEDIAN,"CURVE, LEVEL",ICE,NO DEFECTS,N,FAILING TO YIELD RIGHT-OF-WAY,BEAT_102,2,9,0,3,41.906792,-87.607712
2026-09-23 01:10:00,55,SEVERE RAIN,DAYLIGHT,REAR END,DIVIDED - W/MEDIAN,STRAIGHT AND LEVEL,WET,NO DEFECTS,N,FOLLOWING TOO CLOSELY,BEAT_118,2,9,0,3,42.148546,-87.414811
2026-09-23 04:21:00,25,SNOW,DAYLIGHT,SIDESWIPE SAME DIRECTION,DIVIDED - W/MEDIAN,STRAIGHT AND LEVEL,WET,NO DEFECTS,Y,FOLLOWING TOO CLOSELY,BEAT_110,2,9,0,3,42.028359,-87.505348
2026-09-23 06:06:00,25,CLEAR,DAWN,REAR END,NOT DIVIDED,STRAIGHT AND LEVEL,WET,NO DEFECTS,N,DRIVING SKILLS/KNOWLEDGE/EXPERIENCE,BEAT_101,2,9,0,3,41.897956,-87.618022
2026-09-23 06:51:00,30,CLEAR,DAYLIGHT,REAR END,ONE-WAY,"CURVE, LEVEL",DRY,NO DEFECTS,Y,FAILING TO YIELD RIGHT-OF-WAY,BEAT_117,1,9,0,3,42.130791,-87.422911
2026-09-23 06:54:00,30,CLEAR,"DARKNESS, LIGHTED ROAD",ANGLE,ONE-WAY,"CURVE, LEVEL",SNOW OR SLUSH,NO DEFECTS,N,FAILING TO YIELD RIGHT-OF-WAY,BEAT_118,2,9,0,3,42.148379,-87.411047
2026-09-23 07:45:00,30,SEVERE RAIN,DAYLIGHT,TURNING,ONE-WAY,STRAIGHT AND LEVEL,WET,NO DEFECTS,Y,PHYSICAL CONDITION OF DRIVER,BEAT_103,2,9,1,3,41.922618,-87.590692
2026-09-23 08:58:00,25,CLEAR,DAYLIGHT,SIDESWIPE SAME DIRECTION,ONE-WAY,STRAIGHT AND LEVEL,DRY,NO DEFECTS,Y,FAILING TO YIELD RIGHT-OF-WAY,BEAT_120,2,9,0,3,42.178733,-87.391467
2026-09-23 14:11:00,20,RAIN,"DARKNESS, LIGHTED ROAD",TURNING,ALLEY,STRAIGHT AND LEVEL,WET,NO DEFECTS,N,FOLLOWING TOO CLOSELY,BEAT_120,2,9,1,3,42.179809,-87.38899
2026-09-23 16:00:00,30,CLEAR,DAYLIGHT,TURNING,NOT DIVIDED,STRAIGHT AND LEVEL,DRY,NO DEFECTS,N,FOLLOWING TOO CLOSELY,BEAT_107,2,9,0,3,41.983741,-87.542125
2026-09-23 19:19:00,25,RAIN,DAYLIGHT,REAR END,ONE-WAY,STRAIGHT AND LEVEL,SNOW OR SLUSH,NO DEFECTS,N,FOLLOWING TOO CLOSELY,BEAT_113,2,9,0,3,42.074392,-87.475081
2026-09-23 22:04:00,30,CLEAR,DAYLIGHT,REAR END,NOT DIVIDED,STRAIGHT ON GRADE,DRY,NO DEFECTS,N,FOLLOWING TOO CLOSELY,BEAT_104,2,9,0,3,41.943973,-87.57956
2026-09-23 23:21:00,40,CLEAR,DAYLIGHT,REAR END,NOT DIVIDED,STRAIGHT AND LEVEL,SNOW OR SLUSH,NO DEFECTS,Y,FOLLOWING TOO CLOSELY,BEAT_103,2,9,0,3,41.924102,-87.596037
2026-09-24 00:04:00,35,CLEAR,DAYLIGHT,REAR END,ONE-WAY,"CURVE, LEVEL",SNOW OR SLUSH,NO DEFECTS,N,DRIVING SKILLS/KNOWLEDGE/EXPERIENCE,BEAT_117,2,9,0,4,42.131366,-87.426846
2026-09-24 03:14:00,30,CLEAR,DUSK,TURNING,DIVIDED - W/MEDIAN,STRAIGHT AND LEVEL,DRY,NO DEFECTS,Y,FOLLOWING TOO CLOSELY,BEAT_116,2,9,0,4,42.116315,-87.436812
2026-09-24 07:42:00,25,CLEAR,DAWN,TURNING,DIVIDED - W/MEDIAN,STRAIGHT AND LEVEL,DRY,NO DEFECTS,Y,FAILING TO YIELD RIGHT-OF-WAY,BEAT_120,1,9,2,4,42.179649,-87.388169
2026-09-24 09:26:00,30,CLEAR,DAYLIGHT,ANGLE,DIVIDED - W/MEDIAN,STRAIGHT AND LEVEL,WET,NO DEFECTS,N,FOLLOWING TOO CLOSELY,BEAT_111,2,9,0,4,42.043093,-87.499568
2026-09-24 12:02:00,35,SEVERE RAIN,"DARKNESS, LIGHTED ROAD",PARKED MOTOR VEHICLE,NOT DIVIDED,"CURVE, LEVEL",SNOW OR SLUSH,NO DEFECTS,Y,WEATHER,BEAT_106,2,9,2,4,41.968012,-87.557661
2026-09-24 14:25:00,50,CLEAR,DAYLIGHT,TURNING,FOUR WAY INTERSECTION,STRAIGHT AND LEVEL,DRY,NO DEFECTS,N,FOLLOWING TOO CLOSELY,BEAT_117,1,9,0,4,42.133223,-87.420149
2026-09-24 15:27:00,40,CLEAR,DAYLIGHT,TURNING,ONE-WAY,STRAIGHT AND LEVEL,DRY,NO DEFECTS,Y,FOLLOWING TOO CLOSELY,BEAT_114,2,9,0,4,42.086843,-87.462593
2026-09-24 15:40:00,30,CLEAR,DAWN,SIDESWIPE SAME DIRECTION,ONE-WAY,STRAIGHT AND LEVEL,DRY,NO DEFECTS,N,DRIVING SKILLS/KNOWLEDGE/EXPERIENCE,BEAT_109,2,9,0,4,42.016249,-87.517649
2026-09-24 15:54:00,25,CLEAR,DAYLIGHT,TURNING,NOT DIVIDED,STRAIGHT AND LEVEL,WET,NO DEFECTS,Y,FOLLOWING TOO CLOSELY,BEAT_102,1,9,0,4,41.906767,-87.60438
2026-09-24 16:16:00,25,CLEAR,DAYLIGHT,ANGLE,DIVIDED - W/MEDIAN,STRAIGHT AND LEVEL,DRY,NO DEFECTS,Y,IMPROPER OVERTAKING/PASSING,BEAT_118,3,9,0,4,42.148238,-87.407295
2026-09-24 23:56:00,25,SNOW,DAYLIGHT,REAR END,DIVIDED - W/MEDIAN,STRAIGHT AND LEVEL,WET,NO DEFECTS,N,FAILING TO YIELD RIGHT-OF-WAY,BEAT_108,2,9,0,4,42.003286,-87.533329
2026-09-25 00:27:00,20,CLEAR,DAYLIGHT,PARKED MOTOR VEHICLE,ALLEY,STRAIGHT AND LEVEL,DRY,NO DEFECTS,Y,FOLLOWING TOO CLOSELY,BEAT_118,2,9,0,5,42.144127,-87.41331
2026-09-25 02:03:00,30,RAIN,"DARKNESS, LIGHTED ROAD",PEDESTRIAN,ONE-WAY,STRAIGHT AND LEVEL,SNOW OR SLUSH,NO DEFECTS,Y,FAILING TO YIELD RIGHT-OF-WAY,BEAT_109,2,9,1,5,42.012389,-87.521412
2026-09-25 02:15:00,40,RAIN,DARKNESS,REAR END,DIVIDED - W/MEDIAN,STRAIGHT AND LEVEL,WET,NO DEFECTS,N,WEATHER,BEAT_104,2,9,1,5,41.935747,-87.581778
2026-09-25 05:19:00,25,CLEAR,DAYLIGHT,PEDESTRIAN,ONE-WAY,STRAIGHT AND LEVEL,DRY,NO DEFECTS,N,FAILING TO YIELD RIGHT-OF-WAY,BEAT_119,2,9,0,5,42.166319,-87.401061
2026-09-25 21:21:00,30,CLEAR,DAYLIGHT,ANGLE,T-INTERSECTION,STRAIGHT AND LEVEL,DRY,NO DEFECTS,N,FAILING TO YIELD RIGHT-OF-WAY,BEAT_103,2,9,0,5,41.925417,-87.591768
2026-09-25 21:38:00,25,CLEAR,DAYLIGHT,SIDESWIPE SAME DIRECTION,FOUR WAY INTERSECTION,STRAIGHT AND LEVEL,DRY,NO DEFECTS,Y,WEATHER,BEAT_103,2,9,2,5,41.920878,-87.592629
2026-09-25 22:33:00,25,SEVERE RAIN,DAYLIGHT,ANGLE,FOUR WAY INTERSECTION,STRAIGHT AND LEVEL,WET,NO DEFECTS,Y,DRIVING SKILLS/KNOWLEDGE/EXPERIENCE,BEAT_106,2,9,0,5,41.967183,-87.558414
2026-09-26 02:01:00,25,CLEAR,DAYLIGHT,TURNING,NOT DIVIDED,STRAIGHT AND LEVEL,ICE,NO DEFECTS,N,DRIVING SKILLS/KNOWLEDGE/EXPERIENCE,BEAT_116,2,9,0,6,42.118681,-87.438423
2026-09-26 04:45:00,25,RAIN,DAYLIGHT,REAR END,DIVIDED - W/MEDIAN,STRAIGHT AND LEVEL,WET,NO DEFECTS,N,FAILING TO YIELD RIGHT-OF-WAY,BEAT_101,2,9,0,6,41.887648,-87.618702
2026-09-26 13:06:00,30,CLEAR,"DARKNESS, LIGHTED ROAD",SIDESWIPE SAME DIRECTION,ONE-WAY,STRAIGHT AND LEVEL,DRY,"RUT, HOLES",Y,WEATHER,BEAT_103,1,9,1,6,41.920964,-87.594031
2026-09-26 14:11:00,50,CLEAR,DAWN,PARKED MOTOR VEHICLE,DIVIDED - W/MEDIAN,STRAIGHT AND LEVEL,DRY,NO DEFECTS,N,DISREGARDING TRAFFIC SIGNALS,BEAT_103,2,9,2,6,41.922551,-87.590862
2026-09-26 15:25:00,45,CLEAR,DAYLIGHT,REAR END,NOT DIVIDED,STRAIGHT AND LEVEL,DRY,NO DEFECTS,N,DRIVING SKILLS/KNOWLEDGE/EXPERIENCE,BEAT_120,2,9,0,6,42.177711,-87.38912
2026-09-26 17:23:00,25,CLEAR,DAYLIGHT,ANGLE,NOT DIVIDED,STRAIGHT AND LEVEL,WET,NO DEFECTS,Y,FOLLOWING TOO CLOSELY,BEAT_106,2,9,0,6,41.975563,-87.557912
2026-09-26 19:36:00,30,CLEAR,DAYLIGHT,SIDESWIPE SAME DIRECTION,DIVIDED - W/MEDIAN,STRAIGHT AND LEVEL,DRY,NO DEFECTS,Y,DRIVING SKILLS/KNOWLEDGE/EXPERIENCE,BEAT_106,2,9,0,6,41.971049,-87.555449
2026-09-26 21:21:00,50,CLEAR,"DARKNESS, LIGHTED ROAD",SIDESWIPE SAME DIRECTION,T-INTERSECTION,STRAIGHT AND LEVEL,DRY,NO DEFECTS,Y,DRIVING SKILLS/KNOWLEDGE/EXPERIENCE,BEAT_114,2,9,0,6,42.087479,-87.463565
2026-09-26 21:31:00,30,CLEAR,DAYLIGHT,SIDESWIPE SAME DIRECTION,DIVIDED - W/MEDIAN,STRAIGHT AND LEVEL,DRY,NO DEFECTS,N,WEATHER,BEAT_115,2,9,1,6,42.104685,-87.450693
2026-09-27 00:43:00,30,RAIN,DAYLIGHT,SIDESWIPE SAME DIRECTION,T-INTERSECTION,STRAIGHT AND LEVEL,ICE,NO DEFECTS,Y,FAILING TO YIELD RIGHT-OF-WAY,BEAT_120,3,9,1,7,42.175703,-87.387582
2026-09-27 04:57:00,25,RAIN,"DARKNESS, LIGHTED ROAD",TURNING,DIVIDED - W/MEDIAN,STRAIGHT AND LEVEL,SNOW OR SLUSH,"RUT, HOLES",N,FOLLOWING TOO CLOSELY,BEAT_117,2,9,0,7,42.134911,-87.423679
2026-09-27 06:40:00,35,CLEAR,"DARKNESS, LIGHTED ROAD",PEDESTRIAN,ONE-WAY,STRAIGHT AND LEVEL,WET,NO DEFECTS,N,FAILING TO YIELD RIGHT-OF-WAY,BEAT_114,2,9,0,7,42.086119,-87.462284
2026-09-27 08:06:00,25,SEVERE RAIN,"DARKNESS, LIGHTED ROAD",ANGLE,DIVIDED - W/MEDIAN,STRAIGHT AND LEVEL,WET,NO DEFECTS,N,DISREGARDING TRAFFIC SIGNALS,BEAT_107,2,9,0,7,41.980612,-87.542065
2026-09-27 08:10:00,30,CLEAR,DARKNESS,TURNING,NOT DIVIDED,STRAIGHT AND LEVEL,DRY,NO DEFECTS,Y,IMPROPER OVERTAKING/PASSING,BEAT_116,2,9,1,7,42.121016,-87.438448
2026-09-27 09:34:00,25,RAIN,DAYLIGHT,REAR END,FOUR WAY INTERSECTION,STRAIGHT AND LEVEL,WET,NO DEFECTS,N,FAILING TO YIELD RIGHT-OF-WAY,BEAT_112,3,9,1,7,42.059303,-87.48683
2026-09-27 09:49:00,25,RAIN,"DARKNESS, LIGHTED ROAD",REAR END,NOT DIVIDED,STRAIGHT AND LEVEL,WET,NO DEFECTS,N,DRIVING SKILLS/KNOWLEDGE/EXPERIENCE,BEAT_107,2,9,0,7,41.98352,-87.540821
2026-09-27 10:31:00,30,CLEAR,DAYLIGHT,REAR END,FOUR WAY INTERSECTION,STRAIGHT AND LEVEL,DRY,NO DEFECTS,N,FAILING TO YIELD RIGHT-OF-WAY,BEAT_119,2,9,0,7,42.162649,-87.400553
2026-09-27 12:54:00,25,CLEAR,DAYLIGHT,REAR END,DIVIDED - W/MEDIAN,STRAIGHT AND LEVEL,DRY,NO DEFECTS,N,DRIVING SKILLS/KNOWLEDGE/EXPERIENCE,BEAT_113,2,9,0,7,42.073797,-87.471096
2026-09-27 14:01:00,25,CLEAR,"DARKNESS, LIGHTED ROAD",REAR END,FOUR WAY INTERSECTION,STRAIGHT AND LEVEL,WET,"RUT, HOLES",N,IMPROPER OVERTAKING/PASSING,BEAT_114,2,9,1,7,42.08269,-87.460998
2026-09-27 16:23:00,30,RAIN,DAYLIGHT,REAR END,NOT DIVIDED,STRAIGHT AND LEVEL,SNOW OR SLUSH,NO DEFECTS,N,WEATHER,BEAT_115,2,9,0,7,42.10727,-87.454093
2026-09-27 19:53:00,35,CLEAR,DAYLIGHT,SIDESWIPE SAME DIRECTION,DIVIDED - W/MEDIAN,STRAIGHT AND LEVEL,DRY,"RUT, HOLES",Y,FOLLOWING TOO CLOSELY,BEAT_120,2,9,2,7,42.176792,-87.391456
2026-09-28 00:06:00,50,CLEAR,"DARKNESS, LIGHTED ROAD",SIDESWIPE SAME DIRECTION,ONE-WAY,STRAIGHT AND LEVEL,DRY,NO DEFECTS,N,DISREGARDING TRAFFIC SIGNALS,BEAT_119,2,9,0,1,42.161225,-87.40264
2026-09-28 00:15:00,25,SEVERE RAIN,DAYLIGHT,SIDESWIPE SAME DIRECTION,ONE-WAY,STRAIGHT AND LEVEL,ICE,NO DEFECTS,N,WEATHER,BEAT_111,2,9,1,1,42.04134,-87.498358
2026-09-28 01:03:00,20,FOG/SMOKE/HAZE,DAYLIGHT,SIDESWIPE SAME DIRECTION,ONE-WAY,STRAIGHT AND LEVEL,WET,NO DEFECTS,Y,FAILING TO YIELD RIGHT-OF-WAY,BEAT_117,2,9,0,1,42.131805,-87.41937
2026-09-28 01:10:00,25,CLEAR,DAYLIGHT,REAR END,ALLEY,STRAIGHT AND LEVEL,DRY,NO DEFECTS,N,IMPROPER OVERTAKING/PASSING,BEAT_101,3,9,1,1,41.890684,-87.614569
2026-09-28 03:17:00,40,CLEAR,DAYLIGHT,REAR END,ONE-WAY,STRAIGHT AND LEVEL,DRY,NO DEFECTS,Y,FAILING TO YIELD RIGHT-OF-WAY,BEAT_115,2,9,1,1,42.101793,-87.456167
2026-09-28 03:33:00,25,CLEAR,"DARKNESS, LIGHTED ROAD",TURNING,NOT DIVIDED,STRAIGHT AND LEVEL,DRY,NO DEFECTS,Y,FAILING TO YIELD RIGHT-OF-WAY,BEAT_103,2,9,0,1,41.921148,-87.595134
2026-09-28 09:33:00,40,RAIN,"DARKNESS, LIGHTED ROAD",REAR END,ONE-WAY,STRAIGHT AND LEVEL,ICE,NO DEFECTS,Y,WEATHER,BEAT_115,2,9,1,1,42.102068,-87.446547
2026-09-28 10:23:00,25,RAIN,DAYLIGHT,PARKED MOTOR VEHICLE,DIVIDED - W/MEDIAN,STRAIGHT AND LEVEL,WET,NO DEFECTS,Y,FAILING TO YIELD RIGHT-OF-WAY,BEAT_103,3,9,0,1,41.921099,-87.594426
2026-09-28 10:51:00,50,CLEAR,DAYLIGHT,SIDESWIPE SAME DIRECTION,FOUR WAY INTERSECTION,STRAIGHT AND LEVEL,DRY,DEBRIS ON ROAD,N,DISREGARDING TRAFFIC SIGNALS,BEAT_105,3,9,0,1,41.952029,-87.568991
2026-09-28 11:15:00,25,CLEAR,DAYLIGHT,PARKED MOTOR VEHICLE,NOT DIVIDED,STRAIGHT AND LEVEL,DRY,NO DEFECTS,Y,PHYSICAL CONDITION OF DRIVER,BEAT_108,2,9,1,1,41.996843,-87.535245
2026-09-28 11:45:00,25,CLEAR,DAYLIGHT,PARKED MOTOR VEHICLE,NOT DIVIDED,STRAIGHT AND LEVEL,DRY,NO DEFECTS,N,FOLLOWING TOO CLOSELY,BEAT_111,2,9,0,1,42.041648,-87.495386
2026-09-28 12:33:00,30,CLEAR,DAYLIGHT,PARKED MOTOR VEHICLE,DIVIDED - W/MEDIAN,STRAIGHT AND LEVEL,DRY,NO DEFECTS,N,FOLLOWING TOO CLOSELY,BEAT_106,2,9,0,1,41.965146,-87.555705
2026-09-28 12:45:00,30,RAIN,"DARKNESS, LIGHTED ROAD",TURNING,FOUR WAY INTERSECTION,STRAIGHT AND LEVEL,SNOW OR SLUSH,WORN SURFACE,N,FOLLOWING TOO CLOSELY,BEAT_105,2,9,1,1,41.952309,-87.569579
2026-09-28 12:51:00,25,CLEAR,DAYLIGHT,ANGLE,NOT DIVIDED,STRAIGHT AND LEVEL,DRY,NO DEFECTS,Y,DRIVING SKILLS/KNOWLEDGE/EXPERIENCE,BEAT_110,2,9,0,1,42.024053,-87.510725
2026-09-28 16:53:00,30,CLEAR,"DARKNESS, LIGHTED ROAD",SIDESWIPE SAME DIRECTION,T-INTERSECTION,STRAIGHT AND LEVEL,DRY,NO DEFECTS,Y,FAILING TO YIELD RIGHT-OF-WAY,BEAT_113,2,9,1,1,42.073844,-87.472079
2026-09-28 19:19:00,45,CLEAR,"DARKNESS, LIGHTED ROAD",TURNING,DIVIDED - W/MEDIAN,STRAIGHT AND LEVEL,WET,NO DEFECTS,Y,FAILING TO YIELD RIGHT-OF-WAY,BEAT_117,2,9,1,1,42.133767,-87.424639
2026-09-28 22:20:00,55,CLEAR,DUSK,TURNING,ONE-WAY,STRAIGHT AND LEVEL,DRY,WORN SURFACE,Y,FAILING TO YIELD RIGHT-OF-WAY,BEAT_107,2,9,0,1,41.982706,-87.544552
2026-09-28 23:39:00,25,CLEAR,DAYLIGHT,REAR END,DIVIDED - W/MEDIAN,STRAIGHT AND LEVEL,DRY,NO DEFECTS,N,DRIVING SKILLS/KNOWLEDGE/EXPERIENCE,BEAT_116,2,9,0,1,42.118658,-87.435891
2026-09-29 09:30:00,30,CLEAR,DAYLIGHT,PARKED MOTOR VEHICLE,DIVIDED - W/MEDIAN,STRAIGHT ON GRADE,DRY,NO DEFECTS,Y,FOLLOWING TOO CLOSELY,BEAT_109,2,9,0,2,42.008981,-87.523688
2026-09-29 16:14:00,25,CLEAR,DAYLIGHT,PARKED MOTOR VEHICLE,DIVIDED - W/MEDIAN,STRAIGHT AND LEVEL,WET,DEBRIS ON ROAD,N,FAILING TO YIELD RIGHT-OF-WAY,BEAT_113,2,9,0,2,42.074728,-87.47616
2026-09-29 16:53:00,25,CLEAR,DAYLIGHT,TURNING,T-INTERSECTION,STRAIGHT AND LEVEL,DRY,NO DEFECTS,Y,DRIVING SKILLS/KNOWLEDGE/EXPERIENCE,BEAT_118,2,9,0,2,42.151324,-87.413793
2026-09-29 18:00:00,55,CLEAR,DAYLIGHT,PARKED MOTOR VEHICLE,ONE-WAY,"CURVE, LEVEL",WET,"RUT, HOLES",N,FOLLOWING TOO CLOSELY,BEAT_108,1,9,0,2,41.999052,-87.53542
2026-09-29 21:17:00,20,RAIN,DARKNESS,SIDESWIPE SAME DIRECTION,DIVIDED - W/MEDIAN,STRAIGHT AND LEVEL,WET,NO DEFECTS,Y,DRIVING SKILLS/KNOWLEDGE/EXPERIENCE,BEAT_111,3,9,2,2,42.042912,-87.494992
2026-09-29 21:53:00,40,FOG/SMOKE/HAZE,"DARKNESS, LIGHTED ROAD",PARKED MOTOR VEHICLE,DIVIDED - W/MEDIAN,STRAIGHT AND LEVEL,WET,NO DEFECTS,N,FOLLOWING TOO CLOSELY,BEAT_120,1,9,0,2,42.180691,-87.393496
2026-09-29 22:08:00,30,CLEAR,DAYLIGHT,ANGLE,DIVIDED - W/MEDIAN,STRAIGHT AND LEVEL,DRY,WORN SURFACE,N,DRIVING SKILLS/KNOWLEDGE/EXPERIENCE,BEAT_117,4,9,0,2,42.140679,-87.421705
2026-09-29 22:17:00,30,SEVERE RAIN,DAYLIGHT,SIDESWIPE SAME DIRECTION,FOUR WAY INTERSECTION,STRAIGHT AND LEVEL,WET,"RUT, HOLES",Y,IMPROPER OVERTAKING/PASSING,BEAT_117,2,9,0,2,42.130038,-87.428248
2026-09-30 00:02:00,50,CLEAR,DAYLIGHT,REAR END,ONE-WAY,STRAIGHT AND LEVEL,DRY,NO DEFECTS,Y,DRIVING SKILLS/KNOWLEDGE/EXPERIENCE,BEAT_114,2,9,0,3,42.089827,-87.467037
2026-09-30 00:37:00,30,RAIN,DAYLIGHT,PARKED MOTOR VEHICLE,ONE-WAY,STRAIGHT AND LEVEL,WET,NO DEFECTS,N,FAILING TO YIELD RIGHT-OF-WAY,BEAT_115,2,9,0,3,42.104043,-87.452503
2026-09-30 01:39:00,25,CLEAR,DAYLIGHT,REAR END,FOUR WAY INTERSECTION,STRAIGHT AND LEVEL,DRY,NO DEFECTS,N,DRIVING SKILLS/KNOWLEDGE/EXPERIENCE,BEAT_113,2,9,0,3,42.073093,-87.475356
2026-09-30 03:37:00,25,CLEAR,DAYLIGHT,SIDESWIPE SAME DIRECTION,ONE-WAY,STRAIGHT AND LEVEL,WET,NO DEFECTS,N,DRIVING SKILLS/KNOWLEDGE/EXPERIENCE,BEAT_118,2,9,0,3,42.149454,-87.416724
2026-09-30 04:43:00,25,CLEAR,"DARKNESS, LIGHTED ROAD",TURNING,DIVIDED - W/MEDIAN,STRAIGHT AND LEVEL,DRY,NO DEFECTS,Y,PHYSICAL CONDITION OF DRIVER,BEAT_111,1,9,0,3,42.041669,-87.495801
2026-09-30 07:42:00,25,CLEAR,DAYLIGHT,PEDESTRIAN,ONE-WAY,STRAIGHT AND LEVEL,DRY,NO DEFECTS,N,FAILING TO YIELD RIGHT-OF-WAY,BEAT_101,2,9,0,3,41.895241,-87.620261
2026-09-30 17:52:00,50,CLEAR,"DARKNESS, LIGHTED ROAD",SIDESWIPE SAME DIRECTION,NOT DIVIDED,STRAIGHT AND LEVEL,DRY,NO DEFECTS,N,FOLLOWING TOO CLOSELY,BEAT_114,2,9,0,3,42.091703,-87.461864
2026-09-30 19:48:00,20,CLEAR,DAYLIGHT,PEDESTRIAN,NOT DIVIDED,STRAIGHT AND LEVEL,WET,NO DEFECTS,Y,FAILING TO YIELD RIGHT-OF-WAY,BEAT_103,2,9,1,3,41.922101,-87.597236