CRASH_DATE,POSTED_SPEED_LIMIT,WEATHER_CONDITION,LIGHTING_CONDITION,FIRST_CRASH_TYPE,TRAFFICWAY_TYPE,ALIGNMENT,ROADWAY_SURFACE_COND,ROAD_DEFECT,INTERSECTION_RELATED_I,PRIM_CONTRIBUTORY_CAUSE,BEAT_OF_OCCURRENCE,NUM_UNITS,CRASH_MONTH,INJURIES_TOTAL,CRASH_DAY_OF_WEEK,LATITUDE,LONGITUDE
2026-09-30 23:02:00,30,SNOW,"DARKNESS, LIGHTED ROAD",REAR END,NOT DIVIDED,STRAIGHT AND LEVEL,WET,NO DEFECTS,N,FAILING TO YIELD RIGHT-OF-WAY,BEAT_101,3,9,0,3,41.893104,-87.619928
2026-10-01 05:45:00,25,RAIN,DAYLIGHT,FIXED OBJECT,DIVIDED - W/MEDIAN,STRAIGHT AND LEVEL,WET,NO DEFECTS,Y,FAILING TO YIELD RIGHT-OF-WAY,BEAT_118,2,10,0,4,42.148752,-87.411076
2026-10-01 06:39:00,40,CLEAR,DAYLIGHT,PEDESTRIAN,T-INTERSECTION,STRAIGHT AND LEVEL,DRY,NO DEFECTS,Y,DRIVING SKILLS/KNOWLEDGE/EXPERIENCE,BEAT_105,2,10,0,4,41.948717,-87.564329
2026-10-01 07:14:00,20,CLEAR,DAYLIGHT,REAR END,NOT DIVIDED,STRAIGHT AND LEVEL,DRY,NO DEFECTS,N,FOLLOWING TOO CLOSELY,BEAT_118,2,10,0,4,42.152762,-87.413827
2026-10-01 15:13:00,30,CLEAR,DAYLIGHT,REAR END,DIVIDED - W/MEDIAN,STRAIGHT AND LEVEL,DRY,NO DEFECTS,N,DISREGARDING TRAFFIC SIGNALS,BEAT_107,1,10,0,4,41.980756,-87.5448
2026-10-01 15:50:00,25,CLEAR,"DARKNESS, LIGHTED ROAD",ANGLE,NOT DIVIDED,STRAIGHT AND LEVEL,WET,NO DEFECTS,N,FAILING TO YIELD RIGHT-OF-WAY,BEAT_108,2,10,0,4,41.995538,-87.537295
2026-10-01 16:57:00,25,RAIN,DAYLIGHT,REAR END,T-INTERSECTION,STRAIGHT AND LEVEL,WET,NO DEFECTS,Y,WEATHER,BEAT_109,1,10,0,4,42.016823,-87.520841
2026-10-01 18:52:00,25,CLEAR,DAYLIGHT,TURNING,DIVIDED - W/MEDIAN,STRAIGHT AND LEVEL,DRY,NO DEFECTS,Y,FAILING TO YIELD RIGHT-OF-WAY,BEAT_112,2,10,0,4,42.060386,-87.489143
2026-10-01 20:34:00,30,RAIN,"DARKNESS, LIGHTED ROAD",REAR END,T-INTERSECTION,STRAIGHT AND LEVEL,WET,NO DEFECTS,N,PHYSICAL CONDITION OF DRIVER,BEAT_105,2,10,0,4,41.949825,-87.574573
2026-10-01 21:18:00,35,RAIN,DAWN,ANGLE,NOT DIVIDED,STRAIGHT AND LEVEL,WET,NO DEFECTS,N,FAILING TO YIELD RIGHT-OF-WAY,BEAT_101,2,10,0,4,41.89128,-87.617874
2026-10-02 00:01:00,30,CLEAR,DAYLIGHT,ANGLE,ONE-WAY,STRAIGHT AND LEVEL,DRY,NO DEFECTS,Y,DRIVING SKILLS/KNOWLEDGE/EXPERIENCE,BEAT_115,2,10,0,5,42.103116,-87.446564
2026-10-02 02:08:00,25,CLEAR,"DARKNESS, LIGHTED ROAD",REAR END,NOT DIVIDED,CURVE ON GRADE,DRY,NO DEFECTS,Y,WEATHER,BEAT_107,2,10,1,5,41.987589,-87.543314
2026-10-02 03:47:00,25,CLEAR,DAYLIGHT,REAR END,ONE-WAY,STRAIGHT AND LEVEL,DRY,NO DEFECTS,Y,FOLLOWING TOO CLOSELY,BEAT_105,2,10,2,5,41.953915,-87.575182
2026-10-02 04:39:00,25,CLEAR,DAYLIGHT,SIDESWIPE SAME DIRECTION,DIVIDED - W/MEDIAN,STRAIGHT AND LEVEL,DRY,NO DEFECTS,N,FOLLOWING TOO CLOSELY,BEAT_102,2,10,3,5,41.904152,-87.608801
2026-10-02 04:43:00,25,CLEAR,DAYLIGHT,ANGLE,DIVIDED - W/MEDIAN,STRAIGHT AND LEVEL,DRY,"RUT, HOLES",N,FAILING TO YIELD RIGHT-OF-WAY,BEAT_113,1,10,0,5,42.071603,-87.476078
2026-10-02 04:58:00,25,CLEAR,DAYLIGHT,PARKED MOTOR VEHICLE,NOT DIVIDED,STRAIGHT ON GRADE,WET,NO DEFECTS,N,FOLLOWING TOO CLOSELY,BEAT_111,2,10,0,5,42.038513,-87.500985
2026-10-02 05:27:00,40,CLEAR,DAYLIGHT,ANGLE,DIVIDED - W/MEDIAN,STRAIGHT AND LEVEL,DRY,NO DEFECTS,Y,FOLLOWING TOO CLOSELY,BEAT_116,2,10,0,5,42.122151,-87.43926
2026-10-02 07:44:00,30,RAIN,DAYLIGHT,REAR END,FOUR WAY INTERSECTION,"CURVE, LEVEL",WET,NO DEFECTS,N,FAILING TO YIELD RIGHT-OF-WAY,BEAT_114,2,10,0,5,42.08679,-87.458361
2026-10-02 10:38:00,35,CLEAR,DAYLIGHT,TURNING,T-INTERSECTION,STRAIGHT AND LEVEL,DRY,NO DEFECTS,Y,WEATHER,BEAT_107,2,10,0,5,41.985092,-87.548331
2026-10-02 12:43:00,25,CLEAR,DARKNESS,ANGLE,DIVIDED - W/MEDIAN,STRAIGHT AND LEVEL,DRY,NO DEFECTS,N,FOLLOWING TOO CLOSELY,BEAT_110,3,10,0,5,42.028327,-87.510287
2026-10-02 15:40:00,30,SNOW,"DARKNESS, LIGHTED ROAD",ANGLE,DIVIDED - W/MEDIAN,STRAIGHT AND LEVEL,WET,WORN SURFACE,N,FOLLOWING TOO CLOSELY,BEAT_105,2,10,0,5,41.955438,-87.576548
2026-10-02 20:18:00,35,RAIN,"DARKNESS, LIGHTED ROAD",SIDESWIPE SAME DIRECTION,DIVIDED - W/MEDIAN,STRAIGHT AND LEVEL,WET,NO DEFECTS,Y,DRIVING SKILLS/KNOWLEDGE/EXPERIENCE,BEAT_111,3,10,1,5,42.03946,-87.495997
2026-10-02 20:25:00,30,FOG/SMOKE/HAZE,DAYLIGHT,ANGLE,DIVIDED - W/MEDIAN,STRAIGHT AND LEVEL,WET,SHOULDER DEFECT,N,FOLLOWING TOO CLOSELY,BEAT_116,3,10,0,5,42.115715,-87.435864
2026-10-02 23:18:00,25,RAIN,DAYLIGHT,TURNING,DIVIDED - W/MEDIAN,STRAIGHT AND LEVEL,SNOW OR SLUSH,NO DEFECTS,Y,WEATHER,BEAT_117,2,10,0,5,42.127162,-87.426607
2026-10-03 02:00:00,35,CLEAR,"DARKNESS, LIGHTED ROAD",REAR END,NOT DIVIDED,STRAIGHT AND LEVEL,DRY,NO DEFECTS,N,WEATHER,BEAT_105,2,10,0,6,41.950522,-87.5656
2026-10-03 05:58:00,25,RAIN,"DARKNESS, LIGHTED ROAD",SIDESWIPE SAME DIRECTION,FOUR WAY INTERSECTION,STRAIGHT AND LEVEL,WET,NO DEFECTS,Y,FOLLOWING TOO CLOSELY,BEAT_116,4,10,2,6,42.116335,-87.436437
2026-10-03 06:10:00,25,RAIN,"DARKNESS, LIGHTED ROAD",SIDESWIPE SAME DIRECTION,DIVIDED - W/MEDIAN,STRAIGHT AND LEVEL,WET,NO DEFECTS,Y,FOLLOWING TOO CLOSELY,BEAT_105,2,10,1,6,41.954289,-87.566858
2026-10-03 08:16:00,25,RAIN,DAYLIGHT,REAR END,FOUR WAY INTERSECTION,STRAIGHT ON GRADE,WET,"RUT, HOLES",Y,FAILING TO YIELD RIGHT-OF-WAY,BEAT_115,2,10,1,6,42.108885,-87.448751
2026-10-03 09:25:00,30,CLEAR,"DARKNESS, LIGHTED ROAD",REAR END,DIVIDED - W/MEDIAN,STRAIGHT AND LEVEL,DRY,NO DEFECTS,N,WEATHER,BEAT_119,2,10,0,6,42.162219,-87.402831
2026-10-03 10:49:00,30,CLEAR,DAYLIGHT,PARKED MOTOR VEHICLE,ONE-WAY,STRAIGHT AND LEVEL,WET,NO DEFECTS,Y,FAILING TO YIELD RIGHT-OF-WAY,BEAT_111,2,10,0,6,42.042079,-87.499252
2026-10-03 10:58:00,25,CLEAR,DAYLIGHT,TURNING,DIVIDED - W/MEDIAN,STRAIGHT AND LEVEL,DRY,NO DEFECTS,Y,IMPROPER OVERTAKING/PASSING,BEAT_119,2,10,0,6,42.163601,-87.402375
2026-10-03 11:34:00,25,RAIN,"DARKNESS, LIGHTED ROAD",REAR END,NOT DIVIDED,STRAIGHT AND LEVEL,WET,NO DEFECTS,Y,FOLLOWING TOO CLOSELY,BEAT_119,2,10,0,6,42.162143,-87.402332
2026-10-03 14:40:00,30,FOG/SMOKE/HAZE,DAWN,PARKED MOTOR VEHICLE,NOT DIVIDED,STRAIGHT AND LEVEL,SNOW OR SLUSH,NO DEFECTS,N,IMPROPER OVERTAKING/PASSING,BEAT_117,1,10,1,6,42.135555,-87.426113
2026-10-03 16:04:00,25,CLEAR,DARKNESS,SIDESWIPE SAME DIRECTION,ONE-WAY,STRAIGHT AND LEVEL,DRY,NO DEFECTS,N,FOLLOWING TOO CLOSELY,BEAT_109,2,10,0,6,42.017735,-87.524898
2026-10-03 21:58:00,45,CLEAR,"DARKNESS, LIGHTED ROAD",SIDESWIPE SAME DIRECTION,DIVIDED - W/MEDIAN,STRAIGHT ON GRADE,DRY,NO DEFECTS,Y,FOLLOWING TOO CLOSELY,BEAT_102,2,10,0,6,41.908072,-87.602391
2026-10-03 22:11:00,20,RAIN,DAYLIGHT,ANGLE,DIVIDED - W/MEDIAN,STRAIGHT AND LEVEL,WET,NO DEFECTS,N,FAILING TO YIELD RIGHT-OF-WAY,BEAT_110,2,10,0,6,42.029416,-87.506307
2026-10-04 04:04:00,45,SNOW,DAYLIGHT,FIXED OBJECT,NOT DIVIDED,STRAIGHT AND LEVEL,WET,NO DEFECTS,Y,DRIVING SKILLS/KNOWLEDGE/EXPERIENCE,BEAT_106,2,10,1,7,41.96614,-87.55788
2026-10-04 04:41:00,35,RAIN,DAYLIGHT,FIXED OBJECT,DIVIDED - W/MEDIAN,STRAIGHT AND LEVEL,WET,NO DEFECTS,N,FOLLOWING TOO CLOSELY,BEAT_103,2,10,2,7,41.925458,-87.595161
2026-10-04 06:24:00,30,CLEAR,DAYLIGHT,PARKED MOTOR VEHICLE,DIVIDED - W/MEDIAN,STRAIGHT AND LEVEL,DRY,NO DEFECTS,Y,DRIVING SKILLS/KNOWLEDGE/EXPERIENCE,BEAT_105,2,10,0,7,41.954113,-87.56855
2026-10-04 09:45:00,25,CLEAR,DAYLIGHT,SIDESWIPE SAME DIRECTION,FOUR WAY INTERSECTION,"CURVE, LEVEL",WET,NO DEFECTS,N,FAILING TO YIELD RIGHT-OF-WAY,BEAT_106,4,10,0,7,41.961278,-87.557249
2026-10-04 10:54:00,35,CLEAR,DARKNESS,REAR END,NOT DIVIDED,"CURVE, LEVEL",DRY,DEBRIS ON ROAD,Y,FAILING TO YIELD RIGHT-OF-WAY,BEAT_102,2,10,0,7,41.905254,-87.612286
2026-10-04 13:45:00,45,CLEAR,DARKNESS,REAR END,DIVIDED - W/MEDIAN,STRAIGHT AND LEVEL,WET,NO DEFECTS,Y,WEATHER,BEAT_108,2,10,0,7,41.99931,-87.530677
2026-10-04 15:11:00,30,CLEAR,"DARKNESS, LIGHTED ROAD",REAR END,ALLEY,STRAIGHT AND LEVEL,"SAND, MUD, DIRT",NO DEFECTS,Y,FOLLOWING TOO CLOSELY,BEAT_102,1,10,2,7,41.911743,-87.608404
2026-10-04 17:45:00,40,RAIN,DAYLIGHT,PARKED MOTOR VEHICLE,DIVIDED - W/MEDIAN,"CURVE, LEVEL",WET,NO DEFECTS,N,DRIVING SKILLS/KNOWLEDGE/EXPERIENCE,BEAT_114,3,10,0,7,42.086811,-87.46283
2026-10-04 21:38:00,25,RAIN,DAYLIGHT,ANGLE,T-INTERSECTION,"CURVE, LEVEL",WET,NO DEFECTS,N,DISREGARDING TRAFFIC SIGNALS,BEAT_118,2,10,0,7,42.150426,-87.412827
2026-10-04 23:39:00,40,CLEAR,DAYLIGHT,PARKED MOTOR VEHICLE,NOT DIVIDED,STRAIGHT AND LEVEL,DRY,NO DEFECTS,Y,FOLLOWING TOO CLOSELY,BEAT_120,2,10,0,7,42.175741,-87.388871
2026-10-05 02:19:00,25,RAIN,DAYLIGHT,SIDESWIPE SAME DIRECTION,DIVIDED - W/MEDIAN,STRAIGHT AND LEVEL,WET,NO DEFECTS,Y,DRIVING SKILLS/KNOWLEDGE/EXPERIENCE,BEAT_105,2,10,0,1,41.954966,-87.573633
2026-10-05 02:54:00,40,SEVERE RAIN,"DARKNESS, LIGHTED ROAD",PARKED MOTOR VEHICLE,ONE-WAY,CURVE ON GRADE,WET,NO DEFECTS,N,DISREGARDING TRAFFIC SIGNALS,BEAT_120,3,10,0,1,42.179233,-87.388469
2026-10-05 03:04:00,25,CLEAR,DAYLIGHT,SIDESWIPE SAME DIRECTION,FOUR WAY INTERSECTION,STRAIGHT AND LEVEL,WET,NO DEFECTS,Y,DRIVING SKILLS/KNOWLEDGE/EXPERIENCE,BEAT_105,2,10,0,1,41.960999,-87.575217
2026-10-05 03:33:00,25,CLEAR,DAYLIGHT,TURNING,NOT DIVIDED,STRAIGHT ON GRADE,DRY,"RUT, HOLES",Y,PHYSICAL CONDITION OF DRIVER,BEAT_113,1,10,0,1,42.072412,-87.47393
2026-10-05 05:55:00,30,RAIN,DAYLIGHT,ANGLE,NOT DIVIDED,CURVE ON GRADE,WET,NO DEFECTS,N,FAILING TO YIELD RIGHT-OF-WAY,BEAT_105,1,10,0,1,41.951007,-87.57296
2026-10-05 07:55:00,25,CLEAR,DAYLIGHT,TURNING,NOT DIVIDED,STRAIGHT AND LEVEL,SNOW OR SLUSH,NO DEFECTS,Y,DRIVING SKILLS/KNOWLEDGE/EXPERIENCE,BEAT_118,4,10,0,1,42.151253,-87.414244
2026-10-05 10:20:00,30,SEVERE RAIN,DAYLIGHT,TURNING,ONE-WAY,STRAIGHT AND LEVEL,WET,WORN SURFACE,N,DRIVING SKILLS/KNOWLEDGE/EXPERIENCE,BEAT_108,2,10,0,1,41.994431,-87.53364
2026-10-05 13:38:00,25,CLEAR,DAYLIGHT,SIDESWIPE SAME DIRECTION,DIVIDED - W/MEDIAN,STRAIGHT AND LEVEL,DRY,NO DEFECTS,Y,WEATHER,BEAT_106,1,10,1,1,41.971117,-87.557927
2026-10-05 13:42:00,35,CLEAR,DAYLIGHT,SIDESWIPE SAME DIRECTION,T-INTERSECTION,STRAIGHT AND LEVEL,DRY,NO DEFECTS,Y,DRIVING SKILLS/KNOWLEDGE/EXPERIENCE,BEAT_119,3,10,0,1,42.166322,-87.405881
2026-10-05 14:01:00,25,RAIN,DAYLIGHT,SIDESWIPE SAME DIRECTION,ONE-WAY,STRAIGHT ON GRADE,WET,NO DEFECTS,N,FOLLOWING TOO CLOSELY,BEAT_120,2,10,0,1,42.178097,-87.391107
2026-10-05 17:21:00,30,CLEAR,DAYLIGHT,PARKED MOTOR VEHICLE,ALLEY,STRAIGHT AND LEVEL,DRY,NO DEFECTS,N,WEATHER,BEAT_103,2,10,0,1,41.922979,-87.593895
2026-10-05 18:22:00,30,CLEAR,DAYLIGHT,ANGLE,ONE-WAY,STRAIGHT AND LEVEL,DRY,NO DEFECTS,N,FOLLOWING TOO CLOSELY,BEAT_116,1,10,0,1,42.115701,-87.438543
2026-10-05 21:45:00,25,SEVERE RAIN,DAYLIGHT,SIDESWIPE SAME DIRECTION,ONE-WAY,STRAIGHT AND LEVEL,SNOW OR SLUSH,NO DEFECTS,Y,DRIVING SKILLS/KNOWLEDGE/EXPERIENCE,BEAT_104,3,10,2,1,41.942015,-87.581394
2026-10-05 22:03:00,30,CLEAR,DAYLIGHT,SIDESWIPE SAME DIRECTION,ONE-WAY,CURVE ON GRADE,SNOW OR SLUSH,NO DEFECTS,Y,FAILING TO YIELD RIGHT-OF-WAY,BEAT_113,2,10,0,1,42.078641,-87.470914
2026-10-05 22:16:00,30,CLEAR,DAYLIGHT,ANGLE,DIVIDED - W/MEDIAN,STRAIGHT AND LEVEL,DRY,NO DEFECTS,N,PHYSICAL CONDITION OF DRIVER,BEAT_106,2,10,0,1,41.969156,-87.559732
2026-10-06 08:37:00,35,CLEAR,DAYLIGHT,TURNING,NOT DIVIDED,STRAIGHT AND LEVEL,DRY,NO DEFECTS,Y,DISREGARDING TRAFFIC SIGNALS,BEAT_103,2,10,0,2,41.922459,-87.58979
2026-10-06 09:01:00,50,SNOW,DUSK,ANGLE,DIVIDED - W/MEDIAN,STRAIGHT AND LEVEL,SNOW OR SLUSH,NO DEFECTS,Y,DRIVING SKILLS/KNOWLEDGE/EXPERIENCE,BEAT_111,2,10,0,2,42.048579,-87.500523
2026-10-06 10:15:00,30,CLEAR,DAYLIGHT,REAR END,NOT DIVIDED,"CURVE, LEVEL",DRY,"RUT, HOLES",N,WEATHER,BEAT_107,1,10,0,2,41.982458,-87.543372
2026-10-06 12:16:00,25,RAIN,DAYLIGHT,ANGLE,NOT DIVIDED,STRAIGHT AND LEVEL,SNOW OR SLUSH,NO DEFECTS,N,DRIVING SKILLS/KNOWLEDGE/EXPERIENCE,BEAT_116,1,10,0,2,42.118868,-87.441252
2026-10-06 13:29:00,25,CLEAR,DAYLIGHT,SIDESWIPE SAME DIRECTION,NOT DIVIDED,STRAIGHT AND LEVEL,WET,NO DEFECTS,Y,FOLLOWING TOO CLOSELY,BEAT_101,2,10,0,2,41.892286,-87.61447
2026-10-06 17:21:00,40,CLEAR,DAWN,REAR END,NOT DIVIDED,STRAIGHT AND LEVEL,DRY,NO DEFECTS,N,IMPROPER OVERTAKING/PASSING,BEAT_112,2,10,0,2,42.063132,-87.487408
2026-10-06 17:31:00,25,CLEAR,DARKNESS,REAR END,NOT DIVIDED,STRAIGHT AND LEVEL,DRY,NO DEFECTS,N,DRIVING SKILLS/KNOWLEDGE/EXPERIENCE,BEAT_117,2,10,0,2,42.13588,-87.429096
2026-10-06 22:00:00,40,CLEAR,"DARKNESS, LIGHTED ROAD",SIDESWIPE SAME DIRECTION,DIVIDED - W/MEDIAN,STRAIGHT AND LEVEL,DRY,NO DEFECTS,N,FAILING TO YIELD RIGHT-OF-WAY,BEAT_107,2,10,1,2,41.981047,-87.55101
2026-10-06 22:05:00,35,CLEAR,DAYLIGHT,TURNING,NOT DIVIDED,STRAIGHT AND LEVEL,DRY,"RUT, HOLES",N,DISREGARDING TRAFFIC SIGNALS,BEAT_120,2,10,0,2,42.180318,-87.387351
2026-10-06 22:42:00,25,CLEAR,DAYLIGHT,SIDESWIPE SAME DIRECTION,NOT DIVIDED,STRAIGHT AND LEVEL,DRY,NO DEFECTS,N,DRIVING SKILLS/KNOWLEDGE/EXPERIENCE,BEAT_104,1,10,0,2,41.938374,-87.580996
2026-10-06 23:38:00,30,CLEAR,"DARKNESS, LIGHTED ROAD",SIDESWIPE SAME DIRECTION,DIVIDED - W/MEDIAN,STRAIGHT ON GRADE,DRY,NO DEFECTS,Y,WEATHER,BEAT_101,2,10,0,2,41.893855,-87.615241
2026-10-07 01:35:00,30,CLEAR,DARKNESS,PARKED MOTOR VEHICLE,NOT DIVIDED,STRAIGHT AND LEVEL,DRY,NO DEFECTS,Y,IMPROPER OVERTAKING/PASSING,BEAT_104,2,10,0,3,41.937329,-87.580906
2026-10-07 02:21:00,30,RAIN,DAYLIGHT,REAR END,FOUR WAY INTERSECTION,STRAIGHT AND LEVEL,WET,NO DEFECTS,N,FOLLOWING TOO CLOSELY,BEAT_108,2,10,1,3,41.99848,-87.53725
2026-10-07 04:32:00,30,CLEAR,DAYLIGHT,SIDESWIPE SAME DIRECTION,NOT DIVIDED,STRAIGHT AND LEVEL,DRY,NO DEFECTS,N,WEATHER,BEAT_108,2,10,0,3,41.999662,-87.542877
2026-10-07 05:11:00,30,CLEAR,DAYLIGHT,REAR END,NOT DIVIDED,CURVE ON GRADE,WET,NO DEFECTS,Y,DISREGARDING TRAFFIC SIGNALS,BEAT_104,2,10,2,3,41.938883,-87.581707
2026-10-07 05:23:00,25,CLEAR,DAYLIGHT,ANGLE,DIVIDED - W/MEDIAN,STRAIGHT AND LEVEL,DRY,NO DEFECTS,Y,FAILING TO YIELD RIGHT-OF-WAY,BEAT_101,2,10,0,3,41.897967,-87.623169
2026-10-07 06:08:00,25,CLEAR,"DARKNESS, LIGHTED ROAD",TURNING,DIVIDED - W/MEDIAN,STRAIGHT AND LEVEL,DRY,NO DEFECTS,N,DRIVING SKILLS/KNOWLEDGE/EXPERIENCE,BEAT_111,2,10,0,3,42.038276,-87.495619
2026-10-07 11:11:00,45,CLEAR,DAYLIGHT,SIDESWIPE SAME DIRECTION,NOT DIVIDED,STRAIGHT AND LEVEL,DRY,NO DEFECTS,Y,WEATHER,BEAT_115,3,10,0,3,42.103648,-87.451736
2026-10-07 12:50:00,20,CLEAR,DAYLIGHT,ANGLE,NOT DIVIDED,STRAIGHT AND LEVEL,SNOW OR SLUSH,NO DEFECTS,Y,FOLLOWING TOO CLOSELY,BEAT_116,1,10,0,3,42.114722,-87.432896
2026-10-07 17:09:00,25,CLEAR,DAYLIGHT,ANGLE,DIVIDED - W/MEDIAN,STRAIGHT AND LEVEL,DRY,NO DEFECTS,Y,IMPROPER OVERTAKING/PASSING,BEAT_115,1,10,1,3,42.098923,-87.447295
2026-10-07 17:31:00,30,RAIN,"DARKNESS, LIGHTED ROAD",PARKED MOTOR VEHICLE,ONE-WAY,STRAIGHT AND LEVEL,WET,NO DEFECTS,N,IMPROPER OVERTAKING/PASSING,BEAT_115,2,10,0,3,42.106272,-87.449646
2026-10-07 19:38:00,30,CLEAR,DAYLIGHT,SIDESWIPE SAME DIRECTION,NOT DIVIDED,STRAIGHT AND LEVEL,DRY,SHOULDER DEFECT,N,FOLLOWING TOO CLOSELY,BEAT_102,2,10,0,3,41.907358,-87.608682
2026-10-07 21:44:00,30,CLEAR,DAYLIGHT,REAR END,DIVIDED - W/MEDIAN,STRAIGHT AND LEVEL,DRY,NO DEFECTS,Y,PHYSICAL CONDITION OF DRIVER,BEAT_116,2,10,0,3,42.115646,-87.437431
2026-10-07 23:16:00,25,CLEAR,"DARKNESS, LIGHTED ROAD",REAR END,ONE-WAY,STRAIGHT AND LEVEL,DRY,NO DEFECTS,Y,FAILING TO YIELD RIGHT-OF-WAY,BEAT_108,2,10,0,3,41.995677,-87.534975
2026-10-08 00:16:00,30,CLEAR,"DARKNESS, LIGHTED ROAD",SIDESWIPE SAME DIRECTION,NOT DIVIDED,STRAIGHT AND LEVEL,ICE,NO DEFECTS,N,FAILING TO YIELD RIGHT-OF-WAY,BEAT_111,2,10,0,4,42.044096,-87.502435
2026-10-08 00:31:00,35,CLEAR,DAYLIGHT,PARKED MOTOR VEHICLE,NOT DIVIDED,STRAIGHT AND LEVEL,WET,NO DEFECTS,N,FOLLOWING TOO CLOSELY,BEAT_110,1,10,0,4,42.021292,-87.510428
2026-10-08 03:03:00,30,CLEAR,DAYLIGHT,TURNING,ALLEY,STRAIGHT AND LEVEL,WET,NO DEFECTS,N,PHYSICAL CONDITION OF DRIVER,BEAT_115,1,10,0,4,42.104549,-87.450233
2026-10-08 11:24:00,25,CLEAR,DAYLIGHT,SIDESWIPE SAME DIRECTION,NOT DIVIDED,STRAIGHT AND LEVEL,WET,NO DEFECTS,N,DRIVING SKILLS/KNOWLEDGE/EXPERIENCE,BEAT_114,3,10,0,4,42.084051,-87.460026
2026-10-08 19:21:00,30,CLEAR,DAYLIGHT,TURNING,NOT DIVIDED,STRAIGHT AND LEVEL,DRY,NO DEFECTS,N,FOLLOWING TOO CLOSELY,BEAT_106,2,10,0,4,41.967271,-87.557058
2026-10-08 19:25:00,20,FOG/SMOKE/HAZE,"DARKNESS, LIGHTED ROAD",REAR END,DIVIDED - W/MEDIAN,"CURVE, LEVEL",WET,NO DEFECTS,Y,WEATHER,BEAT_101,2,10,0,4,41.89455,-87.620945
2026-10-08 20:01:00,40,CLEAR,DAYLIGHT,PEDESTRIAN,FOUR WAY INTERSECTION,STRAIGHT AND LEVEL,DRY,NO DEFECTS,Y,WEATHER,BEAT_120,4,10,0,4,42.178664,-87.390025
2026-10-08 23:01:00,30,RAIN,DAYLIGHT,TURNING,ONE-WAY,STRAIGHT AND LEVEL,WET,NO DEFECTS,Y,FAILING TO YIELD RIGHT-OF-WAY,BEAT_119,2,10,0,4,42.164587,-87.4012
2026-10-08 23:05:00,30,CLEAR,DAYLIGHT,ANGLE,DIVIDED - W/MEDIAN,STRAIGHT AND LEVEL,DRY,NO DEFECTS,N,FOLLOWING TOO CLOSELY,BEAT_118,2,10,0,4,42.152723,-87.417783
2026-10-09 01:49:00,30,CLEAR,"DARKNESS, LIGHTED ROAD",FIXED OBJECT,NOT DIVIDED,STRAIGHT AND LEVEL,DRY,NO DEFECTS,N,FAILING TO YIELD RIGHT-OF-WAY,BEAT_107,4,10,0,5,41.986912,-87.545924
2026-10-09 06:12:00,30,RAIN,DAYLIGHT,REAR END,ONE-WAY,STRAIGHT AND LEVEL,SNOW OR SLUSH,NO DEFECTS,Y,FOLLOWING TOO CLOSELY,BEAT_107,2,10,1,5,41.983004,-87.548683
2026-10-09 09:46:00,35,CLEAR,"DARKNESS, LIGHTED ROAD",SIDESWIPE SAME DIRECTION,T-INTERSECTION,STRAIGHT AND LEVEL,DRY,NO DEFECTS,Y,DRIVING SKILLS/KNOWLEDGE/EXPERIENCE,BEAT_119,2,10,0,5,42.163057,-87.404663
2026-10-09 11:19:00,30,SNOW,DAYLIGHT,PARKED MOTOR VEHICLE,T-INTERSECTION,STRAIGHT AND LEVEL,SNOW OR SLUSH,NO DEFECTS,N,DISREGARDING TRAFFIC SIGNALS,BEAT_109,2,10,0,5,42.01332,-87.517497
2026-10-09 11:37:00,30,CLEAR,"DARKNESS, LIGHTED ROAD",SIDESWIPE SAME DIRECTION,NOT DIVIDED,STRAIGHT ON GRADE,DRY,NO DEFECTS,N,FOLLOWING TOO CLOSELY,BEAT_116,2,10,0,5,42.115081,-87.442659
2026-10-09 12:45:00,25,CLEAR,DAYLIGHT,ANGLE,FOUR WAY INTERSECTION,STRAIGHT AND LEVEL,DRY,NO DEFECTS,N,FAILING TO YIELD RIGHT-OF-WAY,BEAT_117,2,10,0,5,42.129415,-87.425634
2026-10-09 13:35:00,35,CLEAR,"DARKNESS, LIGHTED ROAD",ANGLE,NOT DIVIDED,STRAIGHT AND LEVEL,DRY,NO DEFECTS,Y,FAILING TO YIELD RIGHT-OF-WAY,BEAT_105,2,10,0,5,41.950204,-87.567835
2026-10-09 14:29:00,25,CLEAR,DAYLIGHT,SIDESWIPE SAME DIRECTION,DIVIDED - W/MEDIAN,STRAIGHT AND LEVEL,DRY,"RUT, HOLES",N,FOLLOWING TOO CLOSELY,BEAT_110,2,10,0,5,42.032289,-87.507462
2026-10-09 14:49:00,30,CLEAR,DUSK,SIDESWIPE SAME DIRECTION,DIVIDED - W/MEDIAN,"CURVE, LEVEL",DRY,NO DEFECTS,Y,FAILING TO YIELD RIGHT-OF-WAY,BEAT_106,2,10,0,5,41.969986,-87.559965