CRASH_DATE,POSTED_SPEED_LIMIT,WEATHER_CONDITION,LIGHTING_CONDITION,FIRST_CRASH_TYPE,TRAFFICWAY_TYPE,ALIGNMENT,ROADWAY_SURFACE_COND,ROAD_DEFECT,INTERSECTION_RELATED_I,PRIM_CONTRIBUTORY_CAUSE,BEAT_OF_OCCURRENCE,NUM_UNITS,CRASH_MONTH,INJURIES_TOTAL,CRASH_DAY_OF_WEEK,LATITUDE,LONGITUDE
2026-10-09 16:52:00,25,CLEAR,"DARKNESS, LIGHTED ROAD",REAR END,NOT DIVIDED,STRAIGHT AND LEVEL,DRY,NO DEFECTS,N,FAILING TO YIELD RIGHT-OF-WAY,BEAT_114,2,10,0,5,42.086169,-87.464491
2026-10-09 17:55:00,25,RAIN,DAYLIGHT,REAR END,NOT DIVIDED,"CURVE, LEVEL",WET,DEBRIS ON ROAD,Y,DISREGARDING TRAFFIC SIGNALS,BEAT_112,2,10,2,5,42.058062,-87.491042
2026-10-09 21:33:00,30,CLEAR,DAWN,SIDESWIPE SAME DIRECTION,DIVIDED - W/MEDIAN,STRAIGHT AND LEVEL,DRY,NO DEFECTS,N,FAILING TO YIELD RIGHT-OF-WAY,BEAT_101,2,10,0,5,41.894624,-87.617844
2026-10-09 21:50:00,30,SNOW,DAYLIGHT,SIDESWIPE SAME DIRECTION,ONE-WAY,STRAIGHT AND LEVEL,WET,NO DEFECTS,Y,FOLLOWING TOO CLOSELY,BEAT_119,2,10,1,5,42.160472,-87.399622
2026-10-09 22:25:00,25,CLEAR,DAYLIGHT,ANGLE,NOT DIVIDED,STRAIGHT AND LEVEL,DRY,NO DEFECTS,Y,DRIVING SKILLS/KNOWLEDGE/EXPERIENCE,BEAT_111,2,10,0,5,42.043869,-87.50147
2026-10-09 22:29:00,25,CLEAR,DAYLIGHT,TURNING,NOT DIVIDED,STRAIGHT AND LEVEL,DRY,NO DEFECTS,Y,IMPROPER OVERTAKING/PASSING,BEAT_110,4,10,0,5,42.027998,-87.506652
2026-10-10 03:16:00,35,RAIN,DAYLIGHT,SIDESWIPE SAME DIRECTION,ONE-WAY,STRAIGHT AND LEVEL,WET,WORN SURFACE,N,FAILING TO YIELD RIGHT-OF-WAY,BEAT_117,2,10,1,6,42.128536,-87.424202
2026-10-10 05:23:00,25,CLEAR,"DARKNESS, LIGHTED ROAD",TURNING,FOUR WAY INTERSECTION,"CURVE, LEVEL",WET,NO DEFECTS,Y,DRIVING SKILLS/KNOWLEDGE/EXPERIENCE,BEAT_109,2,10,0,6,42.010858,-87.525969
2026-10-10 07:08:00,30,RAIN,"DARKNESS, LIGHTED ROAD",SIDESWIPE SAME DIRECTION,NOT DIVIDED,STRAIGHT ON GRADE,WET,NO DEFECTS,N,FAILING TO YIELD RIGHT-OF-WAY,BEAT_115,2,10,1,6,42.107611,-87.44949
2026-10-10 09:22:00,25,CLEAR,"DARKNESS, LIGHTED ROAD",REAR END,DIVIDED - W/MEDIAN,STRAIGHT AND LEVEL,DRY,WORN SURFACE,Y,DRIVING SKILLS/KNOWLEDGE/EXPERIENCE,BEAT_113,1,10,0,6,42.075978,-87.47333
2026-10-10 11:16:00,45,CLEAR,DAYLIGHT,REAR END,ONE-WAY,STRAIGHT AND LEVEL,DRY,NO DEFECTS,Y,FOLLOWING TOO CLOSELY,BEAT_106,2,10,0,6,41.971753,-87.560405
2026-10-10 11:44:00,45,SNOW,DAYLIGHT,REAR END,DIVIDED - W/MEDIAN,STRAIGHT AND LEVEL,WET,NO DEFECTS,N,DISREGARDING TRAFFIC SIGNALS,BEAT_104,2,10,0,6,41.940524,-87.582106
2026-10-10 14:31:00,40,CLEAR,DUSK,REAR END,ONE-WAY,STRAIGHT AND LEVEL,DRY,NO DEFECTS,Y,FOLLOWING TOO CLOSELY,BEAT_109,2,10,1,6,42.010724,-87.52538
2026-10-10 15:23:00,30,CLEAR,DAYLIGHT,SIDESWIPE SAME DIRECTION,DIVIDED - W/MEDIAN,STRAIGHT AND LEVEL,DRY,NO DEFECTS,Y,FAILING TO YIELD RIGHT-OF-WAY,BEAT_118,2,10,2,6,42.150698,-87.409376
2026-10-10 16:35:00,40,SNOW,"DARKNESS, LIGHTED ROAD",SIDESWIPE SAME DIRECTION,ALLEY,STRAIGHT AND LEVEL,ICE,NO DEFECTS,Y,FAILING TO YIELD RIGHT-OF-WAY,BEAT_104,1,10,0,6,41.939255,-87.584641
2026-10-10 20:23:00,30,CLEAR,DAYLIGHT,TURNING,FOUR WAY INTERSECTION,STRAIGHT AND LEVEL,DRY,NO DEFECTS,Y,FOLLOWING TOO CLOSELY,BEAT_106,2,10,0,6,41.96299,-87.560277
2026-10-10 20:40:00,30,CLEAR,"DARKNESS, LIGHTED ROAD",REAR END,FOUR WAY INTERSECTION,"CURVE, LEVEL",DRY,NO DEFECTS,Y,WEATHER,BEAT_105,4,10,2,6,41.953327,-87.575107
2026-10-10 21:25:00,40,CLEAR,"DARKNESS, LIGHTED ROAD",REAR END,DIVIDED - W/MEDIAN,STRAIGHT AND LEVEL,DRY,NO DEFECTS,N,FOLLOWING TOO CLOSELY,BEAT_112,2,10,0,6,42.052133,-87.485709
2026-10-10 23:19:00,45,SNOW,"DARKNESS, LIGHTED ROAD",REAR END,DIVIDED - W/MEDIAN,STRAIGHT AND LEVEL,ICE,"RUT, HOLES",Y,FAILING TO YIELD RIGHT-OF-WAY,BEAT_112,2,10,0,6,42.0585,-87.484748
2026-10-11 01:33:00,25,CLEAR,DAYLIGHT,REAR END,DIVIDED - W/MEDIAN,STRAIGHT AND LEVEL,ICE,NO DEFECTS,Y,FOLLOWING TOO CLOSELY,BEAT_102,3,10,0,7,41.906801,-87.602684
2026-10-11 01:56:00,25,CLEAR,DAYLIGHT,REAR END,NOT DIVIDED,STRAIGHT AND LEVEL,DRY,NO DEFECTS,Y,FAILING TO YIELD RIGHT-OF-WAY,BEAT_111,2,10,1,7,42.043641,-87.500245
2026-10-11 05:17:00,30,CLEAR,DAYLIGHT,REAR END,DIVIDED - W/MEDIAN,STRAIGHT AND LEVEL,DRY,NO DEFECTS,N,WEATHER,BEAT_115,2,10,0,7,42.10959,-87.451263
2026-10-11 05:56:00,30,CLEAR,DAWN,TURNING,DIVIDED - W/MEDIAN,STRAIGHT AND LEVEL,DRY,"RUT, HOLES",Y,WEATHER,BEAT_114,2,10,1,7,42.092526,-87.464633
2026-10-11 09:04:00,20,RAIN,DAYLIGHT,REAR END,ONE-WAY,STRAIGHT AND LEVEL,WET,NO DEFECTS,N,WEATHER,BEAT_101,2,10,0,7,41.89357,-87.616083
2026-10-11 09:47:00,25,RAIN,DAYLIGHT,REAR END,T-INTERSECTION,"CURVE, LEVEL",SNOW OR SLUSH,NO DEFECTS,N,DRIVING SKILLS/KNOWLEDGE/EXPERIENCE,BEAT_119,2,10,2,7,42.163386,-87.399436
2026-10-11 10:17:00,25,CLEAR,DAYLIGHT,REAR END,NOT DIVIDED,STRAIGHT AND LEVEL,WET,NO DEFECTS,Y,FOLLOWING TOO CLOSELY,BEAT_102,4,10,0,7,41.905271,-87.608314
2026-10-11 10:49:00,25,CLEAR,DAYLIGHT,REAR END,ONE-WAY,STRAIGHT AND LEVEL,WET,WORN SURFACE,N,PHYSICAL CONDITION OF DRIVER,BEAT_104,3,10,0,7,41.935583,-87.588133
2026-10-11 19:49:00,40,CLEAR,DAYLIGHT,REAR END,DIVIDED - W/MEDIAN,STRAIGHT AND LEVEL,DRY,NO DEFECTS,N,DRIVING SKILLS/KNOWLEDGE/EXPERIENCE,BEAT_112,2,10,0,7,42.058045,-87.487279
2026-10-11 20:44:00,35,SNOW,"DARKNESS, LIGHTED ROAD",REAR END,DIVIDED - W/MEDIAN,STRAIGHT AND LEVEL,WET,NO DEFECTS,N,FAILING TO YIELD RIGHT-OF-WAY,BEAT_119,2,10,0,7,42.165793,-87.398716
2026-10-11 20:53:00,25,CLEAR,DAYLIGHT,PARKED MOTOR VEHICLE,ONE-WAY,STRAIGHT AND LEVEL,WET,"RUT, HOLES",N,FOLLOWING TOO CLOSELY,BEAT_111,2,10,0,7,42.048621,-87.500036
2026-10-12 00:43:00,30,CLEAR,DAYLIGHT,ANGLE,NOT DIVIDED,STRAIGHT AND LEVEL,DRY,NO DEFECTS,Y,WEATHER,BEAT_114,2,10,0,1,42.088024,-87.459682
2026-10-12 00:59:00,25,CLEAR,DAWN,REAR END,DIVIDED - W/MEDIAN,STRAIGHT AND LEVEL,DRY,NO DEFECTS,Y,FOLLOWING TOO CLOSELY,BEAT_118,2,10,0,1,42.146945,-87.409493
2026-10-12 01:13:00,30,CLEAR,"DARKNESS, LIGHTED ROAD",ANGLE,DIVIDED - W/MEDIAN,STRAIGHT AND LEVEL,DRY,NO DEFECTS,N,FAILING TO YIELD RIGHT-OF-WAY,BEAT_101,1,10,0,1,41.891282,-87.621159
2026-10-12 01:27:00,25,CLEAR,DAYLIGHT,REAR END,NOT DIVIDED,STRAIGHT AND LEVEL,SNOW OR SLUSH,NO DEFECTS,N,FOLLOWING TOO CLOSELY,BEAT_104,2,10,1,1,41.932557,-87.57584
2026-10-12 03:13:00,30,CLEAR,DAYLIGHT,TURNING,FOUR WAY INTERSECTION,STRAIGHT AND LEVEL,WET,NO DEFECTS,N,FAILING TO YIELD RIGHT-OF-WAY,BEAT_110,2,10,0,1,42.024089,-87.509835
2026-10-12 03:49:00,25,CLEAR,DAYLIGHT,REAR END,DIVIDED - W/MEDIAN,"CURVE, LEVEL",DRY,NO DEFECTS,Y,FOLLOWING TOO CLOSELY,BEAT_108,1,10,1,1,41.996046,-87.532974
2026-10-12 06:03:00,25,CLEAR,DARKNESS,ANGLE,NOT DIVIDED,STRAIGHT ON GRADE,DRY,NO DEFECTS,N,FAILING TO YIELD RIGHT-OF-WAY,BEAT_107,1,10,0,1,41.980985,-87.548665
2026-10-12 07:33:00,30,CLEAR,"DARKNESS, LIGHTED ROAD",PARKED MOTOR VEHICLE,NOT DIVIDED,STRAIGHT AND LEVEL,DRY,"RUT, HOLES",Y,DISREGARDING TRAFFIC SIGNALS,BEAT_116,2,10,0,1,42.11758,-87.437277
2026-10-12 09:17:00,25,CLEAR,DAYLIGHT,REAR END,T-INTERSECTION,STRAIGHT AND LEVEL,DRY,WORN SURFACE,N,WEATHER,BEAT_104,2,10,0,1,41.932851,-87.585433
2026-10-12 09:49:00,35,FOG/SMOKE/HAZE,"DARKNESS, LIGHTED ROAD",SIDESWIPE SAME DIRECTION,DIVIDED - W/MEDIAN,STRAIGHT AND LEVEL,WET,NO DEFECTS,N,WEATHER,BEAT_116,2,10,0,1,42.116177,-87.436545
2026-10-12 17:13:00,25,CLEAR,DAYLIGHT,TURNING,ONE-WAY,STRAIGHT AND LEVEL,DRY,NO DEFECTS,N,FAILING TO YIELD RIGHT-OF-WAY,BEAT_102,2,10,0,1,41.912983,-87.605951
2026-10-12 18:01:00,30,CLEAR,"DARKNESS, LIGHTED ROAD",ANGLE,NOT DIVIDED,STRAIGHT AND LEVEL,WET,NO DEFECTS,Y,FAILING TO YIELD RIGHT-OF-WAY,BEAT_109,2,10,0,1,42.014365,-87.528589
2026-10-12 18:20:00,30,CLEAR,DAWN,REAR END,ONE-WAY,STRAIGHT AND LEVEL,DRY,NO DEFECTS,N,DRIVING SKILLS/KNOWLEDGE/EXPERIENCE,BEAT_119,2,10,0,1,42.164359,-87.403006
2026-10-13 00:31:00,30,CLEAR,DAYLIGHT,ANGLE,NOT DIVIDED,STRAIGHT AND LEVEL,DRY,NO DEFECTS,N,FOLLOWING TOO CLOSELY,BEAT_120,2,10,0,2,42.17549,-87.385543
2026-10-13 01:19:00,25,CLEAR,"DARKNESS, LIGHTED ROAD",SIDESWIPE SAME DIRECTION,DIVIDED - W/MEDIAN,"CURVE, LEVEL",DRY,NO DEFECTS,Y,WEATHER,BEAT_114,2,10,0,2,42.09013,-87.463114
2026-10-13 04:29:00,35,CLEAR,DAYLIGHT,SIDESWIPE SAME DIRECTION,ONE-WAY,STRAIGHT AND LEVEL,DRY,NO DEFECTS,Y,FOLLOWING TOO CLOSELY,BEAT_107,2,10,1,2,41.982008,-87.547341
2026-10-13 05:54:00,25,CLEAR,"DARKNESS, LIGHTED ROAD",REAR END,DIVIDED - W/MEDIAN,STRAIGHT AND LEVEL,DRY,NO DEFECTS,N,FAILING TO YIELD RIGHT-OF-WAY,BEAT_107,2,10,0,2,41.983626,-87.546986
2026-10-13 07:09:00,25,CLEAR,"DARKNESS, LIGHTED ROAD",REAR END,ALLEY,STRAIGHT ON GRADE,ICE,"RUT, HOLES",Y,WEATHER,BEAT_112,2,10,1,2,42.060054,-87.483719
2026-10-13 09:56:00,35,CLEAR,"DARKNESS, LIGHTED ROAD",PARKED MOTOR VEHICLE,ONE-WAY,STRAIGHT AND LEVEL,WET,"RUT, HOLES",Y,FOLLOWING TOO CLOSELY,BEAT_115,2,10,0,2,42.105206,-87.444744
2026-10-13 11:10:00,25,CLEAR,DAYLIGHT,TURNING,ONE-WAY,STRAIGHT AND LEVEL,DRY,NO DEFECTS,N,FOLLOWING TOO CLOSELY,BEAT_103,1,10,0,2,41.919727,-87.593921
2026-10-13 12:43:00,20,CLEAR,DAYLIGHT,TURNING,ALLEY,STRAIGHT AND LEVEL,WET,WORN SURFACE,N,FAILING TO YIELD RIGHT-OF-WAY,BEAT_109,2,10,0,2,42.016105,-87.520598
2026-10-13 13:50:00,25,CLEAR,DAYLIGHT,TURNING,ONE-WAY,STRAIGHT AND LEVEL,WET,NO DEFECTS,N,PHYSICAL CONDITION OF DRIVER,BEAT_111,1,10,0,2,42.04292,-87.497846
2026-10-13 15:58:00,25,CLEAR,DAYLIGHT,REAR END,DIVIDED - W/MEDIAN,STRAIGHT AND LEVEL,DRY,WORN SURFACE,Y,FAILING TO YIELD RIGHT-OF-WAY,BEAT_106,2,10,0,2,41.971074,-87.560061
2026-10-13 17:06:00,50,RAIN,DAYLIGHT,ANGLE,NOT DIVIDED,STRAIGHT AND LEVEL,WET,NO DEFECTS,Y,IMPROPER OVERTAKING/PASSING,BEAT_111,2,10,0,2,42.043092,-87.493943
2026-10-13 18:37:00,35,CLEAR,DAYLIGHT,SIDESWIPE SAME DIRECTION,DIVIDED - W/MEDIAN,STRAIGHT AND LEVEL,DRY,NO DEFECTS,Y,DRIVING SKILLS/KNOWLEDGE/EXPERIENCE,BEAT_103,1,10,0,2,41.925385,-87.595017
2026-10-13 22:27:00,25,CLEAR,DAYLIGHT,REAR END,DIVIDED - W/MEDIAN,STRAIGHT AND LEVEL,DRY,NO DEFECTS,Y,FAILING TO YIELD RIGHT-OF-WAY,BEAT_119,2,10,1,2,42.167904,-87.397497
2026-10-13 22:35:00,30,SNOW,DAYLIGHT,ANGLE,DIVIDED - W/MEDIAN,STRAIGHT AND LEVEL,SNOW OR SLUSH,NO DEFECTS,N,DRIVING SKILLS/KNOWLEDGE/EXPERIENCE,BEAT_116,2,10,0,2,42.119622,-87.437558
2026-10-13 23:43:00,30,CLEAR,DAYLIGHT,TURNING,ONE-WAY,STRAIGHT ON GRADE,DRY,NO DEFECTS,Y,FOLLOWING TOO CLOSELY,BEAT_114,2,10,0,2,42.086068,-87.461442
2026-10-14 01:40:00,25,CLEAR,DAYLIGHT,REAR END,NOT DIVIDED,STRAIGHT AND LEVEL,DRY,NO DEFECTS,N,FAILING TO YIELD RIGHT-OF-WAY,BEAT_114,2,10,0,3,42.095309,-87.46049
2026-10-14 12:40:00,40,CLEAR,DAYLIGHT,TURNING,DIVIDED - W/MEDIAN,STRAIGHT AND LEVEL,DRY,WORN SURFACE,N,DISREGARDING TRAFFIC SIGNALS,BEAT_103,2,10,0,3,41.91808,-87.594284
2026-10-14 14:56:00,35,RAIN,DAYLIGHT,FIXED OBJECT,DIVIDED - W/MEDIAN,CURVE ON GRADE,WET,NO DEFECTS,Y,FAILING TO YIELD RIGHT-OF-WAY,BEAT_116,2,10,1,3,42.113432,-87.443266
2026-10-14 15:31:00,25,CLEAR,DAYLIGHT,REAR END,DIVIDED - W/MEDIAN,STRAIGHT AND LEVEL,WET,"RUT, HOLES",Y,DISREGARDING TRAFFIC SIGNALS,BEAT_102,4,10,0,3,41.911925,-87.601138
2026-10-14 15:45:00,30,RAIN,DAYLIGHT,SIDESWIPE SAME DIRECTION,DIVIDED - W/MEDIAN,STRAIGHT AND LEVEL,WET,NO DEFECTS,Y,FOLLOWING TOO CLOSELY,BEAT_115,2,10,0,3,42.107996,-87.448571
2026-10-14 20:00:00,50,CLEAR,"DARKNESS, LIGHTED ROAD",SIDESWIPE SAME DIRECTION,FOUR WAY INTERSECTION,STRAIGHT AND LEVEL,DRY,NO DEFECTS,Y,FOLLOWING TOO CLOSELY,BEAT_120,2,10,0,3,42.179766,-87.383842
2026-10-15 00:09:00,25,CLEAR,DAYLIGHT,TURNING,FOUR WAY INTERSECTION,STRAIGHT AND LEVEL,DRY,WORN SURFACE,N,DRIVING SKILLS/KNOWLEDGE/EXPERIENCE,BEAT_105,2,10,0,4,41.95488,-87.569622
2026-10-15 05:24:00,45,RAIN,"DARKNESS, LIGHTED ROAD",REAR END,NOT DIVIDED,STRAIGHT AND LEVEL,WET,NO DEFECTS,Y,FOLLOWING TOO CLOSELY,BEAT_103,2,10,1,4,41.919457,-87.59389
2026-10-15 07:22:00,30,RAIN,DAYLIGHT,SIDESWIPE SAME DIRECTION,NOT DIVIDED,STRAIGHT AND LEVEL,WET,NO DEFECTS,N,DRIVING SKILLS/KNOWLEDGE/EXPERIENCE,BEAT_106,1,10,1,4,41.965763,-87.558596
2026-10-15 07:54:00,30,CLEAR,"DARKNESS, LIGHTED ROAD",REAR END,DIVIDED - W/MEDIAN,STRAIGHT AND LEVEL,DRY,NO DEFECTS,N,FAILING TO YIELD RIGHT-OF-WAY,BEAT_111,3,10,0,4,42.049023,-87.501805
2026-10-15 08:20:00,50,SNOW,DAYLIGHT,ANGLE,FOUR WAY INTERSECTION,STRAIGHT AND LEVEL,WET,NO DEFECTS,N,FOLLOWING TOO CLOSELY,BEAT_117,2,10,0,4,42.130965,-87.424877
2026-10-15 10:22:00,25,SNOW,DAYLIGHT,REAR END,NOT DIVIDED,STRAIGHT AND LEVEL,SNOW OR SLUSH,NO DEFECTS,Y,FAILING TO YIELD RIGHT-OF-WAY,BEAT_120,4,10,0,4,42.181754,-87.393612
2026-10-15 11:30:00,35,CLEAR,"DARKNESS, LIGHTED ROAD",TURNING,DIVIDED - W/MEDIAN,STRAIGHT AND LEVEL,"SAND, MUD, DIRT","RUT, HOLES",N,FOLLOWING TOO CLOSELY,BEAT_109,2,10,0,4,42.014342,-87.524445
2026-10-15 17:06:00,20,CLEAR,DAYLIGHT,TURNING,ALLEY,STRAIGHT AND LEVEL,WET,"RUT, HOLES",Y,WEATHER,BEAT_103,2,10,0,4,41.9315,-87.596935
2026-10-15 21:49:00,40,CLEAR,"DARKNESS, LIGHTED ROAD",TURNING,NOT DIVIDED,STRAIGHT AND LEVEL,DRY,NO DEFECTS,N,DISREGARDING TRAFFIC SIGNALS,BEAT_106,4,10,0,4,41.967504,-87.554504
2026-10-15 21:54:00,30,CLEAR,"DARKNESS, LIGHTED ROAD",ANGLE,DIVIDED - W/MEDIAN,STRAIGHT AND LEVEL,DRY,NO DEFECTS,Y,DISREGARDING TRAFFIC SIGNALS,BEAT_119,2,10,2,4,42.164006,-87.403442
2026-10-15 22:04:00,45,CLEAR,DAYLIGHT,SIDESWIPE SAME DIRECTION,T-INTERSECTION,STRAIGHT AND LEVEL,DRY,NO DEFECTS,N,FOLLOWING TOO CLOSELY,BEAT_103,2,10,0,4,41.923775,-87.596948
2026-10-16 01:20:00,25,CLEAR,DAYLIGHT,TURNING,ALLEY,STRAIGHT AND LEVEL,DRY,NO DEFECTS,N,FAILING TO YIELD RIGHT-OF-WAY,BEAT_117,4,10,0,5,42.13056,-87.422115
2026-10-16 03:17:00,35,CLEAR,DAYLIGHT,REAR END,DIVIDED - W/MEDIAN,STRAIGHT AND LEVEL,WET,NO DEFECTS,N,IMPROPER OVERTAKING/PASSING,BEAT_119,2,10,0,5,42.165706,-87.398875
2026-10-16 03:46:00,30,RAIN,DUSK,SIDESWIPE SAME DIRECTION,DIVIDED - W/MEDIAN,STRAIGHT AND LEVEL,WET,NO DEFECTS,Y,WEATHER,BEAT_120,2,10,1,5,42.178951,-87.390642
2026-10-16 04:08:00,20,RAIN,DAYLIGHT,TURNING,FOUR WAY INTERSECTION,STRAIGHT AND LEVEL,WET,NO DEFECTS,Y,WEATHER,BEAT_108,2,10,0,5,41.990923,-87.531786
2026-10-16 09:50:00,25,CLEAR,DAYLIGHT,TURNING,ONE-WAY,STRAIGHT AND LEVEL,DRY,"RUT, HOLES",N,FAILING TO YIELD RIGHT-OF-WAY,BEAT_107,2,10,0,5,41.982117,-87.546468
2026-10-16 13:33:00,50,RAIN,DAYLIGHT,PEDESTRIAN,NOT DIVIDED,STRAIGHT AND LEVEL,WET,NO DEFECTS,Y,WEATHER,BEAT_104,2,10,0,5,41.938262,-87.57303
2026-10-16 13:36:00,50,CLEAR,DAYLIGHT,SIDESWIPE SAME DIRECTION,FOUR WAY INTERSECTION,STRAIGHT ON GRADE,SNOW OR SLUSH,NO DEFECTS,Y,WEATHER,BEAT_108,2,10,0,5,41.993251,-87.535699
2026-10-16 18:28:00,35,CLEAR,DUSK,REAR END,DIVIDED - W/MEDIAN,"CURVE, LEVEL",DRY,NO DEFECTS,Y,FOLLOWING TOO CLOSELY,BEAT_112,2,10,0,5,42.060409,-87.490172
2026-10-17 01:43:00,25,FOG/SMOKE/HAZE,DAYLIGHT,ANGLE,FOUR WAY INTERSECTION,STRAIGHT AND LEVEL,WET,NO DEFECTS,N,FOLLOWING TOO CLOSELY,BEAT_116,2,10,0,6,42.124253,-87.437826
2026-10-17 03:33:00,45,CLEAR,DAYLIGHT,TURNING,DIVIDED - W/MEDIAN,STRAIGHT AND LEVEL,WET,NO DEFECTS,Y,FOLLOWING TOO CLOSELY,BEAT_114,2,10,0,6,42.086556,-87.46703
2026-10-17 04:43:00,30,FOG/SMOKE/HAZE,"DARKNESS, LIGHTED ROAD",PARKED MOTOR VEHICLE,DIVIDED - W/MEDIAN,STRAIGHT AND LEVEL,SNOW OR SLUSH,SHOULDER DEFECT,Y,FAILING TO YIELD RIGHT-OF-WAY,BEAT_101,2,10,0,6,41.894151,-87.614483
2026-10-17 06:29:00,25,RAIN,DAYLIGHT,SIDESWIPE SAME DIRECTION,DIVIDED - W/MEDIAN,STRAIGHT AND LEVEL,ICE,NO DEFECTS,Y,FAILING TO YIELD RIGHT-OF-WAY,BEAT_117,2,10,0,6,42.130511,-87.426617
2026-10-17 09:39:00,30,SNOW,DAYLIGHT,REAR END,DIVIDED - W/MEDIAN,CURVE ON GRADE,SNOW OR SLUSH,NO DEFECTS,Y,FOLLOWING TOO CLOSELY,BEAT_112,2,10,0,6,42.053704,-87.484869
2026-10-17 11:21:00,30,CLEAR,"DARKNESS, LIGHTED ROAD",SIDESWIPE SAME DIRECTION,DIVIDED - W/MEDIAN,STRAIGHT AND LEVEL,DRY,NO DEFECTS,N,FAILING TO YIELD RIGHT-OF-WAY,BEAT_104,3,10,0,6,41.938011,-87.584727
2026-10-17 11:21:00,25,CLEAR,DARKNESS,REAR END,ALLEY,STRAIGHT AND LEVEL,DRY,NO DEFECTS,Y,FAILING TO YIELD RIGHT-OF-WAY,BEAT_108,2,10,0,6,41.999082,-87.534917
2026-10-17 11:38:00,30,CLEAR,DAYLIGHT,REAR END,ALLEY,STRAIGHT AND LEVEL,WET,WORN SURFACE,Y,IMPROPER OVERTAKING/PASSING,BEAT_106,2,10,0,6,41.964127,-87.560144
2026-10-17 11:51:00,30,CLEAR,"DARKNESS, LIGHTED ROAD",TURNING,ONE-WAY,CURVE ON GRADE,DRY,NO DEFECTS,N,DISREGARDING TRAFFIC SIGNALS,BEAT_112,2,10,0,6,42.055476,-87.483709
2026-10-17 12:41:00,25,RAIN,DAYLIGHT,TURNING,NOT DIVIDED,STRAIGHT AND LEVEL,WET,NO DEFECTS,Y,DISREGARDING TRAFFIC SIGNALS,BEAT_109,3,10,0,6,42.015779,-87.516311
2026-10-17 13:03:00,25,SNOW,DAYLIGHT,PARKED MOTOR VEHICLE,NOT DIVIDED,STRAIGHT AND LEVEL,WET,NO DEFECTS,N,DRIVING SKILLS/KNOWLEDGE/EXPERIENCE,BEAT_116,2,10,0,6,42.124248,-87.436966
2026-10-17 15:02:00,30,CLEAR,DARKNESS,TURNING,DIVIDED - W/MEDIAN,STRAIGHT AND LEVEL,DRY,NO DEFECTS,Y,DRIVING SKILLS/KNOWLEDGE/EXPERIENCE,BEAT_106,2,10,0,6,41.967505,-87.557528
2026-10-17 15:05:00,25,CLEAR,"DARKNESS, LIGHTED ROAD",PARKED MOTOR VEHICLE,NOT DIVIDED,"CURVE, LEVEL",DRY,NO DEFECTS,N,FOLLOWING TOO CLOSELY,BEAT_111,2,10,0,6,42.041715,-87.499317
2026-10-17 15:13:00,20,FOG/SMOKE/HAZE,"DARKNESS, LIGHTED ROAD",REAR END,NOT DIVIDED,STRAIGHT AND LEVEL,WET,NO DEFECTS,Y,IMPROPER OVERTAKING/PASSING,BEAT_101,2,10,0,6,41.897115,-87.613826
2026-10-17 16:11:00,25,CLEAR,DAYLIGHT,TURNING,DIVIDED - W/MEDIAN,STRAIGHT ON GRADE,DRY,"RUT, HOLES",N,IMPROPER OVERTAKING/PASSING,BEAT_105,2,10,0,6,41.952594,-87.565247
2026-10-17 17:49:00,45,CLEAR,DAYLIGHT,REAR END,T-INTERSECTION,STRAIGHT AND LEVEL,WET,NO DEFECTS,Y,FOLLOWING TOO CLOSELY,BEAT_114,1,10,1,6,42.090411,-87.463157
2026-10-18 00:28:00,40,CLEAR,"DARKNESS, LIGHTED ROAD",ANGLE,NOT DIVIDED,STRAIGHT AND LEVEL,DRY,NO DEFECTS,Y,IMPROPER OVERTAKING/PASSING,BEAT_109,3,10,0,7,42.009283,-87.519661
2026-10-18 02:00:00,30,CLEAR,DAYLIGHT,SIDESWIPE SAME DIRECTION,DIVIDED - W/MEDIAN,STRAIGHT AND LEVEL,DRY,NO DEFECTS,N,FAILING TO YIELD RIGHT-OF-WAY,BEAT_111,2,10,0,7,42.043837,-87.500037
2026-10-18 02:04:00,30,CLEAR,DAYLIGHT,REAR END,FOUR WAY INTERSECTION,STRAIGHT AND LEVEL,WET,NO DEFECTS,Y,IMPROPER OVERTAKING/PASSING,BEAT_106,2,10,0,7,41.965857,-87.563082
2026-10-18 04:08:00,30,CLEAR,DAWN,PARKED MOTOR VEHICLE,DIVIDED - W/MEDIAN,STRAIGHT AND LEVEL,DRY,NO DEFECTS,Y,PHYSICAL CONDITION OF DRIVER,BEAT_106,1,10,2,7,41.966769,-87.554215