CRASH_DATE,POSTED_SPEED_LIMIT,WEATHER_CONDITION,LIGHTING_CONDITION,FIRST_CRASH_TYPE,TRAFFICWAY_TYPE,ALIGNMENT,ROADWAY_SURFACE_COND,ROAD_DEFECT,INTERSECTION_RELATED_I,PRIM_CONTRIBUTORY_CAUSE,BEAT_OF_OCCURRENCE,NUM_UNITS,CRASH_MONTH,INJURIES_TOTAL,CRASH_DAY_OF_WEEK,LATITUDE,LONGITUDE
2026-10-26 06:08:00,25,CLEAR,DAYLIGHT,REAR END,ONE-WAY,STRAIGHT AND LEVEL,WET,NO DEFECTS,N,FOLLOWING TOO CLOSELY,BEAT_106,3,10,0,1,41.967713,-87.560355
2026-10-26 06:08:00,25,RAIN,"DARKNESS, LIGHTED ROAD",REAR END,DIVIDED - W/MEDIAN,STRAIGHT AND LEVEL,SNOW OR SLUSH,"RUT, HOLES",N,FOLLOWING TOO CLOSELY,BEAT_114,2,10,1,1,42.094118,-87.460525
2026-10-26 06:48:00,35,RAIN,DAYLIGHT,ANGLE,DIVIDED - W/MEDIAN,STRAIGHT AND LEVEL,WET,NO DEFECTS,N,FOLLOWING TOO CLOSELY,BEAT_109,2,10,0,1,42.015532,-87.519098
2026-10-26 07:53:00,25,RAIN,DAYLIGHT,ANGLE,NOT DIVIDED,STRAIGHT AND LEVEL,WET,NO DEFECTS,N,FAILING TO YIELD RIGHT-OF-WAY,BEAT_110,2,10,0,1,42.029118,-87.507601
2026-10-26 09:16:00,30,CLEAR,DAYLIGHT,PARKED MOTOR VEHICLE,ONE-WAY,STRAIGHT AND LEVEL,DRY,NO DEFECTS,N,DRIVING SKILLS/KNOWLEDGE/EXPERIENCE,BEAT_102,2,10,0,1,41.904114,-87.6033
2026-10-26 12:42:00,40,CLEAR,DAYLIGHT,REAR END,DIVIDED - W/MEDIAN,STRAIGHT AND LEVEL,DRY,NO DEFECTS,N,PHYSICAL CONDITION OF DRIVER,BEAT_109,2,10,0,1,42.015187,-87.524104
2026-10-26 16:04:00,25,CLEAR,DAYLIGHT,ANGLE,DIVIDED - W/MEDIAN,STRAIGHT AND LEVEL,SNOW OR SLUSH,NO DEFECTS,N,FAILING TO YIELD RIGHT-OF-WAY,BEAT_101,2,10,0,1,41.89806,-87.619712
2026-10-26 16:58:00,25,CLEAR,"DARKNESS, LIGHTED ROAD",ANGLE,DIVIDED - W/MEDIAN,STRAIGHT AND LEVEL,DRY,NO DEFECTS,N,IMPROPER OVERTAKING/PASSING,BEAT_112,3,10,0,1,42.054448,-87.480072
2026-10-26 17:24:00,40,CLEAR,DAYLIGHT,TURNING,NOT DIVIDED,STRAIGHT AND LEVEL,DRY,NO DEFECTS,Y,FAILING TO YIELD RIGHT-OF-WAY,BEAT_119,2,10,0,1,42.167607,-87.402085
2026-10-26 18:38:00,55,CLEAR,"DARKNESS, LIGHTED ROAD",REAR END,NOT DIVIDED,STRAIGHT AND LEVEL,DRY,NO DEFECTS,Y,DRIVING SKILLS/KNOWLEDGE/EXPERIENCE,BEAT_102,2,10,0,1,41.908994,-87.603463
2026-10-26 22:17:00,40,CLEAR,"DARKNESS, LIGHTED ROAD",REAR END,ONE-WAY,STRAIGHT AND LEVEL,DRY,NO DEFECTS,N,FAILING TO YIELD RIGHT-OF-WAY,BEAT_104,2,10,0,1,41.937686,-87.582645
2026-10-27 03:14:00,25,RAIN,DUSK,REAR END,DIVIDED - W/MEDIAN,STRAIGHT AND LEVEL,WET,NO DEFECTS,N,IMPROPER OVERTAKING/PASSING,BEAT_111,3,10,0,2,42.04514,-87.496074
2026-10-27 03:31:00,25,CLEAR,DAYLIGHT,PEDESTRIAN,ONE-WAY,STRAIGHT AND LEVEL,DRY,NO DEFECTS,N,DISREGARDING TRAFFIC SIGNALS,BEAT_112,2,10,0,2,42.059806,-87.486876
2026-10-27 05:48:00,50,CLEAR,"DARKNESS, LIGHTED ROAD",ANGLE,DIVIDED - W/MEDIAN,"CURVE, LEVEL",WET,NO DEFECTS,N,FAILING TO YIELD RIGHT-OF-WAY,BEAT_114,2,10,0,2,42.091784,-87.463036
2026-10-27 06:56:00,30,RAIN,DAYLIGHT,SIDESWIPE SAME DIRECTION,NOT DIVIDED,STRAIGHT AND LEVEL,WET,NO DEFECTS,Y,WEATHER,BEAT_112,2,10,0,2,42.057511,-87.487813
2026-10-27 08:56:00,30,CLEAR,DARKNESS,PEDESTRIAN,DIVIDED - W/MEDIAN,STRAIGHT AND LEVEL,DRY,NO DEFECTS,Y,FOLLOWING TOO CLOSELY,BEAT_114,2,10,2,2,42.085174,-87.463201
2026-10-27 11:36:00,30,CLEAR,DAYLIGHT,PARKED MOTOR VEHICLE,FOUR WAY INTERSECTION,STRAIGHT AND LEVEL,DRY,NO DEFECTS,Y,WEATHER,BEAT_107,3,10,1,2,41.989385,-87.544039
2026-10-27 11:37:00,30,CLEAR,DAYLIGHT,TURNING,DIVIDED - W/MEDIAN,STRAIGHT AND LEVEL,WET,NO DEFECTS,Y,FAILING TO YIELD RIGHT-OF-WAY,BEAT_113,2,10,1,2,42.075052,-87.473585
2026-10-27 14:24:00,35,CLEAR,DAYLIGHT,REAR END,NOT DIVIDED,STRAIGHT AND LEVEL,DRY,DEBRIS ON ROAD,Y,FAILING TO YIELD RIGHT-OF-WAY,BEAT_107,2,10,0,2,41.983723,-87.544367
2026-10-27 18:46:00,35,CLEAR,DARKNESS,REAR END,NOT DIVIDED,STRAIGHT AND LEVEL,ICE,NO DEFECTS,Y,PHYSICAL CONDITION OF DRIVER,BEAT_116,2,10,0,2,42.122339,-87.439244
2026-10-27 19:45:00,45,CLEAR,DAYLIGHT,SIDESWIPE SAME DIRECTION,NOT DIVIDED,STRAIGHT AND LEVEL,SNOW OR SLUSH,WORN SURFACE,Y,FAILING TO YIELD RIGHT-OF-WAY,BEAT_109,2,10,0,2,42.01246,-87.521122
2026-10-27 21:57:00,35,CLEAR,DAYLIGHT,ANGLE,ALLEY,STRAIGHT AND LEVEL,DRY,NO DEFECTS,Y,FAILING TO YIELD RIGHT-OF-WAY,BEAT_117,2,10,0,2,42.133268,-87.428695
2026-10-27 23:01:00,25,CLEAR,DAYLIGHT,REAR END,DIVIDED - W/MEDIAN,"CURVE, LEVEL",DRY,NO DEFECTS,Y,FAILING TO YIELD RIGHT-OF-WAY,BEAT_113,3,10,0,2,42.072179,-87.470502
2026-10-28 00:59:00,45,RAIN,DAYLIGHT,SIDESWIPE SAME DIRECTION,DIVIDED - W/MEDIAN,STRAIGHT AND LEVEL,WET,NO DEFECTS,Y,WEATHER,BEAT_106,1,10,0,3,41.968874,-87.556393
2026-10-28 01:31:00,30,RAIN,DARKNESS,SIDESWIPE SAME DIRECTION,DIVIDED - W/MEDIAN,STRAIGHT AND LEVEL,WET,NO DEFECTS,N,FOLLOWING TOO CLOSELY,BEAT_113,2,10,1,3,42.078643,-87.474111
2026-10-28 05:13:00,30,CLEAR,"DARKNESS, LIGHTED ROAD",REAR END,NOT DIVIDED,STRAIGHT AND LEVEL,DRY,NO DEFECTS,Y,FOLLOWING TOO CLOSELY,BEAT_111,2,10,0,3,42.046228,-87.498274
2026-10-28 07:39:00,55,CLEAR,DAYLIGHT,TURNING,T-INTERSECTION,STRAIGHT AND LEVEL,DRY,NO DEFECTS,Y,FAILING TO YIELD RIGHT-OF-WAY,BEAT_117,4,10,0,3,42.132716,-87.425918
2026-10-28 09:42:00,20,CLEAR,DAWN,PEDESTRIAN,DIVIDED - W/MEDIAN,CURVE ON GRADE,DRY,NO DEFECTS,Y,FOLLOWING TOO CLOSELY,BEAT_119,2,10,0,3,42.163119,-87.399975
2026-10-28 10:07:00,35,SNOW,"DARKNESS, LIGHTED ROAD",ANGLE,DIVIDED - W/MEDIAN,STRAIGHT AND LEVEL,WET,NO DEFECTS,Y,FAILING TO YIELD RIGHT-OF-WAY,BEAT_117,1,10,0,3,42.131633,-87.426818
2026-10-28 10:33:00,25,CLEAR,DAYLIGHT,REAR END,DIVIDED - W/MEDIAN,"CURVE, LEVEL",SNOW OR SLUSH,NO DEFECTS,N,DRIVING SKILLS/KNOWLEDGE/EXPERIENCE,BEAT_101,2,10,2,3,41.896275,-87.619416
2026-10-28 12:23:00,25,SNOW,DAWN,PEDESTRIAN,NOT DIVIDED,STRAIGHT AND LEVEL,SNOW OR SLUSH,"RUT, HOLES",Y,FOLLOWING TOO CLOSELY,BEAT_112,2,10,0,3,42.05915,-87.482978
2026-10-28 16:09:00,55,SNOW,"DARKNESS, LIGHTED ROAD",ANGLE,FOUR WAY INTERSECTION,STRAIGHT AND LEVEL,ICE,NO DEFECTS,Y,FOLLOWING TOO CLOSELY,BEAT_107,2,10,1,3,41.985356,-87.549103
2026-10-28 16:32:00,30,CLEAR,DAYLIGHT,REAR END,NOT DIVIDED,STRAIGHT AND LEVEL,DRY,NO DEFECTS,N,FAILING TO YIELD RIGHT-OF-WAY,BEAT_104,2,10,0,3,41.936484,-87.577254
2026-10-28 17:46:00,50,CLEAR,"DARKNESS, LIGHTED ROAD",SIDESWIPE SAME DIRECTION,ALLEY,STRAIGHT AND LEVEL,WET,"RUT, HOLES",Y,FOLLOWING TOO CLOSELY,BEAT_112,2,10,0,3,42.057551,-87.48687
2026-10-28 19:33:00,45,CLEAR,DAYLIGHT,PEDESTRIAN,FOUR WAY INTERSECTION,STRAIGHT AND LEVEL,DRY,NO DEFECTS,N,DRIVING SKILLS/KNOWLEDGE/EXPERIENCE,BEAT_114,2,10,0,3,42.084772,-87.461941
2026-10-28 21:50:00,25,RAIN,DAYLIGHT,REAR END,NOT DIVIDED,STRAIGHT AND LEVEL,SNOW OR SLUSH,NO DEFECTS,N,FAILING TO YIELD RIGHT-OF-WAY,BEAT_107,2,10,0,3,41.982783,-87.544283
2026-10-29 01:23:00,30,SNOW,"DARKNESS, LIGHTED ROAD",SIDESWIPE SAME DIRECTION,NOT DIVIDED,STRAIGHT AND LEVEL,SNOW OR SLUSH,NO DEFECTS,Y,FOLLOWING TOO CLOSELY,BEAT_120,2,10,0,4,42.178042,-87.389375
2026-10-29 03:15:00,25,CLEAR,DAYLIGHT,TURNING,ONE-WAY,STRAIGHT AND LEVEL,DRY,NO DEFECTS,N,FAILING TO YIELD RIGHT-OF-WAY,BEAT_101,2,10,0,4,41.892727,-87.619507
2026-10-29 03:56:00,25,CLEAR,DAYLIGHT,TURNING,DIVIDED - W/MEDIAN,STRAIGHT AND LEVEL,DRY,NO DEFECTS,Y,FAILING TO YIELD RIGHT-OF-WAY,BEAT_109,1,10,0,4,42.011424,-87.519793
2026-10-29 04:48:00,25,CLEAR,"DARKNESS, LIGHTED ROAD",SIDESWIPE SAME DIRECTION,DIVIDED - W/MEDIAN,STRAIGHT AND LEVEL,DRY,NO DEFECTS,N,FOLLOWING TOO CLOSELY,BEAT_106,2,10,0,4,41.970087,-87.557686
2026-10-29 05:51:00,30,CLEAR,"DARKNESS, LIGHTED ROAD",SIDESWIPE SAME DIRECTION,FOUR WAY INTERSECTION,"CURVE, LEVEL",DRY,NO DEFECTS,N,FOLLOWING TOO CLOSELY,BEAT_112,3,10,0,4,42.06217,-87.481876
2026-10-29 08:35:00,25,CLEAR,DAYLIGHT,REAR END,DIVIDED - W/MEDIAN,STRAIGHT AND LEVEL,WET,NO DEFECTS,N,FOLLOWING TOO CLOSELY,BEAT_109,2,10,0,4,42.007121,-87.519796
2026-10-29 17:22:00,30,CLEAR,DAYLIGHT,REAR END,ALLEY,STRAIGHT AND LEVEL,DRY,NO DEFECTS,Y,WEATHER,BEAT_103,2,10,0,4,41.92318,-87.592589
2026-10-29 20:02:00,40,SNOW,DAYLIGHT,SIDESWIPE SAME DIRECTION,DIVIDED - W/MEDIAN,STRAIGHT AND LEVEL,WET,NO DEFECTS,N,DISREGARDING TRAFFIC SIGNALS,BEAT_116,2,10,0,4,42.116579,-87.4402
2026-10-29 22:45:00,30,CLEAR,DAYLIGHT,TURNING,DIVIDED - W/MEDIAN,STRAIGHT AND LEVEL,DRY,NO DEFECTS,Y,FOLLOWING TOO CLOSELY,BEAT_111,2,10,0,4,42.038918,-87.499261
2026-10-29 22:59:00,30,CLEAR,DAYLIGHT,REAR END,NOT DIVIDED,STRAIGHT AND LEVEL,DRY,NO DEFECTS,N,DRIVING SKILLS/KNOWLEDGE/EXPERIENCE,BEAT_120,3,10,0,4,42.176336,-87.389141
2026-10-30 03:20:00,30,SNOW,DAYLIGHT,ANGLE,NOT DIVIDED,STRAIGHT AND LEVEL,WET,NO DEFECTS,N,FOLLOWING TOO CLOSELY,BEAT_105,2,10,0,5,41.950558,-87.564643
2026-10-30 05:14:00,25,RAIN,DARKNESS,PARKED MOTOR VEHICLE,DIVIDED - W/MEDIAN,STRAIGHT AND LEVEL,WET,"RUT, HOLES",N,FAILING TO YIELD RIGHT-OF-WAY,BEAT_103,2,10,0,5,41.921591,-87.589468
2026-10-30 07:02:00,20,CLEAR,DAYLIGHT,SIDESWIPE SAME DIRECTION,ALLEY,STRAIGHT AND LEVEL,DRY,NO DEFECTS,N,PHYSICAL CONDITION OF DRIVER,BEAT_111,2,10,0,5,42.039958,-87.498956
2026-10-30 07:36:00,35,CLEAR,DAYLIGHT,PARKED MOTOR VEHICLE,ONE-WAY,STRAIGHT AND LEVEL,WET,NO DEFECTS,Y,PHYSICAL CONDITION OF DRIVER,BEAT_105,1,10,0,5,41.952779,-87.56803
2026-10-30 10:56:00,50,CLEAR,DAYLIGHT,REAR END,ONE-WAY,CURVE ON GRADE,WET,NO DEFECTS,N,DRIVING SKILLS/KNOWLEDGE/EXPERIENCE,BEAT_113,2,10,0,5,42.074467,-87.477045
2026-10-30 11:57:00,20,CLEAR,"DARKNESS, LIGHTED ROAD",REAR END,NOT DIVIDED,STRAIGHT AND LEVEL,WET,NO DEFECTS,N,IMPROPER OVERTAKING/PASSING,BEAT_109,2,10,0,5,42.016003,-87.522734
2026-10-30 12:45:00,30,CLEAR,DAYLIGHT,SIDESWIPE SAME DIRECTION,NOT DIVIDED,STRAIGHT AND LEVEL,DRY,NO DEFECTS,N,FOLLOWING TOO CLOSELY,BEAT_104,2,10,1,5,41.938325,-87.58408
2026-10-30 13:30:00,25,CLEAR,DAYLIGHT,SIDESWIPE SAME DIRECTION,DIVIDED - W/MEDIAN,STRAIGHT AND LEVEL,WET,NO DEFECTS,N,FOLLOWING TOO CLOSELY,BEAT_118,2,10,0,5,42.151576,-87.413866
2026-10-30 13:51:00,40,RAIN,DAYLIGHT,SIDESWIPE SAME DIRECTION,NOT DIVIDED,STRAIGHT AND LEVEL,WET,NO DEFECTS,Y,DRIVING SKILLS/KNOWLEDGE/EXPERIENCE,BEAT_104,2,10,0,5,41.937902,-87.583195
2026-10-30 14:49:00,30,RAIN,DAYLIGHT,PEDESTRIAN,NOT DIVIDED,STRAIGHT AND LEVEL,SNOW OR SLUSH,NO DEFECTS,N,WEATHER,BEAT_107,2,10,1,5,41.983168,-87.546196
2026-10-30 16:13:00,35,CLEAR,"DARKNESS, LIGHTED ROAD",REAR END,DIVIDED - W/MEDIAN,STRAIGHT AND LEVEL,WET,WORN SURFACE,N,FAILING TO YIELD RIGHT-OF-WAY,BEAT_111,2,10,0,5,42.042746,-87.499424
2026-10-30 22:05:00,55,CLEAR,DAYLIGHT,PEDESTRIAN,DIVIDED - W/MEDIAN,STRAIGHT AND LEVEL,DRY,NO DEFECTS,N,DRIVING SKILLS/KNOWLEDGE/EXPERIENCE,BEAT_118,4,10,0,5,42.147879,-87.415925
2026-10-31 04:43:00,25,CLEAR,DAYLIGHT,FIXED OBJECT,NOT DIVIDED,STRAIGHT AND LEVEL,DRY,"RUT, HOLES",Y,DISREGARDING TRAFFIC SIGNALS,BEAT_114,2,10,0,6,42.085206,-87.464269
2026-10-31 06:26:00,50,RAIN,DAYLIGHT,SIDESWIPE SAME DIRECTION,ONE-WAY,STRAIGHT AND LEVEL,SNOW OR SLUSH,NO DEFECTS,N,FOLLOWING TOO CLOSELY,BEAT_107,4,10,0,6,41.984285,-87.550359
2026-10-31 06:26:00,40,CLEAR,DAYLIGHT,ANGLE,NOT DIVIDED,STRAIGHT AND LEVEL,DRY,NO DEFECTS,Y,FOLLOWING TOO CLOSELY,BEAT_116,2,10,0,6,42.119251,-87.437478
2026-10-31 07:16:00,35,CLEAR,DAYLIGHT,TURNING,NOT DIVIDED,"CURVE, LEVEL",DRY,NO DEFECTS,N,FOLLOWING TOO CLOSELY,BEAT_108,1,10,0,6,41.996959,-87.53625
2026-10-31 07:55:00,30,SNOW,DAYLIGHT,ANGLE,ONE-WAY,"CURVE, LEVEL",ICE,NO DEFECTS,N,FAILING TO YIELD RIGHT-OF-WAY,BEAT_117,2,10,0,6,42.136054,-87.423428
2026-10-31 11:32:00,30,CLEAR,"DARKNESS, LIGHTED ROAD",SIDESWIPE SAME DIRECTION,DIVIDED - W/MEDIAN,STRAIGHT AND LEVEL,DRY,DEBRIS ON ROAD,Y,FAILING TO YIELD RIGHT-OF-WAY,BEAT_111,2,10,0,6,42.048331,-87.496212
2026-10-31 15:06:00,25,CLEAR,"DARKNESS, LIGHTED ROAD",PEDESTRIAN,DIVIDED - W/MEDIAN,STRAIGHT ON GRADE,DRY,NO DEFECTS,Y,FOLLOWING TOO CLOSELY,BEAT_106,2,10,0,6,41.967113,-87.560249
2026-10-31 17:52:00,25,CLEAR,DAYLIGHT,REAR END,DIVIDED - W/MEDIAN,STRAIGHT AND LEVEL,DRY,DEBRIS ON ROAD,N,DISREGARDING TRAFFIC SIGNALS,BEAT_110,2,10,0,6,42.029252,-87.51195
2026-10-31 20:27:00,40,CLEAR,DAWN,REAR END,DIVIDED - W/MEDIAN,STRAIGHT AND LEVEL,ICE,SHOULDER DEFECT,Y,DRIVING SKILLS/KNOWLEDGE/EXPERIENCE,BEAT_111,2,10,0,6,42.043442,-87.502518
2026-10-31 22:49:00,35,CLEAR,DAYLIGHT,TURNING,NOT DIVIDED,STRAIGHT AND LEVEL,DRY,NO DEFECTS,N,FAILING TO YIELD RIGHT-OF-WAY,BEAT_119,2,10,0,6,42.165951,-87.400634
2026-11-01 00:12:00,25,CLEAR,DAYLIGHT,SIDESWIPE SAME DIRECTION,DIVIDED - W/MEDIAN,STRAIGHT AND LEVEL,DRY,NO DEFECTS,N,DRIVING SKILLS/KNOWLEDGE/EXPERIENCE,BEAT_120,2,11,0,7,42.177107,-87.394349
2026-11-01 05:35:00,30,SNOW,DAYLIGHT,SIDESWIPE SAME DIRECTION,ALLEY,STRAIGHT AND LEVEL,WET,NO DEFECTS,N,DISREGARDING TRAFFIC SIGNALS,BEAT_109,2,11,0,7,42.008225,-87.520096
2026-11-01 08:02:00,30,CLEAR,DAYLIGHT,REAR END,ONE-WAY,STRAIGHT ON GRADE,WET,NO DEFECTS,N,WEATHER,BEAT_107,3,11,0,7,41.983711,-87.547164
2026-11-01 16:34:00,25,CLEAR,"DARKNESS, LIGHTED ROAD",PARKED MOTOR VEHICLE,ONE-WAY,STRAIGHT AND LEVEL,DRY,WORN SURFACE,N,WEATHER,BEAT_112,2,11,0,7,42.058225,-87.486497
2026-11-01 18:27:00,30,CLEAR,DARKNESS,PARKED MOTOR VEHICLE,T-INTERSECTION,STRAIGHT AND LEVEL,WET,NO DEFECTS,Y,DRIVING SKILLS/KNOWLEDGE/EXPERIENCE,BEAT_116,2,11,0,7,42.121741,-87.436173
2026-11-01 18:37:00,30,RAIN,DAYLIGHT,REAR END,ONE-WAY,STRAIGHT AND LEVEL,SNOW OR SLUSH,NO DEFECTS,N,DISREGARDING TRAFFIC SIGNALS,BEAT_101,1,11,0,7,41.894564,-87.616616
2026-11-01 19:13:00,25,CLEAR,DAYLIGHT,SIDESWIPE SAME DIRECTION,FOUR WAY INTERSECTION,"CURVE, LEVEL",WET,NO DEFECTS,N,FAILING TO YIELD RIGHT-OF-WAY,BEAT_114,1,11,0,7,42.087574,-87.464226
2026-11-01 20:50:00,25,CLEAR,"DARKNESS, LIGHTED ROAD",ANGLE,ONE-WAY,STRAIGHT AND LEVEL,WET,WORN SURFACE,N,FAILING TO YIELD RIGHT-OF-WAY,BEAT_102,3,11,1,7,41.909616,-87.605212
2026-11-01 22:17:00,25,CLEAR,DUSK,ANGLE,FOUR WAY INTERSECTION,STRAIGHT AND LEVEL,DRY,NO DEFECTS,Y,FAILING TO YIELD RIGHT-OF-WAY,BEAT_111,3,11,0,7,42.042921,-87.499138
2026-11-02 00:28:00,40,CLEAR,DAYLIGHT,TURNING,FOUR WAY INTERSECTION,STRAIGHT AND LEVEL,WET,WORN SURFACE,Y,DISREGARDING TRAFFIC SIGNALS,BEAT_119,2,11,0,1,42.161365,-87.399527
2026-11-02 01:05:00,30,FOG/SMOKE/HAZE,DAYLIGHT,TURNING,T-INTERSECTION,STRAIGHT AND LEVEL,WET,NO DEFECTS,Y,FAILING TO YIELD RIGHT-OF-WAY,BEAT_113,1,11,0,1,42.074568,-87.475439
2026-11-02 02:25:00,40,SEVERE RAIN,DARKNESS,REAR END,NOT DIVIDED,STRAIGHT AND LEVEL,WET,DEBRIS ON ROAD,N,FAILING TO YIELD RIGHT-OF-WAY,BEAT_107,1,11,0,1,41.978354,-87.547341
2026-11-02 03:07:00,45,CLEAR,DAYLIGHT,ANGLE,NOT DIVIDED,STRAIGHT AND LEVEL,DRY,NO DEFECTS,N,FOLLOWING TOO CLOSELY,BEAT_117,3,11,0,1,42.133924,-87.428268
2026-11-02 03:50:00,25,CLEAR,DAYLIGHT,PEDESTRIAN,FOUR WAY INTERSECTION,STRAIGHT AND LEVEL,ICE,"RUT, HOLES",N,WEATHER,BEAT_120,2,11,1,1,42.180088,-87.392269
2026-11-02 06:31:00,30,FOG/SMOKE/HAZE,DAYLIGHT,PARKED MOTOR VEHICLE,DIVIDED - W/MEDIAN,STRAIGHT AND LEVEL,WET,NO DEFECTS,N,FOLLOWING TOO CLOSELY,BEAT_115,2,11,0,1,42.095722,-87.451723
2026-11-02 11:30:00,30,CLEAR,"DARKNESS, LIGHTED ROAD",SIDESWIPE SAME DIRECTION,ONE-WAY,STRAIGHT AND LEVEL,DRY,NO DEFECTS,N,WEATHER,BEAT_117,2,11,0,1,42.132079,-87.426477
2026-11-02 12:14:00,30,CLEAR,DAYLIGHT,PARKED MOTOR VEHICLE,T-INTERSECTION,"CURVE, LEVEL",DRY,NO DEFECTS,Y,FAILING TO YIELD RIGHT-OF-WAY,BEAT_112,2,11,0,1,42.0569,-87.48889
2026-11-02 22:05:00,35,SNOW,DAYLIGHT,REAR END,NOT DIVIDED,STRAIGHT AND LEVEL,WET,NO DEFECTS,N,PHYSICAL CONDITION OF DRIVER,BEAT_114,2,11,0,1,42.092422,-87.461001
2026-11-02 22:12:00,30,CLEAR,DAWN,PARKED MOTOR VEHICLE,DIVIDED - W/MEDIAN,STRAIGHT AND LEVEL,DRY,NO DEFECTS,Y,FOLLOWING TOO CLOSELY,BEAT_105,2,11,1,1,41.952872,-87.574854
2026-11-03 02:52:00,25,SNOW,DAYLIGHT,SIDESWIPE SAME DIRECTION,DIVIDED - W/MEDIAN,STRAIGHT AND LEVEL,WET,NO DEFECTS,N,FAILING TO YIELD RIGHT-OF-WAY,BEAT_114,2,11,0,2,42.083059,-87.462347
2026-11-03 06:12:00,30,CLEAR,DAYLIGHT,PARKED MOTOR VEHICLE,NOT DIVIDED,STRAIGHT AND LEVEL,DRY,NO DEFECTS,N,FAILING TO YIELD RIGHT-OF-WAY,BEAT_113,2,11,0,2,42.069065,-87.472311
2026-11-03 06:16:00,25,CLEAR,DAYLIGHT,FIXED OBJECT,FOUR WAY INTERSECTION,STRAIGHT AND LEVEL,DRY,NO DEFECTS,Y,FOLLOWING TOO CLOSELY,BEAT_110,2,11,0,2,42.031798,-87.509442
2026-11-03 06:26:00,35,RAIN,DUSK,REAR END,NOT DIVIDED,STRAIGHT AND LEVEL,WET,NO DEFECTS,N,FOLLOWING TOO CLOSELY,BEAT_109,2,11,0,2,42.012438,-87.526587
2026-11-03 06:59:00,25,CLEAR,"DARKNESS, LIGHTED ROAD",REAR END,NOT DIVIDED,STRAIGHT AND LEVEL,WET,NO DEFECTS,Y,WEATHER,BEAT_112,2,11,0,2,42.062467,-87.490384
2026-11-03 09:06:00,30,CLEAR,DAYLIGHT,ANGLE,DIVIDED - W/MEDIAN,STRAIGHT AND LEVEL,DRY,NO DEFECTS,N,FOLLOWING TOO CLOSELY,BEAT_115,2,11,0,2,42.10572,-87.448857
2026-11-03 10:21:00,30,CLEAR,DAYLIGHT,REAR END,DIVIDED - W/MEDIAN,STRAIGHT AND LEVEL,DRY,NO DEFECTS,Y,FOLLOWING TOO CLOSELY,BEAT_102,2,11,0,2,41.90386,-87.602521
2026-11-03 15:21:00,20,RAIN,DAYLIGHT,TURNING,DIVIDED - W/MEDIAN,STRAIGHT AND LEVEL,SNOW OR SLUSH,NO DEFECTS,Y,FAILING TO YIELD RIGHT-OF-WAY,BEAT_104,1,11,1,2,41.937767,-87.577736
2026-11-03 15:56:00,50,CLEAR,DAYLIGHT,PARKED MOTOR VEHICLE,ONE-WAY,STRAIGHT AND LEVEL,WET,NO DEFECTS,Y,PHYSICAL CONDITION OF DRIVER,BEAT_110,2,11,0,2,42.027294,-87.505776
2026-11-03 16:36:00,40,CLEAR,"DARKNESS, LIGHTED ROAD",PEDESTRIAN,NOT DIVIDED,STRAIGHT AND LEVEL,WET,NO DEFECTS,N,FOLLOWING TOO CLOSELY,BEAT_120,2,11,0,2,42.181221,-87.389741
2026-11-04 02:52:00,25,CLEAR,DARKNESS,REAR END,NOT DIVIDED,"CURVE, LEVEL",DRY,NO DEFECTS,Y,DISREGARDING TRAFFIC SIGNALS,BEAT_116,1,11,0,3,42.116317,-87.436192
2026-11-04 03:30:00,55,CLEAR,DAYLIGHT,REAR END,DIVIDED - W/MEDIAN,STRAIGHT AND LEVEL,DRY,NO DEFECTS,N,FAILING TO YIELD RIGHT-OF-WAY,BEAT_119,2,11,0,3,42.164998,-87.406403
2026-11-04 03:42:00,35,CLEAR,DAYLIGHT,REAR END,NOT DIVIDED,STRAIGHT ON GRADE,DRY,NO DEFECTS,Y,FOLLOWING TOO CLOSELY,BEAT_108,1,11,1,3,41.997062,-87.531251
2026-11-04 04:47:00,35,RAIN,DAYLIGHT,REAR END,ONE-WAY,STRAIGHT ON GRADE,WET,NO DEFECTS,Y,DRIVING SKILLS/KNOWLEDGE/EXPERIENCE,BEAT_111,4,11,0,3,42.044368,-87.499815
2026-11-04 10:58:00,30,CLEAR,DAYLIGHT,ANGLE,NOT DIVIDED,STRAIGHT AND LEVEL,DRY,NO DEFECTS,N,FAILING TO YIELD RIGHT-OF-WAY,BEAT_115,2,11,0,3,42.106521,-87.442303
2026-11-04 11:35:00,45,RAIN,DAYLIGHT,ANGLE,DIVIDED - W/MEDIAN,STRAIGHT AND LEVEL,WET,NO DEFECTS,N,IMPROPER OVERTAKING/PASSING,BEAT_105,2,11,3,3,41.954117,-87.568739