CRASH_DATE,POSTED_SPEED_LIMIT,WEATHER_CONDITION,LIGHTING_CONDITION,FIRST_CRASH_TYPE,TRAFFICWAY_TYPE,ALIGNMENT,ROADWAY_SURFACE_COND,ROAD_DEFECT,INTERSECTION_RELATED_I,PRIM_CONTRIBUTORY_CAUSE,BEAT_OF_OCCURRENCE,NUM_UNITS,CRASH_MONTH,INJURIES_TOTAL,CRASH_DAY_OF_WEEK,LATITUDE,LONGITUDE
2026-11-13 16:50:00,25,CLEAR,DAYLIGHT,REAR END,DIVIDED - W/MEDIAN,STRAIGHT AND LEVEL,DRY,NO DEFECTS,N,DISREGARDING TRAFFIC SIGNALS,BEAT_114,2,11,0,5,42.087821,-87.463291
2026-11-13 17:41:00,45,CLEAR,DAYLIGHT,REAR END,ONE-WAY,STRAIGHT AND LEVEL,DRY,NO DEFECTS,N,IMPROPER OVERTAKING/PASSING,BEAT_101,2,11,1,5,41.89546,-87.623887
2026-11-13 23:14:00,40,FOG/SMOKE/HAZE,DAYLIGHT,REAR END,NOT DIVIDED,STRAIGHT AND LEVEL,SNOW OR SLUSH,NO DEFECTS,N,DRIVING SKILLS/KNOWLEDGE/EXPERIENCE,BEAT_107,2,11,0,5,41.986204,-87.546052
2026-11-13 23:33:00,20,CLEAR,"DARKNESS, LIGHTED ROAD",REAR END,DIVIDED - W/MEDIAN,STRAIGHT AND LEVEL,DRY,NO DEFECTS,N,DISREGARDING TRAFFIC SIGNALS,BEAT_118,1,11,0,5,42.145304,-87.410148
2026-11-14 01:56:00,25,CLEAR,DAYLIGHT,REAR END,FOUR WAY INTERSECTION,STRAIGHT AND LEVEL,WET,NO DEFECTS,N,FOLLOWING TOO CLOSELY,BEAT_111,2,11,0,6,42.040587,-87.496857
2026-11-14 03:50:00,25,CLEAR,DAYLIGHT,SIDESWIPE SAME DIRECTION,DIVIDED - W/MEDIAN,STRAIGHT AND LEVEL,DRY,NO DEFECTS,N,WEATHER,BEAT_107,2,11,0,6,41.982758,-87.54233
2026-11-14 04:45:00,25,CLEAR,"DARKNESS, LIGHTED ROAD",REAR END,NOT DIVIDED,STRAIGHT AND LEVEL,DRY,NO DEFECTS,N,WEATHER,BEAT_120,2,11,0,6,42.180084,-87.3922
2026-11-14 06:31:00,30,CLEAR,"DARKNESS, LIGHTED ROAD",ANGLE,DIVIDED - W/MEDIAN,STRAIGHT AND LEVEL,WET,NO DEFECTS,N,DRIVING SKILLS/KNOWLEDGE/EXPERIENCE,BEAT_120,3,11,0,6,42.179329,-87.392383
2026-11-14 10:38:00,40,CLEAR,DAYLIGHT,SIDESWIPE SAME DIRECTION,NOT DIVIDED,STRAIGHT AND LEVEL,ICE,NO DEFECTS,N,DRIVING SKILLS/KNOWLEDGE/EXPERIENCE,BEAT_120,2,11,0,6,42.175645,-87.390405
2026-11-14 11:01:00,40,CLEAR,DAYLIGHT,SIDESWIPE SAME DIRECTION,DIVIDED - W/MEDIAN,STRAIGHT AND LEVEL,DRY,NO DEFECTS,N,FOLLOWING TOO CLOSELY,BEAT_115,1,11,1,6,42.106358,-87.452238
2026-11-14 11:29:00,25,CLEAR,DAYLIGHT,SIDESWIPE SAME DIRECTION,DIVIDED - W/MEDIAN,STRAIGHT ON GRADE,DRY,NO DEFECTS,Y,FAILING TO YIELD RIGHT-OF-WAY,BEAT_101,2,11,0,6,41.886226,-87.621125
2026-11-14 12:45:00,45,CLEAR,DAYLIGHT,ANGLE,NOT DIVIDED,"CURVE, LEVEL",SNOW OR SLUSH,NO DEFECTS,N,FAILING TO YIELD RIGHT-OF-WAY,BEAT_109,1,11,1,6,42.013977,-87.524171
2026-11-14 13:26:00,25,CLEAR,DAYLIGHT,SIDESWIPE SAME DIRECTION,DIVIDED - W/MEDIAN,STRAIGHT AND LEVEL,DRY,NO DEFECTS,N,IMPROPER OVERTAKING/PASSING,BEAT_104,2,11,1,6,41.935859,-87.586152
2026-11-14 17:13:00,35,CLEAR,DAYLIGHT,PARKED MOTOR VEHICLE,FOUR WAY INTERSECTION,CURVE ON GRADE,DRY,NO DEFECTS,Y,FOLLOWING TOO CLOSELY,BEAT_113,2,11,0,6,42.07441,-87.470686
2026-11-15 03:04:00,25,CLEAR,DAYLIGHT,REAR END,NOT DIVIDED,"CURVE, LEVEL",WET,NO DEFECTS,N,FAILING TO YIELD RIGHT-OF-WAY,BEAT_110,2,11,0,7,42.035797,-87.510546
2026-11-15 06:43:00,30,RAIN,"DARKNESS, LIGHTED ROAD",TURNING,DIVIDED - W/MEDIAN,STRAIGHT AND LEVEL,WET,NO DEFECTS,N,DISREGARDING TRAFFIC SIGNALS,BEAT_120,2,11,1,7,42.17769,-87.389761
2026-11-15 08:00:00,20,RAIN,"DARKNESS, LIGHTED ROAD",ANGLE,DIVIDED - W/MEDIAN,STRAIGHT AND LEVEL,SNOW OR SLUSH,NO DEFECTS,Y,FAILING TO YIELD RIGHT-OF-WAY,BEAT_112,2,11,3,7,42.05784,-87.48156
2026-11-15 08:37:00,25,CLEAR,"DARKNESS, LIGHTED ROAD",PEDESTRIAN,NOT DIVIDED,STRAIGHT AND LEVEL,DRY,NO DEFECTS,Y,FOLLOWING TOO CLOSELY,BEAT_109,2,11,0,7,42.018205,-87.520595
2026-11-15 14:29:00,50,CLEAR,"DARKNESS, LIGHTED ROAD",PARKED MOTOR VEHICLE,DIVIDED - W/MEDIAN,STRAIGHT AND LEVEL,DRY,NO DEFECTS,Y,PHYSICAL CONDITION OF DRIVER,BEAT_105,2,11,2,7,41.951761,-87.569218
2026-11-15 15:16:00,25,CLEAR,DAYLIGHT,ANGLE,NOT DIVIDED,STRAIGHT AND LEVEL,DRY,NO DEFECTS,Y,FAILING TO YIELD RIGHT-OF-WAY,BEAT_104,2,11,0,7,41.939943,-87.579527
2026-11-15 15:37:00,50,RAIN,"DARKNESS, LIGHTED ROAD",SIDESWIPE SAME DIRECTION,ONE-WAY,STRAIGHT AND LEVEL,WET,"RUT, HOLES",Y,IMPROPER OVERTAKING/PASSING,BEAT_115,3,11,0,7,42.095737,-87.44872
2026-11-15 16:38:00,35,RAIN,DARKNESS,TURNING,NOT DIVIDED,STRAIGHT AND LEVEL,WET,NO DEFECTS,Y,WEATHER,BEAT_108,2,11,1,7,41.997391,-87.531771
2026-11-15 16:58:00,35,RAIN,DAYLIGHT,ANGLE,NOT DIVIDED,STRAIGHT ON GRADE,WET,NO DEFECTS,N,WEATHER,BEAT_116,1,11,0,7,42.117698,-87.440599
2026-11-15 18:20:00,35,CLEAR,DAYLIGHT,REAR END,NOT DIVIDED,STRAIGHT AND LEVEL,DRY,NO DEFECTS,N,WEATHER,BEAT_107,2,11,0,7,41.984679,-87.548035
2026-11-15 18:34:00,25,CLEAR,"DARKNESS, LIGHTED ROAD",SIDESWIPE SAME DIRECTION,DIVIDED - W/MEDIAN,"CURVE, LEVEL",DRY,NO DEFECTS,Y,DISREGARDING TRAFFIC SIGNALS,BEAT_120,2,11,0,7,42.181144,-87.387355
2026-11-15 20:33:00,30,RAIN,DAYLIGHT,PARKED MOTOR VEHICLE,DIVIDED - W/MEDIAN,STRAIGHT AND LEVEL,WET,NO DEFECTS,Y,DISREGARDING TRAFFIC SIGNALS,BEAT_109,2,11,0,7,42.011002,-87.521998
2026-11-15 22:03:00,25,CLEAR,DAYLIGHT,REAR END,NOT DIVIDED,STRAIGHT AND LEVEL,SNOW OR SLUSH,NO DEFECTS,N,DISREGARDING TRAFFIC SIGNALS,BEAT_116,1,11,0,7,42.119209,-87.436862
2026-11-15 23:47:00,35,CLEAR,"DARKNESS, LIGHTED ROAD",SIDESWIPE SAME DIRECTION,NOT DIVIDED,STRAIGHT AND LEVEL,DRY,"RUT, HOLES",N,FAILING TO YIELD RIGHT-OF-WAY,BEAT_109,2,11,0,7,42.016857,-87.518391
2026-11-16 02:23:00,40,CLEAR,DAYLIGHT,REAR END,DIVIDED - W/MEDIAN,STRAIGHT AND LEVEL,DRY,NO DEFECTS,N,FAILING TO YIELD RIGHT-OF-WAY,BEAT_115,1,11,0,1,42.10782,-87.446941
2026-11-16 02:58:00,45,CLEAR,"DARKNESS, LIGHTED ROAD",PARKED MOTOR VEHICLE,FOUR WAY INTERSECTION,STRAIGHT AND LEVEL,DRY,NO DEFECTS,Y,FAILING TO YIELD RIGHT-OF-WAY,BEAT_101,2,11,0,1,41.891078,-87.614779
2026-11-16 06:32:00,20,SNOW,DAYLIGHT,PARKED MOTOR VEHICLE,ONE-WAY,"CURVE, LEVEL",WET,"RUT, HOLES",N,FOLLOWING TOO CLOSELY,BEAT_112,2,11,0,1,42.055817,-87.485243
2026-11-16 06:54:00,30,CLEAR,"DARKNESS, LIGHTED ROAD",SIDESWIPE SAME DIRECTION,FOUR WAY INTERSECTION,STRAIGHT AND LEVEL,WET,NO DEFECTS,N,PHYSICAL CONDITION OF DRIVER,BEAT_116,2,11,0,1,42.114737,-87.4395
2026-11-16 06:56:00,25,FOG/SMOKE/HAZE,"DARKNESS, LIGHTED ROAD",ANGLE,T-INTERSECTION,"CURVE, LEVEL",WET,NO DEFECTS,N,WEATHER,BEAT_117,2,11,0,1,42.131078,-87.42091
2026-11-16 07:00:00,40,RAIN,DAYLIGHT,ANGLE,DIVIDED - W/MEDIAN,STRAIGHT AND LEVEL,WET,NO DEFECTS,Y,FAILING TO YIELD RIGHT-OF-WAY,BEAT_109,2,11,1,1,42.014045,-87.519928
2026-11-16 07:05:00,25,CLEAR,"DARKNESS, LIGHTED ROAD",REAR END,DIVIDED - W/MEDIAN,STRAIGHT AND LEVEL,DRY,NO DEFECTS,Y,WEATHER,BEAT_108,2,11,0,1,42.001973,-87.532222
2026-11-16 07:33:00,25,CLEAR,DAYLIGHT,ANGLE,DIVIDED - W/MEDIAN,STRAIGHT AND LEVEL,DRY,NO DEFECTS,N,FOLLOWING TOO CLOSELY,BEAT_103,2,11,0,1,41.922578,-87.590929
2026-11-16 12:56:00,30,CLEAR,DAYLIGHT,TURNING,NOT DIVIDED,STRAIGHT AND LEVEL,DRY,NO DEFECTS,N,IMPROPER OVERTAKING/PASSING,BEAT_120,3,11,0,1,42.171402,-87.389357
2026-11-16 13:48:00,25,CLEAR,"DARKNESS, LIGHTED ROAD",REAR END,ONE-WAY,STRAIGHT AND LEVEL,DRY,NO DEFECTS,Y,FAILING TO YIELD RIGHT-OF-WAY,BEAT_114,2,11,0,1,42.087416,-87.459752
2026-11-16 14:07:00,20,SNOW,"DARKNESS, LIGHTED ROAD",ANGLE,DIVIDED - W/MEDIAN,STRAIGHT AND LEVEL,SNOW OR SLUSH,DEBRIS ON ROAD,N,DRIVING SKILLS/KNOWLEDGE/EXPERIENCE,BEAT_114,2,11,0,1,42.082193,-87.463627
2026-11-16 16:13:00,30,CLEAR,DAYLIGHT,REAR END,FOUR WAY INTERSECTION,STRAIGHT AND LEVEL,WET,NO DEFECTS,Y,FOLLOWING TOO CLOSELY,BEAT_109,2,11,0,1,42.007912,-87.515941
2026-11-16 20:11:00,30,SEVERE RAIN,DAYLIGHT,SIDESWIPE SAME DIRECTION,ONE-WAY,STRAIGHT ON GRADE,WET,WORN SURFACE,Y,FOLLOWING TOO CLOSELY,BEAT_109,3,11,0,1,42.013394,-87.521008
2026-11-16 22:22:00,25,CLEAR,DARKNESS,REAR END,NOT DIVIDED,STRAIGHT AND LEVEL,WET,NO DEFECTS,Y,WEATHER,BEAT_116,2,11,0,1,42.118795,-87.437579
2026-11-17 00:00:00,25,RAIN,DAYLIGHT,PARKED MOTOR VEHICLE,DIVIDED - W/MEDIAN,STRAIGHT AND LEVEL,ICE,NO DEFECTS,Y,WEATHER,BEAT_120,2,11,1,2,42.176908,-87.398483
2026-11-17 01:02:00,30,CLEAR,DAYLIGHT,REAR END,NOT DIVIDED,STRAIGHT AND LEVEL,DRY,NO DEFECTS,Y,FOLLOWING TOO CLOSELY,BEAT_109,2,11,0,2,42.01451,-87.52149
2026-11-17 01:58:00,25,RAIN,DAYLIGHT,REAR END,DIVIDED - W/MEDIAN,STRAIGHT AND LEVEL,SNOW OR SLUSH,NO DEFECTS,N,FOLLOWING TOO CLOSELY,BEAT_111,1,11,0,2,42.038014,-87.496058
2026-11-17 02:42:00,25,FOG/SMOKE/HAZE,DAYLIGHT,REAR END,DIVIDED - W/MEDIAN,STRAIGHT AND LEVEL,WET,NO DEFECTS,N,FAILING TO YIELD RIGHT-OF-WAY,BEAT_118,2,11,1,2,42.150489,-87.411918
2026-11-17 03:35:00,40,CLEAR,DAYLIGHT,SIDESWIPE SAME DIRECTION,NOT DIVIDED,STRAIGHT ON GRADE,DRY,NO DEFECTS,N,DISREGARDING TRAFFIC SIGNALS,BEAT_118,2,11,1,2,42.153072,-87.412113
2026-11-17 07:05:00,30,CLEAR,DAYLIGHT,REAR END,DIVIDED - W/MEDIAN,STRAIGHT ON GRADE,DRY,NO DEFECTS,N,FAILING TO YIELD RIGHT-OF-WAY,BEAT_120,2,11,0,2,42.17664,-87.387167
2026-11-17 07:45:00,25,CLEAR,"DARKNESS, LIGHTED ROAD",REAR END,DIVIDED - W/MEDIAN,STRAIGHT AND LEVEL,ICE,"RUT, HOLES",N,FAILING TO YIELD RIGHT-OF-WAY,BEAT_116,2,11,0,2,42.118305,-87.439028
2026-11-17 09:25:00,35,RAIN,"DARKNESS, LIGHTED ROAD",ANGLE,NOT DIVIDED,STRAIGHT AND LEVEL,WET,NO DEFECTS,N,DRIVING SKILLS/KNOWLEDGE/EXPERIENCE,BEAT_102,2,11,0,2,41.9012,-87.606898
2026-11-17 11:51:00,30,SNOW,DAYLIGHT,REAR END,ONE-WAY,STRAIGHT ON GRADE,SNOW OR SLUSH,"RUT, HOLES",Y,PHYSICAL CONDITION OF DRIVER,BEAT_119,2,11,0,2,42.166896,-87.400227
2026-11-17 11:59:00,20,RAIN,DAYLIGHT,ANGLE,DIVIDED - W/MEDIAN,STRAIGHT AND LEVEL,WET,NO DEFECTS,N,FAILING TO YIELD RIGHT-OF-WAY,BEAT_116,3,11,1,2,42.117863,-87.439802
2026-11-17 13:44:00,40,CLEAR,DAYLIGHT,ANGLE,DIVIDED - W/MEDIAN,STRAIGHT AND LEVEL,DRY,NO DEFECTS,N,WEATHER,BEAT_110,2,11,0,2,42.030163,-87.512584
2026-11-17 16:07:00,25,CLEAR,DAYLIGHT,ANGLE,NOT DIVIDED,STRAIGHT AND LEVEL,DRY,NO DEFECTS,N,IMPROPER OVERTAKING/PASSING,BEAT_120,3,11,0,2,42.177886,-87.392131
2026-11-17 16:40:00,25,CLEAR,DAYLIGHT,REAR END,FOUR WAY INTERSECTION,STRAIGHT AND LEVEL,DRY,NO DEFECTS,N,DRIVING SKILLS/KNOWLEDGE/EXPERIENCE,BEAT_113,2,11,0,2,42.068141,-87.470191
2026-11-17 16:41:00,25,CLEAR,"DARKNESS, LIGHTED ROAD",REAR END,DIVIDED - W/MEDIAN,STRAIGHT ON GRADE,DRY,NO DEFECTS,Y,DRIVING SKILLS/KNOWLEDGE/EXPERIENCE,BEAT_106,3,11,0,2,41.97457,-87.558288
2026-11-17 16:46:00,25,CLEAR,DAYLIGHT,REAR END,ONE-WAY,STRAIGHT AND LEVEL,SNOW OR SLUSH,NO DEFECTS,Y,FOLLOWING TOO CLOSELY,BEAT_120,2,11,0,2,42.18183,-87.392496
2026-11-17 21:57:00,35,RAIN,"DARKNESS, LIGHTED ROAD",ANGLE,ONE-WAY,STRAIGHT AND LEVEL,ICE,NO DEFECTS,Y,DISREGARDING TRAFFIC SIGNALS,BEAT_111,2,11,0,2,42.044992,-87.492841
2026-11-17 22:09:00,25,CLEAR,DAYLIGHT,TURNING,ONE-WAY,STRAIGHT AND LEVEL,WET,NO DEFECTS,N,PHYSICAL CONDITION OF DRIVER,BEAT_101,2,11,0,2,41.887431,-87.61849
2026-11-17 22:27:00,25,CLEAR,DAYLIGHT,TURNING,DIVIDED - W/MEDIAN,"CURVE, LEVEL",DRY,DEBRIS ON ROAD,N,FAILING TO YIELD RIGHT-OF-WAY,BEAT_102,2,11,0,2,41.906067,-87.610907
2026-11-17 22:39:00,40,SNOW,DARKNESS,PARKED MOTOR VEHICLE,NOT DIVIDED,STRAIGHT AND LEVEL,SNOW OR SLUSH,NO DEFECTS,N,DRIVING SKILLS/KNOWLEDGE/EXPERIENCE,BEAT_102,2,11,0,2,41.906047,-87.605508
2026-11-17 22:55:00,30,CLEAR,DAYLIGHT,REAR END,ONE-WAY,STRAIGHT AND LEVEL,WET,WORN SURFACE,N,WEATHER,BEAT_114,2,11,0,2,42.091033,-87.464059
2026-11-18 03:12:00,25,CLEAR,DARKNESS,PEDESTRIAN,DIVIDED - W/MEDIAN,STRAIGHT AND LEVEL,DRY,NO DEFECTS,Y,FAILING TO YIELD RIGHT-OF-WAY,BEAT_112,1,11,0,3,42.056522,-87.486751
2026-11-18 11:21:00,25,CLEAR,"DARKNESS, LIGHTED ROAD",PEDESTRIAN,NOT DIVIDED,"CURVE, LEVEL",DRY,NO DEFECTS,N,FOLLOWING TOO CLOSELY,BEAT_117,2,11,0,3,42.128576,-87.42781
2026-11-18 18:33:00,35,RAIN,DAYLIGHT,SIDESWIPE SAME DIRECTION,ONE-WAY,STRAIGHT AND LEVEL,WET,NO DEFECTS,Y,DRIVING SKILLS/KNOWLEDGE/EXPERIENCE,BEAT_119,2,11,0,3,42.162956,-87.404774
2026-11-18 18:54:00,40,CLEAR,"DARKNESS, LIGHTED ROAD",REAR END,NOT DIVIDED,STRAIGHT AND LEVEL,WET,"RUT, HOLES",Y,FAILING TO YIELD RIGHT-OF-WAY,BEAT_115,2,11,0,3,42.104047,-87.449276
2026-11-18 19:26:00,35,CLEAR,DAYLIGHT,REAR END,NOT DIVIDED,STRAIGHT AND LEVEL,WET,NO DEFECTS,Y,FOLLOWING TOO CLOSELY,BEAT_104,2,11,1,3,41.942268,-87.585419
2026-11-18 20:58:00,25,CLEAR,"DARKNESS, LIGHTED ROAD",TURNING,ONE-WAY,STRAIGHT AND LEVEL,DRY,NO DEFECTS,Y,DRIVING SKILLS/KNOWLEDGE/EXPERIENCE,BEAT_117,2,11,2,3,42.134812,-87.426968
2026-11-18 21:11:00,30,CLEAR,DAYLIGHT,REAR END,FOUR WAY INTERSECTION,STRAIGHT AND LEVEL,DRY,"RUT, HOLES",Y,FAILING TO YIELD RIGHT-OF-WAY,BEAT_113,2,11,0,3,42.071935,-87.476448
2026-11-19 02:00:00,35,CLEAR,DAYLIGHT,TURNING,NOT DIVIDED,"CURVE, LEVEL",WET,NO DEFECTS,N,WEATHER,BEAT_112,4,11,1,4,42.060115,-87.488447
2026-11-19 02:33:00,40,CLEAR,DAYLIGHT,REAR END,ONE-WAY,STRAIGHT AND LEVEL,DRY,WORN SURFACE,N,WEATHER,BEAT_108,3,11,0,4,41.998665,-87.533885
2026-11-19 09:08:00,30,CLEAR,DAWN,SIDESWIPE SAME DIRECTION,NOT DIVIDED,STRAIGHT AND LEVEL,DRY,NO DEFECTS,N,DRIVING SKILLS/KNOWLEDGE/EXPERIENCE,BEAT_107,1,11,0,4,41.978872,-87.545918
2026-11-19 12:14:00,40,SEVERE RAIN,"DARKNESS, LIGHTED ROAD",ANGLE,NOT DIVIDED,STRAIGHT AND LEVEL,WET,NO DEFECTS,N,DRIVING SKILLS/KNOWLEDGE/EXPERIENCE,BEAT_104,2,11,0,4,41.938301,-87.581631
2026-11-19 13:20:00,30,CLEAR,DAYLIGHT,TURNING,FOUR WAY INTERSECTION,STRAIGHT AND LEVEL,DRY,NO DEFECTS,Y,DRIVING SKILLS/KNOWLEDGE/EXPERIENCE,BEAT_107,2,11,0,4,41.977788,-87.545868
2026-11-19 15:01:00,30,CLEAR,"DARKNESS, LIGHTED ROAD",REAR END,NOT DIVIDED,STRAIGHT AND LEVEL,DRY,NO DEFECTS,N,FOLLOWING TOO CLOSELY,BEAT_109,2,11,0,4,42.016121,-87.521918
2026-11-19 16:28:00,30,CLEAR,DAYLIGHT,SIDESWIPE SAME DIRECTION,T-INTERSECTION,STRAIGHT AND LEVEL,DRY,DEBRIS ON ROAD,Y,DISREGARDING TRAFFIC SIGNALS,BEAT_107,1,11,1,4,41.979947,-87.549635
2026-11-19 22:48:00,35,CLEAR,DAYLIGHT,PARKED MOTOR VEHICLE,NOT DIVIDED,STRAIGHT AND LEVEL,WET,NO DEFECTS,N,IMPROPER OVERTAKING/PASSING,BEAT_120,2,11,0,4,42.180755,-87.382671
2026-11-19 23:22:00,30,CLEAR,"DARKNESS, LIGHTED ROAD",PARKED MOTOR VEHICLE,DIVIDED - W/MEDIAN,STRAIGHT AND LEVEL,DRY,NO DEFECTS,N,FOLLOWING TOO CLOSELY,BEAT_108,2,11,0,4,41.998396,-87.534191
2026-11-20 01:59:00,25,CLEAR,DARKNESS,PARKED MOTOR VEHICLE,ONE-WAY,"CURVE, LEVEL",DRY,NO DEFECTS,N,FAILING TO YIELD RIGHT-OF-WAY,BEAT_113,2,11,0,5,42.071963,-87.473497
2026-11-20 02:18:00,25,CLEAR,DAYLIGHT,TURNING,ALLEY,STRAIGHT AND LEVEL,WET,NO DEFECTS,Y,FOLLOWING TOO CLOSELY,BEAT_108,3,11,0,5,42.000661,-87.534764
2026-11-20 07:25:00,25,CLEAR,DAYLIGHT,PEDESTRIAN,FOUR WAY INTERSECTION,STRAIGHT AND LEVEL,WET,NO DEFECTS,Y,DISREGARDING TRAFFIC SIGNALS,BEAT_107,2,11,0,5,41.9825,-87.54099
2026-11-20 08:11:00,25,CLEAR,DAYLIGHT,TURNING,NOT DIVIDED,"CURVE, LEVEL",DRY,"RUT, HOLES",N,FOLLOWING TOO CLOSELY,BEAT_102,2,11,0,5,41.911468,-87.604237
2026-11-20 11:10:00,30,CLEAR,DAYLIGHT,REAR END,FOUR WAY INTERSECTION,STRAIGHT AND LEVEL,DRY,NO DEFECTS,N,IMPROPER OVERTAKING/PASSING,BEAT_104,2,11,0,5,41.942035,-87.585952
2026-11-20 14:08:00,45,SNOW,DAYLIGHT,REAR END,NOT DIVIDED,"CURVE, LEVEL",WET,NO DEFECTS,Y,FOLLOWING TOO CLOSELY,BEAT_107,2,11,0,5,41.985079,-87.5405
2026-11-20 15:42:00,30,CLEAR,DAYLIGHT,ANGLE,DIVIDED - W/MEDIAN,STRAIGHT ON GRADE,DRY,NO DEFECTS,Y,DISREGARDING TRAFFIC SIGNALS,BEAT_107,2,11,0,5,41.980665,-87.548337
2026-11-20 18:01:00,40,CLEAR,"DARKNESS, LIGHTED ROAD",REAR END,ALLEY,STRAIGHT AND LEVEL,ICE,NO DEFECTS,Y,FAILING TO YIELD RIGHT-OF-WAY,BEAT_107,1,11,0,5,41.985871,-87.547388
2026-11-20 18:09:00,30,CLEAR,DAYLIGHT,PARKED MOTOR VEHICLE,DIVIDED - W/MEDIAN,"CURVE, LEVEL",DRY,NO DEFECTS,Y,DRIVING SKILLS/KNOWLEDGE/EXPERIENCE,BEAT_119,1,11,0,5,42.160787,-87.402499
2026-11-20 21:59:00,30,SNOW,DARKNESS,REAR END,FOUR WAY INTERSECTION,STRAIGHT AND LEVEL,WET,NO DEFECTS,N,DRIVING SKILLS/KNOWLEDGE/EXPERIENCE,BEAT_116,3,11,0,5,42.118809,-87.438787
2026-11-20 22:43:00,40,CLEAR,"DARKNESS, LIGHTED ROAD",REAR END,DIVIDED - W/MEDIAN,STRAIGHT AND LEVEL,DRY,WORN SURFACE,N,FAILING TO YIELD RIGHT-OF-WAY,BEAT_109,2,11,0,5,42.013028,-87.520489
2026-11-21 01:30:00,35,CLEAR,DAYLIGHT,TURNING,FOUR WAY INTERSECTION,STRAIGHT AND LEVEL,DRY,NO DEFECTS,N,FOLLOWING TOO CLOSELY,BEAT_112,2,11,0,6,42.052827,-87.487561
2026-11-21 02:46:00,30,CLEAR,DAYLIGHT,SIDESWIPE SAME DIRECTION,DIVIDED - W/MEDIAN,STRAIGHT AND LEVEL,DRY,NO DEFECTS,N,FOLLOWING TOO CLOSELY,BEAT_114,2,11,0,6,42.084701,-87.465756
2026-11-21 03:25:00,25,SNOW,DAYLIGHT,REAR END,DIVIDED - W/MEDIAN,STRAIGHT AND LEVEL,SNOW OR SLUSH,NO DEFECTS,Y,FOLLOWING TOO CLOSELY,BEAT_110,2,11,0,6,42.029989,-87.508811
2026-11-21 04:16:00,45,SNOW,DAYLIGHT,PARKED MOTOR VEHICLE,DIVIDED - W/MEDIAN,STRAIGHT AND LEVEL,WET,NO DEFECTS,Y,FAILING TO YIELD RIGHT-OF-WAY,BEAT_115,3,11,0,6,42.109293,-87.447809
2026-11-21 04:37:00,30,CLEAR,DAYLIGHT,REAR END,NOT DIVIDED,STRAIGHT AND LEVEL,DRY,NO DEFECTS,N,FAILING TO YIELD RIGHT-OF-WAY,BEAT_114,2,11,0,6,42.089553,-87.468344
2026-11-21 06:16:00,25,CLEAR,DAYLIGHT,SIDESWIPE SAME DIRECTION,ONE-WAY,STRAIGHT AND LEVEL,DRY,NO DEFECTS,N,FAILING TO YIELD RIGHT-OF-WAY,BEAT_117,1,11,0,6,42.134818,-87.42013
2026-11-21 07:44:00,25,CLEAR,DAYLIGHT,SIDESWIPE SAME DIRECTION,FOUR WAY INTERSECTION,STRAIGHT AND LEVEL,SNOW OR SLUSH,NO DEFECTS,Y,FOLLOWING TOO CLOSELY,BEAT_105,2,11,0,6,41.953683,-87.569459
2026-11-21 09:17:00,30,CLEAR,DAYLIGHT,TURNING,T-INTERSECTION,STRAIGHT ON GRADE,WET,NO DEFECTS,Y,DRIVING SKILLS/KNOWLEDGE/EXPERIENCE,BEAT_113,2,11,0,6,42.070539,-87.474823
2026-11-21 10:55:00,25,CLEAR,DAYLIGHT,ANGLE,NOT DIVIDED,CURVE ON GRADE,DRY,SHOULDER DEFECT,Y,FAILING TO YIELD RIGHT-OF-WAY,BEAT_105,2,11,0,6,41.95433,-87.572914
2026-11-21 12:18:00,30,RAIN,DAYLIGHT,SIDESWIPE SAME DIRECTION,NOT DIVIDED,STRAIGHT ON GRADE,WET,NO DEFECTS,Y,WEATHER,BEAT_119,2,11,0,6,42.167303,-87.39778
2026-11-21 13:29:00,20,SNOW,DAYLIGHT,REAR END,ALLEY,CURVE ON GRADE,WET,DEBRIS ON ROAD,N,IMPROPER OVERTAKING/PASSING,BEAT_106,2,11,0,6,41.967312,-87.557306
2026-11-21 15:39:00,35,RAIN,DAYLIGHT,ANGLE,DIVIDED - W/MEDIAN,STRAIGHT AND LEVEL,WET,NO DEFECTS,N,FAILING TO YIELD RIGHT-OF-WAY,BEAT_119,2,11,0,6,42.165263,-87.400841
2026-11-21 17:07:00,25,CLEAR,"DARKNESS, LIGHTED ROAD",PARKED MOTOR VEHICLE,NOT DIVIDED,"CURVE, LEVEL",DRY,"RUT, HOLES",N,WEATHER,BEAT_103,2,11,0,6,41.922004,-87.587221
2026-11-22 00:36:00,25,CLEAR,DAYLIGHT,PEDESTRIAN,DIVIDED - W/MEDIAN,STRAIGHT AND LEVEL,DRY,NO DEFECTS,Y,FAILING TO YIELD RIGHT-OF-WAY,BEAT_104,2,11,0,7,41.936794,-87.58039