CRASH_DATE,POSTED_SPEED_LIMIT,WEATHER_CONDITION,LIGHTING_CONDITION,FIRST_CRASH_TYPE,TRAFFICWAY_TYPE,ALIGNMENT,ROADWAY_SURFACE_COND,ROAD_DEFECT,INTERSECTION_RELATED_I,PRIM_CONTRIBUTORY_CAUSE,BEAT_OF_OCCURRENCE,NUM_UNITS,CRASH_MONTH,INJURIES_TOTAL,CRASH_DAY_OF_WEEK,LATITUDE,LONGITUDE
2026-11-22 03:12:00,55,SNOW,DAYLIGHT,SIDESWIPE SAME DIRECTION,NOT DIVIDED,STRAIGHT AND LEVEL,WET,NO DEFECTS,N,FAILING TO YIELD RIGHT-OF-WAY,BEAT_104,2,11,0,7,41.933014,-87.585211
2026-11-22 04:54:00,30,CLEAR,"DARKNESS, LIGHTED ROAD",TURNING,ONE-WAY,STRAIGHT AND LEVEL,DRY,NO DEFECTS,Y,FOLLOWING TOO CLOSELY,BEAT_115,2,11,0,7,42.09781,-87.452831
2026-11-22 06:22:00,30,CLEAR,DAYLIGHT,REAR END,DIVIDED - W/MEDIAN,STRAIGHT AND LEVEL,DRY,"RUT, HOLES",N,FOLLOWING TOO CLOSELY,BEAT_110,2,11,0,7,42.030114,-87.506264
2026-11-22 10:29:00,25,CLEAR,DAYLIGHT,PARKED MOTOR VEHICLE,DIVIDED - W/MEDIAN,STRAIGHT AND LEVEL,DRY,NO DEFECTS,Y,FOLLOWING TOO CLOSELY,BEAT_103,2,11,0,7,41.924624,-87.595511
2026-11-22 11:20:00,25,CLEAR,DAYLIGHT,PARKED MOTOR VEHICLE,T-INTERSECTION,STRAIGHT AND LEVEL,DRY,"RUT, HOLES",N,WEATHER,BEAT_115,2,11,0,7,42.099932,-87.450199
2026-11-22 12:14:00,30,CLEAR,DAYLIGHT,PARKED MOTOR VEHICLE,FOUR WAY INTERSECTION,STRAIGHT AND LEVEL,DRY,NO DEFECTS,N,WEATHER,BEAT_110,2,11,0,7,42.028592,-87.511229
2026-11-22 13:57:00,25,CLEAR,DARKNESS,REAR END,DIVIDED - W/MEDIAN,STRAIGHT AND LEVEL,DRY,WORN SURFACE,N,IMPROPER OVERTAKING/PASSING,BEAT_116,2,11,0,7,42.120113,-87.440767
2026-11-22 14:33:00,25,CLEAR,"DARKNESS, LIGHTED ROAD",ANGLE,T-INTERSECTION,STRAIGHT AND LEVEL,DRY,SHOULDER DEFECT,N,FAILING TO YIELD RIGHT-OF-WAY,BEAT_112,2,11,0,7,42.056148,-87.490973
2026-11-22 15:25:00,40,SNOW,DAYLIGHT,REAR END,NOT DIVIDED,"CURVE, LEVEL",WET,NO DEFECTS,N,FAILING TO YIELD RIGHT-OF-WAY,BEAT_105,2,11,0,7,41.953277,-87.570993
2026-11-22 16:29:00,30,CLEAR,DAYLIGHT,REAR END,T-INTERSECTION,STRAIGHT AND LEVEL,DRY,SHOULDER DEFECT,N,FAILING TO YIELD RIGHT-OF-WAY,BEAT_108,1,11,0,7,41.998992,-87.530984
2026-11-22 18:02:00,30,CLEAR,DAYLIGHT,REAR END,ONE-WAY,STRAIGHT AND LEVEL,DRY,NO DEFECTS,N,FOLLOWING TOO CLOSELY,BEAT_105,2,11,0,7,41.945648,-87.569429
2026-11-22 21:44:00,25,CLEAR,DAYLIGHT,REAR END,DIVIDED - W/MEDIAN,STRAIGHT AND LEVEL,DRY,NO DEFECTS,Y,FAILING TO YIELD RIGHT-OF-WAY,BEAT_115,2,11,1,7,42.105919,-87.447895
2026-11-22 22:27:00,25,CLEAR,DAYLIGHT,REAR END,ONE-WAY,STRAIGHT AND LEVEL,DRY,NO DEFECTS,Y,DRIVING SKILLS/KNOWLEDGE/EXPERIENCE,BEAT_117,2,11,3,7,42.130018,-87.424751
2026-11-22 22:47:00,30,CLEAR,DUSK,SIDESWIPE SAME DIRECTION,T-INTERSECTION,STRAIGHT AND LEVEL,DRY,SHOULDER DEFECT,Y,FAILING TO YIELD RIGHT-OF-WAY,BEAT_117,1,11,0,7,42.131441,-87.420718
2026-11-23 02:24:00,45,RAIN,"DARKNESS, LIGHTED ROAD",SIDESWIPE SAME DIRECTION,NOT DIVIDED,STRAIGHT AND LEVEL,SNOW OR SLUSH,NO DEFECTS,N,WEATHER,BEAT_106,2,11,2,1,41.971586,-87.552568
2026-11-23 15:56:00,45,CLEAR,DAYLIGHT,SIDESWIPE SAME DIRECTION,DIVIDED - W/MEDIAN,STRAIGHT AND LEVEL,DRY,NO DEFECTS,N,FAILING TO YIELD RIGHT-OF-WAY,BEAT_119,2,11,1,1,42.161258,-87.402746
2026-11-23 21:54:00,45,RAIN,"DARKNESS, LIGHTED ROAD",SIDESWIPE SAME DIRECTION,DIVIDED - W/MEDIAN,STRAIGHT AND LEVEL,WET,NO DEFECTS,Y,FAILING TO YIELD RIGHT-OF-WAY,BEAT_101,2,11,0,1,41.890053,-87.617615
2026-11-23 23:48:00,30,CLEAR,DAYLIGHT,SIDESWIPE SAME DIRECTION,T-INTERSECTION,STRAIGHT AND LEVEL,WET,NO DEFECTS,Y,FAILING TO YIELD RIGHT-OF-WAY,BEAT_104,2,11,1,1,41.935285,-87.580752
2026-11-24 00:20:00,50,CLEAR,"DARKNESS, LIGHTED ROAD",TURNING,NOT DIVIDED,STRAIGHT AND LEVEL,DRY,NO DEFECTS,N,FOLLOWING TOO CLOSELY,BEAT_115,2,11,0,2,42.103008,-87.448747
2026-11-24 01:08:00,25,CLEAR,DARKNESS,SIDESWIPE SAME DIRECTION,DIVIDED - W/MEDIAN,STRAIGHT AND LEVEL,DRY,NO DEFECTS,N,DRIVING SKILLS/KNOWLEDGE/EXPERIENCE,BEAT_107,2,11,0,2,41.984148,-87.544858
2026-11-24 06:46:00,45,CLEAR,DAYLIGHT,SIDESWIPE SAME DIRECTION,DIVIDED - W/MEDIAN,STRAIGHT AND LEVEL,DRY,DEBRIS ON ROAD,N,DRIVING SKILLS/KNOWLEDGE/EXPERIENCE,BEAT_105,2,11,1,2,41.955034,-87.567015
2026-11-24 09:03:00,35,CLEAR,DAYLIGHT,PARKED MOTOR VEHICLE,FOUR WAY INTERSECTION,STRAIGHT AND LEVEL,WET,NO DEFECTS,N,FAILING TO YIELD RIGHT-OF-WAY,BEAT_120,2,11,1,2,42.179328,-87.391078
2026-11-24 09:45:00,25,FOG/SMOKE/HAZE,DAYLIGHT,REAR END,NOT DIVIDED,STRAIGHT AND LEVEL,SNOW OR SLUSH,"RUT, HOLES",Y,FOLLOWING TOO CLOSELY,BEAT_117,2,11,0,2,42.129889,-87.427382
2026-11-24 09:57:00,55,CLEAR,DAYLIGHT,TURNING,ONE-WAY,STRAIGHT AND LEVEL,DRY,NO DEFECTS,N,IMPROPER OVERTAKING/PASSING,BEAT_113,2,11,1,2,42.077507,-87.476562
2026-11-24 13:03:00,35,RAIN,"DARKNESS, LIGHTED ROAD",PARKED MOTOR VEHICLE,NOT DIVIDED,STRAIGHT AND LEVEL,WET,NO DEFECTS,Y,PHYSICAL CONDITION OF DRIVER,BEAT_101,1,11,1,2,41.894954,-87.617377
2026-11-24 15:28:00,25,SNOW,DAYLIGHT,PARKED MOTOR VEHICLE,NOT DIVIDED,STRAIGHT AND LEVEL,WET,NO DEFECTS,Y,WEATHER,BEAT_103,2,11,0,2,41.919395,-87.598155
2026-11-24 17:15:00,35,CLEAR,DARKNESS,SIDESWIPE SAME DIRECTION,ONE-WAY,STRAIGHT AND LEVEL,DRY,NO DEFECTS,N,DRIVING SKILLS/KNOWLEDGE/EXPERIENCE,BEAT_115,2,11,0,2,42.103553,-87.449551
2026-11-24 20:56:00,35,RAIN,DAYLIGHT,PARKED MOTOR VEHICLE,DIVIDED - W/MEDIAN,STRAIGHT AND LEVEL,WET,NO DEFECTS,N,FAILING TO YIELD RIGHT-OF-WAY,BEAT_111,2,11,0,2,42.044331,-87.497213
2026-11-24 22:19:00,30,CLEAR,DAYLIGHT,ANGLE,DIVIDED - W/MEDIAN,STRAIGHT AND LEVEL,DRY,NO DEFECTS,Y,FOLLOWING TOO CLOSELY,BEAT_101,2,11,0,2,41.892407,-87.620355
2026-11-24 22:27:00,25,CLEAR,DAWN,SIDESWIPE SAME DIRECTION,FOUR WAY INTERSECTION,STRAIGHT AND LEVEL,DRY,WORN SURFACE,Y,WEATHER,BEAT_107,3,11,0,2,41.982885,-87.549637
2026-11-25 02:07:00,25,CLEAR,"DARKNESS, LIGHTED ROAD",SIDESWIPE SAME DIRECTION,DIVIDED - W/MEDIAN,STRAIGHT AND LEVEL,SNOW OR SLUSH,NO DEFECTS,Y,WEATHER,BEAT_106,2,11,0,3,41.964706,-87.555138
2026-11-25 05:01:00,30,CLEAR,DAYLIGHT,REAR END,DIVIDED - W/MEDIAN,STRAIGHT AND LEVEL,DRY,DEBRIS ON ROAD,Y,PHYSICAL CONDITION OF DRIVER,BEAT_106,2,11,1,3,41.962305,-87.560529
2026-11-25 11:32:00,30,RAIN,"DARKNESS, LIGHTED ROAD",FIXED OBJECT,DIVIDED - W/MEDIAN,STRAIGHT AND LEVEL,WET,NO DEFECTS,N,DRIVING SKILLS/KNOWLEDGE/EXPERIENCE,BEAT_102,2,11,0,3,41.899982,-87.607345
2026-11-25 12:42:00,35,CLEAR,"DARKNESS, LIGHTED ROAD",FIXED OBJECT,NOT DIVIDED,"CURVE, LEVEL",DRY,DEBRIS ON ROAD,N,FAILING TO YIELD RIGHT-OF-WAY,BEAT_110,2,11,1,3,42.031626,-87.514074
2026-11-25 19:47:00,35,CLEAR,"DARKNESS, LIGHTED ROAD",ANGLE,NOT DIVIDED,STRAIGHT AND LEVEL,DRY,NO DEFECTS,N,DRIVING SKILLS/KNOWLEDGE/EXPERIENCE,BEAT_120,2,11,0,3,42.18027,-87.390911
2026-11-25 21:55:00,30,CLEAR,DAYLIGHT,SIDESWIPE SAME DIRECTION,NOT DIVIDED,STRAIGHT AND LEVEL,DRY,NO DEFECTS,N,DISREGARDING TRAFFIC SIGNALS,BEAT_115,2,11,0,3,42.102283,-87.444533
2026-11-25 22:35:00,35,RAIN,DAYLIGHT,TURNING,ONE-WAY,STRAIGHT AND LEVEL,SNOW OR SLUSH,NO DEFECTS,N,PHYSICAL CONDITION OF DRIVER,BEAT_112,2,11,1,3,42.054613,-87.486738
2026-11-25 23:50:00,45,CLEAR,DAYLIGHT,TURNING,ONE-WAY,"CURVE, LEVEL",DRY,NO DEFECTS,N,FAILING TO YIELD RIGHT-OF-WAY,BEAT_117,2,11,0,3,42.133401,-87.427084
2026-11-26 00:45:00,35,SNOW,DAYLIGHT,ANGLE,NOT DIVIDED,STRAIGHT AND LEVEL,WET,NO DEFECTS,Y,FOLLOWING TOO CLOSELY,BEAT_118,2,11,0,4,42.148239,-87.418737
2026-11-26 01:00:00,20,RAIN,DAYLIGHT,REAR END,NOT DIVIDED,STRAIGHT AND LEVEL,WET,WORN SURFACE,Y,PHYSICAL CONDITION OF DRIVER,BEAT_112,2,11,2,4,42.062551,-87.483798
2026-11-26 01:45:00,25,CLEAR,"DARKNESS, LIGHTED ROAD",REAR END,NOT DIVIDED,"CURVE, LEVEL",WET,WORN SURFACE,Y,WEATHER,BEAT_104,2,11,0,4,41.937181,-87.581354
2026-11-26 03:32:00,30,RAIN,DAYLIGHT,SIDESWIPE SAME DIRECTION,FOUR WAY INTERSECTION,STRAIGHT AND LEVEL,WET,NO DEFECTS,Y,FOLLOWING TOO CLOSELY,BEAT_108,2,11,0,4,41.99967,-87.536202
2026-11-26 06:57:00,20,CLEAR,"DARKNESS, LIGHTED ROAD",REAR END,NOT DIVIDED,"CURVE, LEVEL",SNOW OR SLUSH,"RUT, HOLES",Y,FOLLOWING TOO CLOSELY,BEAT_115,1,11,0,4,42.104393,-87.451706
2026-11-26 08:21:00,25,CLEAR,DAYLIGHT,TURNING,FOUR WAY INTERSECTION,"CURVE, LEVEL",DRY,NO DEFECTS,Y,WEATHER,BEAT_106,2,11,0,4,41.961605,-87.562629
2026-11-26 09:58:00,35,CLEAR,DUSK,SIDESWIPE SAME DIRECTION,ONE-WAY,STRAIGHT AND LEVEL,DRY,NO DEFECTS,N,PHYSICAL CONDITION OF DRIVER,BEAT_109,2,11,0,4,42.009781,-87.523199
2026-11-26 10:30:00,35,FOG/SMOKE/HAZE,"DARKNESS, LIGHTED ROAD",REAR END,ONE-WAY,"CURVE, LEVEL",WET,NO DEFECTS,N,IMPROPER OVERTAKING/PASSING,BEAT_103,2,11,0,4,41.924263,-87.588569
2026-11-26 19:26:00,25,SNOW,DAYLIGHT,FIXED OBJECT,ONE-WAY,STRAIGHT AND LEVEL,SNOW OR SLUSH,NO DEFECTS,N,FAILING TO YIELD RIGHT-OF-WAY,BEAT_103,2,11,0,4,41.925844,-87.598284
2026-11-27 00:14:00,35,CLEAR,DAYLIGHT,REAR END,DIVIDED - W/MEDIAN,STRAIGHT AND LEVEL,DRY,NO DEFECTS,Y,DRIVING SKILLS/KNOWLEDGE/EXPERIENCE,BEAT_116,2,11,0,5,42.117268,-87.437485
2026-11-27 00:45:00,25,CLEAR,DAWN,SIDESWIPE SAME DIRECTION,ALLEY,STRAIGHT AND LEVEL,SNOW OR SLUSH,NO DEFECTS,N,PHYSICAL CONDITION OF DRIVER,BEAT_111,2,11,0,5,42.045204,-87.495631
2026-11-27 01:24:00,25,CLEAR,DARKNESS,SIDESWIPE SAME DIRECTION,DIVIDED - W/MEDIAN,STRAIGHT AND LEVEL,WET,NO DEFECTS,N,FOLLOWING TOO CLOSELY,BEAT_108,2,11,0,5,41.998991,-87.533233
2026-11-27 02:08:00,30,CLEAR,DAYLIGHT,PARKED MOTOR VEHICLE,DIVIDED - W/MEDIAN,STRAIGHT AND LEVEL,DRY,NO DEFECTS,Y,DRIVING SKILLS/KNOWLEDGE/EXPERIENCE,BEAT_111,2,11,2,5,42.042644,-87.505817
2026-11-27 06:58:00,25,CLEAR,DAYLIGHT,SIDESWIPE SAME DIRECTION,ONE-WAY,STRAIGHT AND LEVEL,DRY,NO DEFECTS,Y,FAILING TO YIELD RIGHT-OF-WAY,BEAT_120,2,11,0,5,42.17499,-87.392317
2026-11-27 12:00:00,35,CLEAR,DARKNESS,TURNING,ONE-WAY,STRAIGHT AND LEVEL,DRY,"RUT, HOLES",Y,DRIVING SKILLS/KNOWLEDGE/EXPERIENCE,BEAT_102,2,11,0,5,41.91008,-87.609492
2026-11-27 13:37:00,25,CLEAR,DAYLIGHT,ANGLE,FOUR WAY INTERSECTION,STRAIGHT ON GRADE,DRY,NO DEFECTS,N,FAILING TO YIELD RIGHT-OF-WAY,BEAT_112,2,11,0,5,42.055161,-87.486989
2026-11-27 14:09:00,40,SEVERE RAIN,DAYLIGHT,TURNING,DIVIDED - W/MEDIAN,"CURVE, LEVEL",WET,NO DEFECTS,N,FAILING TO YIELD RIGHT-OF-WAY,BEAT_111,1,11,0,5,42.044253,-87.495378
2026-11-27 17:22:00,30,RAIN,"DARKNESS, LIGHTED ROAD",REAR END,DIVIDED - W/MEDIAN,STRAIGHT AND LEVEL,ICE,"RUT, HOLES",N,FOLLOWING TOO CLOSELY,BEAT_111,2,11,0,5,42.039867,-87.496771
2026-11-27 17:57:00,25,CLEAR,"DARKNESS, LIGHTED ROAD",REAR END,ONE-WAY,STRAIGHT AND LEVEL,DRY,NO DEFECTS,Y,WEATHER,BEAT_111,2,11,0,5,42.036785,-87.496356
2026-11-27 20:03:00,25,CLEAR,DAYLIGHT,ANGLE,FOUR WAY INTERSECTION,STRAIGHT AND LEVEL,DRY,NO DEFECTS,Y,WEATHER,BEAT_120,2,11,0,5,42.177874,-87.386762
2026-11-27 22:29:00,25,CLEAR,DARKNESS,REAR END,NOT DIVIDED,STRAIGHT AND LEVEL,DRY,WORN SURFACE,N,DRIVING SKILLS/KNOWLEDGE/EXPERIENCE,BEAT_116,1,11,0,5,42.118761,-87.442216
2026-11-28 03:05:00,25,CLEAR,DAYLIGHT,TURNING,DIVIDED - W/MEDIAN,STRAIGHT AND LEVEL,DRY,NO DEFECTS,N,FAILING TO YIELD RIGHT-OF-WAY,BEAT_114,2,11,1,6,42.086464,-87.458466
2026-11-28 04:33:00,30,RAIN,DAWN,TURNING,NOT DIVIDED,STRAIGHT AND LEVEL,SNOW OR SLUSH,NO DEFECTS,N,FAILING TO YIELD RIGHT-OF-WAY,BEAT_107,2,11,0,6,41.985405,-87.547673
2026-11-28 06:14:00,25,CLEAR,DAYLIGHT,PARKED MOTOR VEHICLE,T-INTERSECTION,STRAIGHT AND LEVEL,"SAND, MUD, DIRT",NO DEFECTS,Y,DRIVING SKILLS/KNOWLEDGE/EXPERIENCE,BEAT_102,2,11,0,6,41.905592,-87.603876
2026-11-28 09:11:00,25,RAIN,"DARKNESS, LIGHTED ROAD",TURNING,NOT DIVIDED,STRAIGHT AND LEVEL,WET,NO DEFECTS,Y,FAILING TO YIELD RIGHT-OF-WAY,BEAT_107,2,11,0,6,41.983081,-87.544829
2026-11-28 15:41:00,25,RAIN,"DARKNESS, LIGHTED ROAD",PEDESTRIAN,DIVIDED - W/MEDIAN,STRAIGHT AND LEVEL,WET,NO DEFECTS,Y,DRIVING SKILLS/KNOWLEDGE/EXPERIENCE,BEAT_116,2,11,1,6,42.116389,-87.433
2026-11-28 17:11:00,40,CLEAR,"DARKNESS, LIGHTED ROAD",TURNING,FOUR WAY INTERSECTION,STRAIGHT AND LEVEL,DRY,NO DEFECTS,Y,FOLLOWING TOO CLOSELY,BEAT_107,4,11,0,6,41.982147,-87.543719
2026-11-28 18:20:00,30,CLEAR,DAYLIGHT,REAR END,DIVIDED - W/MEDIAN,STRAIGHT AND LEVEL,DRY,NO DEFECTS,Y,FOLLOWING TOO CLOSELY,BEAT_117,2,11,0,6,42.135465,-87.425849
2026-11-29 01:18:00,50,CLEAR,DAWN,REAR END,DIVIDED - W/MEDIAN,STRAIGHT AND LEVEL,DRY,WORN SURFACE,N,DRIVING SKILLS/KNOWLEDGE/EXPERIENCE,BEAT_114,2,11,0,7,42.088373,-87.463492
2026-11-29 05:28:00,30,CLEAR,DAYLIGHT,TURNING,NOT DIVIDED,STRAIGHT AND LEVEL,WET,NO DEFECTS,Y,DRIVING SKILLS/KNOWLEDGE/EXPERIENCE,BEAT_110,2,11,1,7,42.033731,-87.505185
2026-11-29 07:11:00,40,RAIN,"DARKNESS, LIGHTED ROAD",REAR END,T-INTERSECTION,STRAIGHT AND LEVEL,WET,NO DEFECTS,Y,FOLLOWING TOO CLOSELY,BEAT_109,3,11,2,7,42.014081,-87.524299
2026-11-29 07:56:00,25,SNOW,DAYLIGHT,ANGLE,DIVIDED - W/MEDIAN,CURVE ON GRADE,WET,NO DEFECTS,Y,WEATHER,BEAT_111,2,11,2,7,42.045255,-87.492548
2026-11-29 11:46:00,25,CLEAR,"DARKNESS, LIGHTED ROAD",ANGLE,NOT DIVIDED,STRAIGHT AND LEVEL,DRY,NO DEFECTS,N,DRIVING SKILLS/KNOWLEDGE/EXPERIENCE,BEAT_118,1,11,0,7,42.144722,-87.418262
2026-11-29 13:40:00,25,CLEAR,DAYLIGHT,PARKED MOTOR VEHICLE,ONE-WAY,STRAIGHT AND LEVEL,SNOW OR SLUSH,NO DEFECTS,N,IMPROPER OVERTAKING/PASSING,BEAT_116,2,11,0,7,42.121609,-87.435217
2026-11-29 21:07:00,35,RAIN,"DARKNESS, LIGHTED ROAD",REAR END,NOT DIVIDED,"CURVE, LEVEL",WET,"RUT, HOLES",Y,FAILING TO YIELD RIGHT-OF-WAY,BEAT_105,2,11,1,7,41.958032,-87.573843
2026-11-29 21:08:00,20,CLEAR,DAYLIGHT,ANGLE,ONE-WAY,STRAIGHT AND LEVEL,DRY,NO DEFECTS,N,FOLLOWING TOO CLOSELY,BEAT_110,2,11,0,7,42.027621,-87.509496
2026-11-29 21:20:00,25,CLEAR,DAYLIGHT,TURNING,DIVIDED - W/MEDIAN,STRAIGHT AND LEVEL,DRY,NO DEFECTS,N,FOLLOWING TOO CLOSELY,BEAT_104,2,11,0,7,41.939911,-87.581477
2026-11-29 21:28:00,30,CLEAR,DAYLIGHT,SIDESWIPE SAME DIRECTION,ALLEY,"CURVE, LEVEL",DRY,NO DEFECTS,Y,WEATHER,BEAT_106,2,11,0,7,41.96816,-87.558999
2026-11-30 00:05:00,30,CLEAR,DAYLIGHT,SIDESWIPE SAME DIRECTION,T-INTERSECTION,STRAIGHT AND LEVEL,WET,NO DEFECTS,N,FAILING TO YIELD RIGHT-OF-WAY,BEAT_107,2,11,0,1,41.983409,-87.548968
2026-11-30 03:03:00,25,CLEAR,DAYLIGHT,REAR END,FOUR WAY INTERSECTION,"CURVE, LEVEL",DRY,NO DEFECTS,Y,WEATHER,BEAT_106,2,11,0,1,41.972629,-87.556498
2026-11-30 03:25:00,25,CLEAR,DARKNESS,TURNING,NOT DIVIDED,STRAIGHT AND LEVEL,WET,WORN SURFACE,Y,FOLLOWING TOO CLOSELY,BEAT_115,2,11,0,1,42.106376,-87.454229
2026-11-30 07:05:00,25,CLEAR,DUSK,TURNING,NOT DIVIDED,STRAIGHT AND LEVEL,DRY,"RUT, HOLES",Y,FOLLOWING TOO CLOSELY,BEAT_109,1,11,0,1,42.007646,-87.516609
2026-11-30 07:52:00,25,CLEAR,DAYLIGHT,REAR END,DIVIDED - W/MEDIAN,CURVE ON GRADE,DRY,NO DEFECTS,N,FAILING TO YIELD RIGHT-OF-WAY,BEAT_105,2,11,0,1,41.953577,-87.574076
2026-11-30 08:03:00,30,SEVERE RAIN,"DARKNESS, LIGHTED ROAD",ANGLE,NOT DIVIDED,STRAIGHT AND LEVEL,WET,NO DEFECTS,Y,DRIVING SKILLS/KNOWLEDGE/EXPERIENCE,BEAT_104,2,11,1,1,41.934506,-87.585619
2026-11-30 08:04:00,30,CLEAR,DAYLIGHT,REAR END,T-INTERSECTION,CURVE ON GRADE,WET,NO DEFECTS,Y,PHYSICAL CONDITION OF DRIVER,BEAT_101,2,11,0,1,41.89355,-87.618444
2026-11-30 10:23:00,45,SNOW,DAYLIGHT,TURNING,NOT DIVIDED,STRAIGHT AND LEVEL,ICE,NO DEFECTS,Y,FAILING TO YIELD RIGHT-OF-WAY,BEAT_104,1,11,1,1,41.939667,-87.582856
2026-11-30 10:52:00,30,CLEAR,DAYLIGHT,TURNING,DIVIDED - W/MEDIAN,STRAIGHT AND LEVEL,ICE,NO DEFECTS,N,FAILING TO YIELD RIGHT-OF-WAY,BEAT_116,2,11,0,1,42.117458,-87.435289
2026-11-30 15:00:00,30,CLEAR,DAYLIGHT,REAR END,DIVIDED - W/MEDIAN,STRAIGHT AND LEVEL,DRY,NO DEFECTS,Y,DRIVING SKILLS/KNOWLEDGE/EXPERIENCE,BEAT_103,2,11,0,1,41.925466,-87.593011
2026-11-30 17:44:00,30,CLEAR,DAYLIGHT,REAR END,ONE-WAY,STRAIGHT ON GRADE,DRY,NO DEFECTS,N,WEATHER,BEAT_112,2,11,0,1,42.05809,-87.485732
2026-11-30 18:16:00,25,SNOW,DAYLIGHT,TURNING,ONE-WAY,STRAIGHT AND LEVEL,WET,NO DEFECTS,N,WEATHER,BEAT_120,2,11,0,1,42.184099,-87.387473
2026-11-30 19:39:00,20,CLEAR,DAYLIGHT,REAR END,NOT DIVIDED,STRAIGHT AND LEVEL,DRY,"RUT, HOLES",N,DISREGARDING TRAFFIC SIGNALS,BEAT_119,3,11,0,1,42.164012,-87.404721
2026-11-30 21:09:00,25,CLEAR,DAYLIGHT,ANGLE,DIVIDED - W/MEDIAN,STRAIGHT AND LEVEL,DRY,"RUT, HOLES",Y,WEATHER,BEAT_103,2,11,1,1,41.920939,-87.597177
2026-11-30 22:08:00,30,CLEAR,DAYLIGHT,ANGLE,NOT DIVIDED,STRAIGHT AND LEVEL,DRY,NO DEFECTS,N,DISREGARDING TRAFFIC SIGNALS,BEAT_112,2,11,0,1,42.057519,-87.488059
2026-11-30 23:29:00,40,RAIN,DAYLIGHT,SIDESWIPE SAME DIRECTION,DIVIDED - W/MEDIAN,STRAIGHT AND LEVEL,ICE,NO DEFECTS,N,DRIVING SKILLS/KNOWLEDGE/EXPERIENCE,BEAT_119,2,11,0,1,42.149704,-87.403334
2026-12-01 03:54:00,30,SNOW,DAYLIGHT,SIDESWIPE SAME DIRECTION,DIVIDED - W/MEDIAN,STRAIGHT AND LEVEL,WET,NO DEFECTS,Y,FOLLOWING TOO CLOSELY,BEAT_112,2,12,0,2,42.054927,-87.48393
2026-12-01 07:48:00,30,CLEAR,DAYLIGHT,TURNING,DIVIDED - W/MEDIAN,STRAIGHT AND LEVEL,DRY,NO DEFECTS,N,FAILING TO YIELD RIGHT-OF-WAY,BEAT_106,1,12,0,2,41.964996,-87.562566
2026-12-01 12:45:00,25,RAIN,DAYLIGHT,SIDESWIPE SAME DIRECTION,DIVIDED - W/MEDIAN,STRAIGHT AND LEVEL,WET,NO DEFECTS,Y,FAILING TO YIELD RIGHT-OF-WAY,BEAT_117,2,12,0,2,42.134728,-87.426893
2026-12-01 14:05:00,25,CLEAR,DAYLIGHT,REAR END,DIVIDED - W/MEDIAN,"CURVE, LEVEL",DRY,NO DEFECTS,N,WEATHER,BEAT_101,1,12,0,2,41.891781,-87.619142
2026-12-01 14:20:00,25,CLEAR,DAWN,TURNING,NOT DIVIDED,STRAIGHT AND LEVEL,DRY,WORN SURFACE,N,FOLLOWING TOO CLOSELY,BEAT_114,2,12,3,2,42.090906,-87.46297
2026-12-01 14:46:00,40,CLEAR,"DARKNESS, LIGHTED ROAD",ANGLE,ONE-WAY,STRAIGHT AND LEVEL,DRY,NO DEFECTS,Y,FOLLOWING TOO CLOSELY,BEAT_108,3,12,3,2,41.99799,-87.540725
2026-12-01 15:26:00,45,CLEAR,DARKNESS,REAR END,ONE-WAY,CURVE ON GRADE,WET,NO DEFECTS,N,FOLLOWING TOO CLOSELY,BEAT_108,1,12,0,2,41.997312,-87.536519
2026-12-01 17:47:00,30,RAIN,"DARKNESS, LIGHTED ROAD",SIDESWIPE SAME DIRECTION,NOT DIVIDED,STRAIGHT AND LEVEL,WET,NO DEFECTS,N,FOLLOWING TOO CLOSELY,BEAT_106,2,12,2,2,41.962457,-87.557052
2026-12-01 21:15:00,25,RAIN,DAYLIGHT,PARKED MOTOR VEHICLE,NOT DIVIDED,STRAIGHT ON GRADE,SNOW OR SLUSH,"RUT, HOLES",Y,FAILING TO YIELD RIGHT-OF-WAY,BEAT_110,2,12,0,2,42.031852,-87.506554
2026-12-01 21:29:00,30,CLEAR,DAYLIGHT,SIDESWIPE SAME DIRECTION,DIVIDED - W/MEDIAN,STRAIGHT AND LEVEL,DRY,NO DEFECTS,N,FAILING TO YIELD RIGHT-OF-WAY,BEAT_104,1,12,0,2,41.939277,-87.583327
2026-12-01 21:50:00,30,CLEAR,"DARKNESS, LIGHTED ROAD",PARKED MOTOR VEHICLE,DIVIDED - W/MEDIAN,STRAIGHT AND LEVEL,DRY,NO DEFECTS,Y,FAILING TO YIELD RIGHT-OF-WAY,BEAT_118,2,12,0,2,42.141194,-87.414258